City,Latitude,Longitude,Solar_Irradiance_kWh/m²/day,Wind_Speed_m/s,PV_Power_kW,Wind_Power_kW,System_Efficiency_%,Hydrogen_Production_kg/day,Feasibility_Score,Latitude_Band,Total_Renewable_Power_kW,PV_to_Wind_Ratio,Efficiency_Factor,H2_per_kW,Latitude_Abs
City 1,-11.31,120.29,7.03,8.27,1237.97,11209.71,79.92,194.31,4.15,Equatorial,12447.679999999998,0.11042743947528748,155.292552,0.015610137792745317,11.31
City 2,63.59,86.57,2.73,8.65,483.71,11958.74,70.55,161.78,3.49,Polar,12442.449999999999,0.04044485916917926,114.13579,0.01300226241616402,63.59
City 3,35.16,-128.57,4.11,9.57,711.12,17112.71,74.91,262.47,4.11,Subtropical,17823.829999999998,0.04155264989298054,196.616277,0.014725791258107829,35.16
City 4,17.83,91.23,5.74,3.41,1022.77,731.67,70.91,24.69,2.42,Tropical,1754.44,1.3959490630160918,17.507679,0.014072866555710084,17.83
City 5,-39.72,96.81,4.23,9.71,744.41,16869.46,71.6,243.03,4.1,Subtropical,17613.87,0.04412505645963418,174.00948,0.013797649238923645,39.72
City 6,-39.72,57.07,4.46,6.68,774.84,5929.75,73.83,90.15,3.18,Subtropical,6704.59,0.1306478944484256,66.55774500000001,0.01344601235869755,39.72
City 7,-52.45,95.8,2.65,6.69,464.42,5393.29,71.56,82.95,2.89,Temperate,5857.71,0.08609474092049185,59.35902,0.014160823939730715,52.45
City 8,52.6,124.53,3.61,9.96,635.24,19694.96,79.64,317.09,4.26,Temperate,20330.2,0.03225229945633521,252.530476,0.015596993635084749,52.6
City 9,18.14,40.9,4.38,1.0,751.45,18.3,79.47,11.93,1.69,Tropical,769.75,38.93523316062176,9.480770999999999,0.015498538486521598,18.14
City 10,32.05,-148.1,4.44,2.83,772.96,443.94,73.36,16.13,2.1,Subtropical,1216.9,1.7372229963590597,11.832968,0.013254992193278,32.05
City 11,-57.32,-4.45,2.74,9.29,475.76,14867.84,76.4,229.73,3.81,Temperate,15343.6,0.031997116116657384,175.51372,0.014972366328632133,57.32
City 12,66.09,-152.05,2.69,10.81,468.17,23656.24,75.34,332.16,4.33,Polar,24124.41,0.019789713423882076,250.249344,0.013768626880408683,66.09
City 13,48.22,-33.28,3.64,7.9,645.81,9083.12,78.16,140.25,3.48,Temperate,9728.93,0.07109219164872325,109.61939999999998,0.014415768229394188,48.22
City 14,-32.4,-33.44,4.03,3.29,704.46,683.33,76.27,20.28,2.19,Subtropical,1387.79,1.0294156328087327,15.467556,0.014613161933721962,32.4
City 15,-36.36,-156.24,3.96,5.59,710.82,3268.5,70.0,51.62,2.74,Subtropical,3979.32,0.21740938981495644,36.13399999999999,0.012972065579043655,36.36
City 16,-36.16,-54.42,4.57,8.59,790.03,12258.58,77.63,195.74,3.86,Subtropical,13048.61,0.06444184874196343,151.952962,0.015000831506191081,36.16
City 17,-20.45,-140.04,5.53,7.5,962.93,7604.84,77.47,127.54,3.63,Tropical,8567.77,0.1266040305870226,98.805238,0.01488602051642376,20.45
City 18,8.22,110.96,6.14,4.78,1091.26,1981.52,75.1,42.04,2.88,Equatorial,3072.7799999999997,0.5504408530557069,31.572039999999998,0.013681422034769818,8.22
City 19,-3.85,161.17,6.49,7.28,1138.79,7012.56,79.03,124.41,3.72,Equatorial,8151.35,0.16236975230838546,98.32122299999999,0.015262502530255724,3.85
City 20,-22.14,-153.97,5.8,7.21,1017.42,7053.28,79.08,126.68,3.61,Tropical,8070.7,0.14422733432752882,100.178544,0.01569628408936028,22.14
City 21,19.54,163.84,5.37,4.09,916.33,1338.54,75.24,31.08,2.59,Tropical,2254.87,0.6840631858697762,23.384591999999998,0.013783499713952468,19.54
City 22,-41.87,8.13,4.03,7.49,700.35,8294.27,76.08,131.35,3.4,Subtropical,8994.62,0.08442763165032603,99.93108000000001,0.014603173897285264,41.87
City 23,-22.02,-72.16,6.54,2.69,1130.11,361.89,79.97,22.29,2.44,Tropical,1492.0,3.1141943839731048,17.825312999999998,0.014939678284182306,22.02
City 24,-12.37,-152.33,5.42,4.97,975.93,2346.44,72.99,45.88,2.81,Equatorial,3322.37,0.41574225539310905,33.487812,0.013809419179681976,12.37
City 25,-0.71,0.22,6.02,6.85,1042.71,6283.17,73.25,99.67,3.45,Equatorial,7325.88,0.16592644692934788,73.008275,0.013605191458227544,0.71
City 26,42.07,106.03,4.45,9.92,795.27,18138.16,71.83,254.42,4.2,Subtropical,18933.43,0.04384271377505904,182.74988599999998,0.013437607448835208,42.07
City 27,-34.04,74.55,4.28,10.91,756.14,24432.07,78.96,359.14,4.65,Subtropical,25188.21,0.03094740038808058,283.57694399999997,0.014258258129497887,34.04
City 28,6.85,-161.92,6.36,3.93,1103.12,1154.27,77.44,34.9,2.72,Equatorial,2257.39,0.9548590372813281,27.02656,0.015460332507896288,6.85
City 29,17.01,-153.76,5.42,9.07,950.59,13616.69,71.06,199.25,4.04,Tropical,14567.28,0.06980552501929475,141.58705,0.013677913790357567,17.01
City 30,-53.96,-34.97,3.09,8.91,551.77,12781.42,79.82,202.22,3.76,Temperate,13333.19,0.04316631748917654,161.41200399999997,0.015166663041627696,53.96
City 31,18.98,-73.7,6.47,9.58,1157.16,16079.74,77.31,250.09,4.46,Tropical,17236.9,0.07195937500388665,193.344579,0.01450898943545533,18.98
City 32,-37.83,-96.34,4.75,7.73,815.6,8888.07,78.51,145.34,3.61,Subtropical,9703.67,0.09175313052996546,114.10643400000001,0.014977838281804719,37.83
City 33,-51.54,-78.84,3.82,10.92,662.91,23646.43,70.48,321.43,4.45,Temperate,24309.34,0.028033067441155336,226.54386400000004,0.013222489791989417,51.54
City 34,63.36,109.25,1.86,14.02,321.92,50685.2,75.05,716.61,5.57,Polar,51007.119999999995,0.0063512356420485265,537.815805,0.014049215089971754,63.36
City 35,65.53,154.52,1.84,10.07,313.09,19068.65,76.99,282.43,3.96,Polar,19381.74,0.016418235258643967,217.442857,0.014571963095160703,65.53
City 36,45.09,-34.16,2.42,9.06,426.59,13480.29,75.43,194.61,3.65,Temperate,13906.880000000001,0.03164311427170545,146.79432300000002,0.013993793000299133,45.09
City 37,-20.4,146.2,5.17,9.26,922.61,14607.15,76.67,218.6,4.14,Tropical,15529.76,0.06315721018746386,167.60062000000002,0.014076199503405074,20.4
City 38,-47.3,-64.26,4.17,8.4,724.32,11739.48,78.18,186.24,3.75,Temperate,12463.8,0.06169424078061545,145.60243200000002,0.014942473402975017,47.3
City 39,28.95,-8.48,5.23,3.59,928.15,836.57,73.74,25.62,2.42,Tropical,1764.72,1.1081461847964946,18.892187999999997,0.014517883856929144,28.95
City 40,-2.78,-98.63,6.69,9.64,1180.11,17271.87,78.49,265.11,4.54,Equatorial,18451.98,0.06832159334262343,208.084839,0.014367563806160642,2.78
City 41,-44.14,50.57,3.9,7.24,677.55,7120.15,71.63,100.9,3.23,Subtropical,7797.7,0.09514614914725851,72.27467,0.0129397129922926,44.14
City 42,4.37,172.43,6.35,4.83,1088.36,2185.48,72.71,44.02,2.91,Equatorial,3273.84,0.49776810215506195,32.006942,0.013445983921022408,4.37
City 43,-55.53,37.26,3.22,12.44,569.41,36945.46,70.43,527.39,5.04,Temperate,37514.87,0.01541176069371734,371.440777,0.014058158804761951,55.53
City 44,58.21,-51.19,3.31,8.3,590.65,10547.49,73.64,161.24,3.52,Temperate,11138.14,0.055993796268470654,118.737136,0.014476384746465749,58.21
City 45,-26.36,53.21,4.35,4.12,768.8,1373.5,73.8,30.34,2.43,Tropical,2142.3,0.5593306656966169,22.39092,0.014162348877374782,26.36
City 46,26.13,-135.75,5.32,7.25,905.5,7225.76,78.05,126.04,3.54,Tropical,8131.26,0.125298197255755,98.37422000000001,0.015500672712470147,26.13
City 47,-19.48,139.92,6.1,1.47,1050.67,61.78,76.53,16.08,2.03,Tropical,1112.45,16.73574386747372,12.306024,0.014454582228414758,19.48
City 48,7.61,1.11,6.26,4.04,1068.52,1241.48,74.37,34.3,2.7,Equatorial,2310.0,0.8599896980233082,25.50891,0.014848484848484847,7.61
City 49,11.07,-18.23,6.58,5.72,1155.3,3736.92,76.52,69.6,3.24,Equatorial,4892.22,0.3090756356476329,53.25791999999999,0.014226670100690482,11.07
City 50,-35.97,30.91,5.89,6.92,1045.77,6481.02,70.53,98.1,3.42,Subtropical,7526.790000000001,0.1613339668806946,69.18992999999999,0.013033444536116988,35.97
City 51,66.05,44.92,2.32,6.75,397.75,6119.03,71.8,90.2,2.87,Polar,6516.78,0.0649915114795189,64.7636,0.013841191508689876,66.05
City 52,40.77,-154.16,4.34,12.06,774.71,33395.24,76.27,488.81,5.11,Subtropical,34169.95,0.023197521637166343,372.815387,0.0143052594457996,40.77
City 53,62.13,65.74,2.28,10.47,400.53,21761.03,76.41,326.03,4.18,Polar,22161.559999999998,0.018404992548948788,249.11952299999996,0.014711509478574613,62.13
City 54,56.33,-92.9,3.15,13.21,556.83,44983.02,77.74,658.85,5.49,Temperate,45539.85,0.01237839570585288,512.18999,0.014467548751258514,56.33
City 55,17.73,77.02,5.99,5.12,1076.35,2656.28,74.03,53.15,2.95,Tropical,3732.63,0.4050570508188824,39.346945,0.014239289723331805,17.73
City 56,59.84,116.11,2.91,7.78,496.86,9400.15,77.23,141.79,3.34,Temperate,9897.01,0.05285098099700569,109.50441699999999,0.014326549129484561,59.84
City 57,-48.5,109.43,3.1,9.52,554.12,16103.41,76.84,231.7,3.93,Temperate,16657.53,0.03440796651352021,178.03828000000001,0.013909625256565649,48.5
City 58,-34.52,18.9,4.69,6.91,802.64,6473.69,79.63,114.87,3.36,Subtropical,7276.33,0.12396578060107898,91.470981,0.015786804611665498,34.52
City 59,-54.12,7.26,3.94,6.47,685.75,4983.77,72.15,80.86,3.02,Temperate,5669.52,0.13756903528146733,58.34049,0.014262230312266293,54.12
City 60,-17.71,-128.56,5.98,9.45,1068.38,16086.48,75.52,258.34,4.35,Tropical,17154.86,0.06641064977236957,195.09836799999997,0.015059289320927129,17.71
City 61,-9.47,99.12,6.82,3.39,1220.84,716.22,76.02,28.62,2.62,Equatorial,1937.06,1.7021834304676389,21.756923999999998,0.014774968250854389,9.47
City 62,-24.72,-82.29,5.15,1.87,901.71,122.6,79.99,15.87,2.03,Tropical,1024.31,7.295388349514564,12.694412999999999,0.01549335650340229,24.72
City 63,47.74,-1.19,4.03,12.09,709.65,35135.72,72.01,493.49,5.04,Temperate,35845.37,0.020196819737300465,355.36214900000004,0.013767189458499102,47.74
City 64,-13.62,-77.66,6.19,4.1,1095.44,1262.06,75.23,32.37,2.71,Equatorial,2357.5,0.8672905483508306,24.351951,0.013730646871686108,13.62
City 65,-23.48,-131.82,4.88,4.83,870.43,2168.43,73.46,41.03,2.7,Tropical,3038.8599999999997,0.401225206621094,30.140638,0.013501773691450085,23.48
City 66,10.55,46.64,6.42,1.0,1099.33,19.19,75.26,15.64,1.94,Equatorial,1118.52,54.44923229321446,11.770664000000002,0.013982762936737832,10.55
City 67,-41.68,-160.44,3.59,12.52,638.77,35802.08,72.32,521.3,5.12,Subtropical,36440.85,0.017841202488724433,377.0041599999999,0.014305374325790973,41.68
City 68,44.29,89.51,3.58,5.2,626.45,2629.97,70.48,42.1,2.58,Subtropical,3256.42,0.23810609775101962,29.67208,0.012928307773567292,44.29
City 69,-50.31,-65.67,3.57,9.18,623.52,14781.57,75.73,231.51,3.9,Temperate,15405.09,0.04217940452844127,175.322523,0.015028149786856161,50.31
City 70,68.3,-179.95,2.37,13.11,412.59,41412.14,73.36,584.36,5.2,Polar,41824.729999999996,0.009962779929268827,428.68649600000003,0.013971638310635838,68.3
City 71,40.39,4.01,3.58,9.09,626.47,14739.18,71.82,214.43,3.82,Subtropical,15365.65,0.042500837845942184,154.003626,0.013955153215125948,40.39
City 72,-34.17,-163.13,5.14,7.27,921.53,7655.7,73.24,114.46,3.45,Subtropical,8577.23,0.12035602805386132,83.83050399999998,0.013344634573166396,34.17
City 73,-59.28,-80.58,3.14,5.67,550.36,3366.61,70.49,51.19,2.65,Temperate,3916.9700000000003,0.16342747527178028,36.083830999999996,0.01306877509911998,59.28
City 74,46.01,74.51,3.43,6.58,615.24,5226.62,79.5,92.51,3.06,Temperate,5841.86,0.11769026822913678,73.54545,0.01583570985953104,46.01
City 75,31.89,-157.43,4.0,7.66,687.01,8494.63,75.81,129.0,3.43,Subtropical,9181.64,0.08086628066429448,97.7949,0.014049777599644509,31.89
City 76,34.77,122.16,4.49,5.51,796.45,3259.8,78.15,58.94,2.89,Subtropical,4056.25,0.24424987733071638,46.06161,0.014530662557781201,34.77
City 77,40.27,-178.62,3.96,8.53,705.09,11541.18,74.23,167.22,3.69,Subtropical,12246.27,0.06108811333734182,124.12740600000001,0.013654769983023401,40.27
City 78,-50.37,-91.14,3.53,10.74,624.14,22359.36,79.03,331.65,4.46,Temperate,22983.5,0.02791278852397725,262.10299499999996,0.01442991711445167,50.37
City 79,-13.4,86.73,5.88,7.75,1035.37,8869.53,74.83,136.88,3.72,Equatorial,9904.900000000001,0.11672019597476135,102.42730399999999,0.01381942270997183,13.4
City 80,-44.94,-66.14,2.85,5.43,500.72,3185.09,75.74,53.84,2.6,Subtropical,3685.8100000000004,0.15715814681945584,40.778416,0.0146073725992387,44.94
City 81,52.2,-143.32,3.15,14.71,562.9,59808.96,74.92,855.32,6.12,Temperate,60371.86,0.009411475948153118,640.805744,0.014167527719039964,52.2
City 82,21.03,-50.32,5.38,8.02,957.95,9724.47,77.33,157.85,3.78,Tropical,10682.42,0.0984990956735253,122.065405,0.014776614287773743,21.03
City 83,-16.98,-82.66,6.13,5.69,1049.25,3680.77,75.67,65.3,3.15,Tropical,4730.02,0.28498521091757495,49.412510000000005,0.013805438454805686,16.98
City 84,-51.74,123.38,3.03,11.9,540.68,32654.0,72.72,473.2,4.82,Temperate,33194.68,0.016557341907824222,344.11104,0.014255296330616833,51.74
City 85,-19.57,-67.19,6.47,11.87,1126.56,32515.74,71.46,470.4,5.29,Tropical,33642.3,0.0346455394975019,336.1478399999999,0.01398239716071731,19.57
City 86,-17.73,104.02,4.8,2.18,828.76,197.01,76.06,14.08,2.01,Tropical,1025.77,4.185445179536387,10.709248,0.013726273921054428,17.73
City 87,34.85,141.07,5.22,6.92,932.12,6615.59,74.89,106.08,3.38,Subtropical,7547.71,0.1408761915125465,79.44331199999999,0.014054594042431413,34.85
City 88,22.88,-23.83,5.29,1.0,921.47,19.38,70.96,12.11,1.73,Tropical,940.85,45.214425907752705,8.593255999999998,0.012871339745974384,22.88
City 89,55.34,147.58,3.56,10.02,633.29,19881.6,73.96,297.13,4.18,Temperate,20514.89,0.03185146811785179,219.75734799999998,0.014483626283153358,55.34
City 90,1.39,-44.17,6.94,5.05,1198.55,2501.7,75.15,54.15,3.09,Equatorial,3700.25,0.47890278499220845,40.693725,0.014634146341463414,1.39
City 91,-44.45,167.07,4.46,8.35,758.05,11324.53,78.27,187.28,3.78,Subtropical,12082.58,0.06693284994168043,146.584056,0.015500000827637805,44.45
City 92,32.72,-147.86,4.52,5.64,790.06,3326.16,70.76,53.81,2.84,Subtropical,4116.219999999999,0.2374577717933613,38.075956000000005,0.01307267347226339,32.72
City 93,38.9,67.33,3.73,2.77,637.42,393.94,73.48,14.33,1.98,Subtropical,1031.36,1.6139666784828075,10.529684,0.013894275519702142,38.9
City 94,12.97,-2.23,6.8,6.23,1207.76,4732.13,78.23,85.35,3.44,Equatorial,5939.89,0.2551715249739601,66.76930499999999,0.014368952960408356,12.97
City 95,40.23,-40.45,4.13,11.66,713.06,29483.86,76.48,432.87,4.9,Subtropical,30196.920000000002,0.024183937112131446,331.05897600000003,0.014334905679122241,40.23
City 96,4.19,47.78,6.82,2.94,1189.18,486.91,72.9,23.27,2.47,Equatorial,1676.0900000000001,2.437293763194032,16.96383,0.013883502675870626,4.19
City 97,7.96,73.39,7.06,5.9,1206.43,3790.9,78.45,70.99,3.37,Equatorial,4997.33,0.31815976159708853,55.691655,0.014205585782808018,7.96
City 98,-4.42,-178.43,6.17,1.0,1067.39,19.63,74.93,15.83,1.9,Equatorial,1087.0200000000002,51.73969946679593,11.861419000000001,0.014562749535427128,4.42
City 99,-56.7,-119.9,3.33,10.81,591.96,23033.54,74.98,338.12,4.42,Temperate,23625.5,0.02569879841316562,253.522376,0.01431165477979302,56.7
City 100,-45.97,76.7,3.49,7.61,598.05,8677.41,79.77,145.44,3.41,Temperate,9275.46,0.06891239293833779,116.017488,0.015680084869106225,45.97
City 101,-55.91,59.9,3.02,7.69,532.93,8718.06,79.47,136.33,3.35,Temperate,9250.99,0.061122414572213055,108.34145100000002,0.014736801142364224,55.91
City 102,22.73,167.78,5.44,4.37,975.57,1535.91,73.59,36.6,2.66,Tropical,2511.48,0.6347606561216987,26.933940000000003,0.014573080414735535,22.73
City 103,-19.13,93.97,4.91,4.93,868.17,2285.8,71.41,45.04,2.71,Tropical,3153.9700000000003,0.3796440440790624,32.163064,0.014280414842246437,19.13
City 104,6.11,162.28,6.18,5.57,1101.18,3203.88,73.26,62.57,3.1,Equatorial,4305.06,0.3435947679788323,45.838782,0.01453405992018694,6.11
City 105,57.98,72.91,3.62,6.52,618.78,5163.47,70.3,79.5,2.97,Temperate,5782.25,0.11981481158763628,55.88849999999999,0.013748973150590168,57.98
City 106,-27.59,-72.7,5.51,5.77,950.8,3586.16,70.21,62.51,3.02,Tropical,4536.96,0.26505647922033027,43.888270999999996,0.013777948229651572,27.59
City 107,-6.65,-142.07,6.5,4.56,1163.71,1720.26,73.96,40.84,2.87,Equatorial,2883.9700000000003,0.6760803132588917,30.205264000000003,0.014161034962222215,6.65
City 108,38.22,101.46,4.45,5.07,787.62,2609.86,79.41,49.59,2.77,Subtropical,3397.48,0.30167071386439714,39.379419000000006,0.014596112412729435,38.22
City 109,-30.26,51.89,4.73,11.52,835.22,27595.74,78.71,433.13,4.97,Subtropical,28430.960000000003,0.03026516900184587,340.91662299999996,0.015234448643309967,30.26
City 110,-49.99,-162.65,4.18,6.87,738.14,6253.74,75.11,102.02,3.21,Temperate,6991.88,0.11801289901738522,76.62722199999999,0.014591211519648506,49.99
City 111,-22.33,-50.38,5.34,4.56,929.32,1776.72,75.65,40.88,2.72,Tropical,2706.04,0.5227594896834147,30.925720000000005,0.0151069459431494,22.33
City 112,-39.04,164.45,4.38,5.46,747.07,3137.35,70.06,51.93,2.77,Subtropical,3884.42,0.23804546975321428,36.382158,0.013368791222370393,39.04
City 113,60.86,0.14,3.31,14.58,589.16,58023.93,72.16,784.21,5.98,Polar,58613.090000000004,0.010153566751394616,565.885936,0.013379434525632413,60.86
City 114,45.06,-24.22,3.46,9.89,611.23,18703.7,70.25,262.78,4.05,Temperate,19314.93,0.032677883098900275,184.60295,0.013605019536700364,45.06
City 115,22.34,-15.23,6.22,3.89,1086.01,1147.85,77.55,34.57,2.69,Tropical,2233.8599999999997,0.9453018235626932,26.809034999999998,0.015475455041945335,22.34
City 116,53.29,-104.8,2.5,12.09,448.3,34288.58,71.46,455.59,4.76,Temperate,34736.880000000005,0.013073942579640813,325.56461399999995,0.013115455389200179,53.29
City 117,44.48,-47.27,4.7,8.95,815.04,13065.65,78.69,203.73,3.99,Subtropical,13880.689999999999,0.062375589764782864,160.315137,0.014677224259024587,44.48
City 118,-35.75,-46.87,4.31,8.22,745.64,10718.2,76.43,167.22,3.68,Subtropical,11463.84,0.06956116128069258,127.80624600000002,0.01458673533475694,35.75
City 119,56.03,-161.15,2.96,8.74,528.38,12399.98,72.29,171.42,3.58,Temperate,12928.359999999999,0.04260792292222067,123.91951800000001,0.013259222360763469,56.03
City 120,10.11,96.32,5.35,3.14,951.6,557.93,71.58,19.5,2.29,Equatorial,1509.53,1.702538779453599,13.9581,0.01291792809682484,10.11
City 121,44.97,-30.06,3.62,9.34,634.9,15347.65,76.28,227.65,3.95,Subtropical,15982.55,0.04136520149980617,173.65142,0.014243659491132517,44.97
City 122,56.49,115.98,2.53,8.29,432.67,10735.28,79.01,174.1,3.48,Temperate,11167.95,0.04029980589179865,137.55641,0.015589253175381335,56.49
City 123,-18.66,126.13,5.39,10.41,927.89,21346.79,77.18,310.96,4.6,Tropical,22274.68,0.04346538915737882,239.998928,0.013960245444603468,18.66
City 124,-45.69,-103.68,3.73,5.4,659.07,3049.7,73.49,51.4,2.69,Temperate,3708.77,0.216038941882191,37.77385999999999,0.013859042216152525,45.69
City 125,-30.37,56.65,5.35,10.88,930.64,23959.69,75.87,368.72,4.78,Subtropical,24890.329999999998,0.0388402838148651,279.74786400000005,0.014813785112531655,30.37
City 126,-4.48,-9.98,6.79,4.17,1211.18,1350.26,73.11,37.28,2.8,Equatorial,2561.44,0.8963337921643504,27.255408000000003,0.01455431319882566,4.48
City 127,46.34,136.86,3.91,9.38,701.83,14964.35,79.99,250.27,4.07,Temperate,15666.18,0.04689699873374161,200.190973,0.015975177101246123,46.34
City 128,51.89,-102.33,2.82,11.27,502.05,27749.78,77.49,412.53,4.6,Temperate,28251.829999999998,0.0180913833773321,319.669497,0.014601885966325013,51.89
City 129,-59.1,64.01,2.42,8.33,421.04,11076.53,76.14,174.22,3.44,Temperate,11497.570000000002,0.03800847300797199,132.651108,0.0151527670629533,59.1
City 130,6.4,38.79,7.45,6.8,1325.54,5880.39,74.23,96.66,3.65,Equatorial,7205.93,0.22537869449228837,71.75071799999999,0.013413952119990063,6.4
City 131,-5.74,-73.69,6.23,1.0,1081.14,19.41,76.18,16.34,1.93,Equatorial,1100.5500000000002,52.97109260166585,12.447812,0.014847121893598653,5.74
City 132,-31.13,-130.82,5.65,5.31,969.82,2860.13,73.42,54.23,2.95,Subtropical,3829.9500000000003,0.3389639757718104,39.81566599999999,0.014159453778769955,31.13
City 133,-44.42,54.59,3.77,6.13,642.03,4365.82,70.29,65.12,2.87,Subtropical,5007.849999999999,0.14702460829619723,45.772848,0.013003584372535123,44.42
City 134,-16.11,85.9,5.87,2.48,1021.14,289.18,73.95,18.43,2.22,Tropical,1310.32,3.5189882142118685,13.628985,0.014065266499786313,16.11
City 135,62.58,-66.37,3.15,9.72,564.8,17701.09,79.3,264.5,4.06,Polar,18265.89,0.03190583710736981,209.74849999999998,0.014480542694607272,62.58
City 136,-17.98,52.14,6.38,6.76,1099.35,5975.51,76.26,106.52,3.52,Tropical,7074.860000000001,0.1839451452436288,81.232152,0.015056128319146949,17.98
City 137,7.44,-37.75,6.42,6.5,1105.28,5104.15,70.84,82.33,3.37,Equatorial,6209.429999999999,0.21650294310647092,58.322572,0.013258865950658918,7.44
City 138,31.39,76.75,4.61,7.74,828.12,8481.57,78.85,141.32,3.59,Subtropical,9309.69,0.09762607323016492,111.43081999999998,0.015179882466548293,31.39
City 139,-12.73,-108.28,6.08,3.61,1035.3,860.55,72.69,25.24,2.53,Equatorial,1895.85,1.2016714061865243,18.346956,0.01331328955349843,12.73
City 140,66.33,140.48,2.53,11.56,449.23,29748.79,72.44,402.77,4.56,Polar,30198.02,0.015100274657400943,291.76658799999996,0.013337629420736855,66.33
City 141,65.12,-76.53,2.89,10.82,500.13,25029.94,72.97,372.29,4.39,Polar,25530.07,0.019980472167645324,271.660013,0.0145824120341229,65.12
City 142,-27.27,-47.6,5.09,9.07,867.78,14027.59,75.77,220.16,4.07,Tropical,14895.37,0.06185796291715703,166.815232,0.014780431771751892,27.27
City 143,4.64,-159.09,6.98,6.41,1251.47,4822.3,75.45,91.3,3.49,Equatorial,6073.77,0.259463437895217,68.88585,0.015031850070055334,4.64
City 144,-20.89,-139.86,6.36,6.16,1089.6,4571.72,74.91,78.85,3.31,Tropical,5661.32,0.23828268514144751,59.066534999999995,0.013927847215843654,20.89
City 145,-22.97,5.71,5.58,4.05,979.86,1310.16,77.18,32.39,2.63,Tropical,2290.02,0.747322981176973,24.998602,0.014143981275272706,22.97
City 146,-55.2,-83.67,3.29,7.89,568.58,9699.04,73.17,142.78,3.38,Temperate,10267.62,0.058616253128853074,104.472126,0.013905851599494331,55.2
City 147,19.24,120.77,4.89,4.55,835.09,1809.69,77.82,39.08,2.67,Tropical,2644.78,0.4611998740811514,30.412055999999996,0.014776276287630728,19.24
City 148,5.35,-174.71,5.31,3.75,905.39,1037.22,71.75,25.58,2.45,Equatorial,1942.6100000000001,0.8720598717034925,18.35365,0.013167851498756825,5.35
City 149,-53.31,-43.53,3.46,10.0,592.65,18035.71,77.83,282.22,4.18,Temperate,18628.36,0.03285798795900139,219.651826,0.015150018573830441,53.31
City 150,-23.78,-58.56,5.29,8.17,902.78,9916.77,76.64,155.25,3.79,Tropical,10819.550000000001,0.0910265109999526,118.98360000000001,0.014349025606425404,23.78
City 151,58.07,-173.04,2.68,9.68,475.52,16492.91,76.83,239.53,3.92,Temperate,16968.43,0.028830034843163325,184.03089899999998,0.014116214640953818,58.07
City 152,-28.86,-135.23,5.1,6.93,892.07,6453.79,74.82,102.57,3.36,Tropical,7345.86,0.13820279203506233,76.74287399999999,0.013962966895639176,28.86
City 153,-41.16,-31.09,4.09,8.47,709.04,11040.27,76.67,172.3,3.72,Subtropical,11749.310000000001,0.06421725037065482,132.10241000000002,0.01466469094780885,41.16
City 154,3.63,-2.57,7.31,3.07,1273.26,551.22,70.8,25.13,2.56,Equatorial,1824.48,2.3057114917967474,17.79204,0.01377378759975445,3.63
City 155,68.13,-34.46,2.27,8.5,407.64,11634.75,78.52,179.31,3.5,Polar,12042.39,0.03503340996497862,140.794212,0.014889901423222468,68.13
City 156,-28.53,11.14,4.63,2.46,829.13,278.8,70.56,14.89,2.0,Tropical,1107.93,2.9632952108649033,10.506384,0.01343947722329028,28.53
City 157,27.38,34.25,5.58,5.0,988.3,2467.44,71.49,45.15,2.83,Tropical,3455.74,0.40037432548492163,32.277735,0.013065219026894385,27.38
City 158,39.01,-176.43,4.16,9.08,744.13,13748.0,75.77,217.73,3.94,Subtropical,14492.13,0.054122481635028,164.974021,0.015024016483429282,39.01
City 159,-29.11,-12.93,5.23,5.15,905.08,2560.04,77.39,53.25,2.89,Tropical,3465.12,0.3534033049073814,41.210175,0.015367433162487879,29.11
City 160,34.67,166.86,4.33,6.87,753.39,6344.76,70.76,97.28,3.19,Subtropical,7098.150000000001,0.11872336804417437,68.835328,0.013704979466480702,34.67
City 161,-12.19,6.85,5.82,6.38,1025.46,4701.1,79.21,81.81,3.34,Equatorial,5726.56,0.21808553624976074,64.801701,0.01428606353552569,12.19
City 162,22.2,63.92,5.49,7.52,967.2,8232.6,79.74,139.92,3.67,Tropical,9199.800000000001,0.11746987951807229,111.57220799999999,0.015209026283180067,22.2
City 163,22.36,-67.73,5.44,3.54,951.23,868.77,76.06,26.66,2.46,Tropical,1820.0,1.0936569437897377,20.277596000000003,0.014648351648351649,22.36
City 164,9.65,98.64,6.56,7.46,1142.24,8239.42,74.81,140.3,3.75,Equatorial,9381.66,0.13861429393162,104.95843,0.014954709507699065,9.65
City 165,-48.26,98.25,3.49,11.64,627.23,31188.81,77.41,492.41,4.9,Temperate,31816.04,0.020110093649175806,381.17458100000005,0.015476784665847792,48.26
City 166,48.59,7.67,2.68,6.03,477.71,4095.43,73.28,66.07,2.72,Temperate,4573.139999999999,0.11661617554797712,48.416095999999996,0.014447403753219889,48.59
City 167,-18.3,171.36,5.5,3.77,959.4,1027.54,74.93,26.99,2.52,Tropical,1986.94,0.9327785015653256,20.223607,0.013583701571260329,18.3
City 168,-35.75,-134.8,4.89,10.55,867.61,21335.97,79.16,349.89,4.64,Subtropical,22203.58,0.04066228710074579,276.972924,0.01575826961237782,35.75
City 169,-54.7,-173.9,3.02,9.1,521.95,13965.76,79.56,221.59,3.83,Temperate,14487.710000000001,0.03737087198462636,176.29700400000002,0.015295032824373209,54.7
City 170,16.82,97.26,5.7,1.0,974.66,18.19,79.27,15.43,1.88,Tropical,992.85,50.789994788952576,12.231361,0.01554111900085612,16.82
City 171,28.08,110.58,5.53,3.31,959.13,675.09,72.62,22.33,2.38,Tropical,1634.22,1.418642488426097,16.216046,0.013664010965475884,28.08
City 172,-57.84,-136.73,2.59,9.16,451.6,15184.29,72.32,210.79,3.69,Temperate,15635.890000000001,0.029739306921369297,152.44332799999998,0.013481164167821594,57.84
City 173,6.57,-84.39,5.77,1.75,981.61,100.12,72.98,14.94,2.01,Equatorial,1081.73,9.707377373417721,10.903212000000002,0.013811209821304762,6.57
City 174,-30.56,-173.68,4.78,6.02,851.69,4176.34,74.41,68.45,3.03,Subtropical,5028.030000000001,0.2038833324555818,50.933645,0.013613681700387625,30.56
City 175,23.87,-74.41,5.09,6.47,883.03,5105.7,73.14,81.97,3.19,Tropical,5988.73,0.17291597313333465,59.952858,0.013687376121481517,23.87
City 176,-37.33,98.33,3.9,11.39,686.27,27945.61,73.74,416.26,4.75,Subtropical,28631.88,0.02455646677718693,306.95012399999996,0.014538339780692012,37.33
City 177,29.82,6.47,4.82,6.26,823.78,4882.12,76.21,78.6,3.13,Tropical,5705.9,0.1686995199790298,59.90105999999999,0.013775215128200635,29.82
City 178,-9.72,-54.69,6.57,7.65,1127.55,8336.12,77.63,134.45,3.82,Equatorial,9463.67,0.13524454487880705,104.37353499999999,0.014206961992546232,9.72
City 179,61.77,-46.17,2.67,13.75,477.85,50047.91,77.36,713.3,5.63,Polar,50525.76,0.009547660478519912,551.80888,0.014117551126395723,61.77
City 180,-42.12,-179.51,4.2,11.8,740.43,30939.21,78.14,465.56,5.01,Subtropical,31679.64,0.0239309946506504,363.78858399999996,0.014695874069276041,42.12
City 181,-15.66,-72.07,6.81,6.28,1222.49,4484.17,70.32,80.24,3.36,Tropical,5706.66,0.2725626899314853,56.42476799999999,0.014060764089677675,15.66
City 182,-45.25,52.73,3.66,3.62,658.96,897.79,70.48,20.13,2.16,Temperate,1556.75,0.733163475339067,14.187624000000001,0.012930785289866709,45.25
City 183,60.21,170.71,2.92,11.17,508.03,27375.72,77.89,397.27,4.57,Polar,27883.75,0.018557007559707663,309.433603,0.014247366297574752,60.21
City 184,54.05,124.94,2.96,12.03,512.32,31653.38,75.33,480.5,4.88,Temperate,32165.7,0.01618480602052544,361.96065000000004,0.014938272756383352,54.05
City 185,-26.47,-171.51,4.72,6.44,843.64,4854.03,75.78,85.34,3.17,Tropical,5697.67,0.17376617652208123,64.670652,0.01497805243195903,26.47
City 186,25.8,143.48,4.9,10.94,882.24,23978.64,70.53,316.73,4.6,Tropical,24860.88,0.03679121121084387,223.38966900000003,0.012740096086703286,25.8
City 187,46.24,101.95,3.52,10.77,621.25,24419.83,72.55,354.34,4.44,Temperate,25041.08,0.0254393482940588,257.07367,0.01415034814792333,46.24
City 188,12.18,100.94,6.33,6.64,1125.97,5689.11,76.38,100.52,3.47,Equatorial,6815.08,0.1978819390134813,76.777176,0.014749643437787964,12.18
City 189,8.85,-15.12,7.5,7.6,1333.63,8402.3,78.59,149.48,3.98,Equatorial,9735.93,0.15870312853283833,117.476332,0.015353438243701422,8.85
City 190,-28.56,-36.72,4.64,7.69,805.78,8609.28,79.17,141.54,3.58,Tropical,9415.060000000001,0.09358348392851334,112.05721799999999,0.015033361444324303,28.56
City 191,-47.9,-70.95,3.44,2.56,604.37,330.88,75.0,14.02,1.9,Temperate,935.25,1.8210497770278413,10.515,0.014990644212777331,47.9
City 192,56.64,-156.35,3.0,8.42,535.66,11643.63,75.45,166.22,3.53,Temperate,12179.289999999999,0.04600060285298889,125.41299000000001,0.013647757792120888,56.64
City 193,57.05,-97.84,3.2,12.7,566.74,40181.61,78.33,589.49,5.27,Temperate,40748.35,0.014104111206315368,461.747517,0.014466598034030826,57.05
City 194,22.3,-91.22,5.57,4.21,948.17,1465.9,75.38,34.2,2.65,Tropical,2414.07,0.6463767127956915,25.779960000000003,0.014166946277448458,22.3
City 195,-15.93,-5.73,6.53,5.03,1131.6,2460.09,75.17,51.03,3.02,Tropical,3591.69,0.45979626913278254,38.359251,0.01420779632986143,15.93
City 196,-14.6,89.08,4.76,2.85,816.87,437.05,79.05,19.67,2.21,Equatorial,1253.92,1.8647871247574477,15.549135000000001,0.01568680617583259,14.6
City 197,34.37,-9.43,3.4,11.9,585.98,33223.89,77.9,503.58,4.97,Subtropical,33809.87,0.01763677772898571,392.28882000000004,0.014894467207356904,34.37
City 198,56.62,-159.18,2.79,13.87,499.27,52926.56,79.09,764.4,5.77,Temperate,53425.829999999994,0.00943308174418016,604.56396,0.014307686001321833,56.62
City 199,55.32,164.8,3.68,7.32,626.3,7085.81,72.18,104.74,3.23,Temperate,7712.110000000001,0.08837544678070951,75.601332,0.013581237819481307,55.32
City 200,41.38,159.38,3.32,8.51,571.75,11143.6,75.24,166.01,3.6,Subtropical,11715.35,0.05130287314035497,124.90592399999997,0.014170297942443033,41.38
City 201,23.46,102.67,3.85,4.65,667.06,1996.37,78.42,41.63,2.56,Tropical,2663.43,0.33396916945783706,32.646246,0.01563022118095839,23.46
City 202,-49.06,176.88,3.85,10.44,678.47,21134.33,71.11,297.79,4.31,Temperate,21812.800000000003,0.03210122576747086,211.758469,0.013652075845375191,49.06
City 203,-38.99,16.01,4.39,9.17,770.21,15241.74,77.95,240.52,4.05,Subtropical,16011.95,0.050529629187403315,187.48534000000004,0.01502128098076749,38.99
City 204,56.81,166.6,2.48,11.71,426.68,30155.23,71.83,426.74,4.62,Temperate,30581.91,0.014148983477046037,306.527342,0.013954000910996077,56.81
City 205,18.84,-152.78,5.19,6.71,890.61,5518.29,78.08,97.78,3.34,Tropical,6408.9,0.16136314634672214,76.346624,0.01525690836180936,18.84
City 206,-58.8,-48.35,2.4,17.22,413.48,92716.56,76.12,1366.07,7.4,Temperate,93130.04,0.004459565156805248,1039.852484,0.01466841418730197,58.8
City 207,-46.81,-98.86,3.78,6.11,661.36,4179.36,71.93,64.33,2.88,Temperate,4840.719999999999,0.1582064702561502,46.272569000000004,0.0132893453866367,46.81
City 208,26.26,-109.5,4.85,2.35,837.48,239.79,74.73,15.9,2.05,Tropical,1077.27,3.47805141409527,11.88207,0.014759531036787435,26.26
City 209,-59.34,-129.31,3.09,8.95,555.14,13611.69,76.82,211.83,3.76,Temperate,14166.83,0.04078106531479083,162.727806,0.014952533488437428,59.34
City 210,-39.09,44.07,2.84,3.99,495.28,1232.06,76.34,25.69,2.2,Subtropical,1727.34,0.40166739655815614,19.611746000000004,0.01487257864693691,39.09
City 211,11.34,101.28,5.78,1.4,985.67,55.09,74.27,15.45,1.94,Equatorial,1040.76,17.573007666250668,11.474714999999998,0.014844921019255159,11.34
City 212,29.95,28.19,4.34,4.49,769.58,1710.81,78.99,38.41,2.59,Tropical,2480.39,0.44957092200653115,30.340058999999997,0.015485468011078902,29.95
City 213,24.75,-127.09,5.14,4.17,890.53,1380.38,75.19,33.57,2.58,Tropical,2270.91,0.6446669272756228,25.241283,0.014782620183098406,24.75
City 214,-30.84,112.0,4.57,4.7,807.09,1974.59,75.06,41.55,2.64,Subtropical,2781.68,0.40853112234826056,31.18743,0.01493701647924995,30.84
City 215,32.58,48.94,5.12,8.55,884.39,11941.03,70.62,165.78,3.82,Subtropical,12825.42,0.07405692332040699,117.07383600000001,0.012925892485392292,32.58
City 216,-29.16,-40.26,4.03,5.65,707.98,3433.81,79.22,62.33,2.87,Tropical,4141.79,0.20611911575895028,49.377826,0.015049048841201508,29.16
City 217,-17.7,62.69,5.78,5.32,1027.92,2714.44,71.77,51.47,2.95,Tropical,3742.36,0.378546386589282,36.940019,0.01375335349886168,17.7
City 218,37.04,-86.43,4.69,9.94,840.12,17681.17,75.28,260.16,4.29,Subtropical,18521.289999999997,0.04751226800782936,195.84844800000002,0.014046537795153581,37.04
City 219,24.45,-55.73,6.22,4.53,1073.07,1690.78,78.04,42.44,2.86,Tropical,2763.85,0.634284599652437,33.120176,0.015355391935162907,24.45
City 220,50.4,150.29,3.23,8.38,560.12,10706.58,72.15,158.73,3.51,Temperate,11266.7,0.052310606131357414,114.523695,0.014088419856745985,50.4
City 221,25.49,-75.42,5.38,7.46,939.22,8069.11,75.27,131.83,3.58,Tropical,9008.33,0.11638255240634887,99.228441,0.014634232982139865,25.49
City 222,13.88,-10.8,5.13,1.0,919.03,18.41,72.41,13.57,1.73,Equatorial,937.4399999999999,47.348274085522924,9.826037,0.014475593104625364,13.88
City 223,-47.82,140.45,2.46,2.82,439.74,443.78,77.6,12.7,1.85,Temperate,883.52,0.9886685552407933,9.855199999999998,0.01437432089822528,47.82
City 224,-12.2,74.78,6.57,6.08,1122.57,4474.02,75.64,82.43,3.34,Equatorial,5596.59,0.25085251015637916,62.350052000000005,0.014728611529520656,12.2
City 225,-25.52,-157.61,5.21,7.78,892.67,9404.23,78.56,154.53,3.7,Tropical,10296.9,0.0949120861478135,121.398768,0.015007429420505201,25.52
City 226,-28.28,-126.97,5.61,11.99,981.42,34252.39,78.95,518.09,5.34,Tropical,35233.81,0.028651762643055183,409.032055,0.014704342221292561,28.28
City 227,66.49,-177.18,1.66,11.04,283.78,24981.67,76.49,354.05,4.28,Polar,25265.449999999997,0.011359074110173171,270.812845,0.014013207760004276,66.49
City 228,-8.9,47.13,6.64,6.94,1151.25,6354.86,77.25,114.77,3.62,Equatorial,7506.11,0.18113205766017504,88.659825,0.015290210242056138,8.9
City 229,55.97,-18.84,4.02,9.11,688.81,13864.87,75.49,210.85,3.91,Temperate,14553.68,0.04967665209611802,159.17066499999999,0.014487744680383243,55.97
City 230,22.05,-131.66,5.67,6.95,999.34,6577.88,73.84,109.95,3.45,Tropical,7577.22,0.1519012354686512,81.18708000000001,0.014510598873993363,22.05
City 231,43.33,164.86,4.11,12.5,736.92,38633.07,76.48,574.83,5.31,Subtropical,39369.99,0.019074355872938056,439.62998400000004,0.014600714910011409,43.33
City 232,5.34,10.68,6.63,1.0,1193.23,19.7,79.08,17.69,2.01,Equatorial,1212.93,57.64396135265701,13.989252,0.014584518480044191,5.34
City 233,15.0,-92.92,5.16,6.53,897.38,5262.5,74.17,85.32,3.24,Equatorial,6159.88,0.17049111807732498,63.28184399999999,0.013850919173750137,15.0
City 234,4.03,0.22,7.4,9.74,1301.6,18043.66,73.14,265.5,4.61,Equatorial,19345.26,0.07213214324902768,194.18670000000003,0.013724292152186119,4.03
City 235,-34.62,64.66,4.27,8.17,762.69,9911.33,73.88,157.3,3.62,Subtropical,10674.02,0.07694356422758322,116.21324,0.014736715876492643,34.62
City 236,33.92,-152.55,4.88,11.52,834.98,27629.72,74.35,381.2,4.88,Subtropical,28464.7,0.030219263196905474,283.4222,0.013392025912797253,33.92
City 237,-23.5,-81.11,4.57,4.78,809.03,2126.3,70.74,41.47,2.62,Tropical,2935.33,0.3803083721148874,29.335877999999997,0.01412788340663571,23.5
City 238,-56.84,110.51,2.43,9.6,423.3,16697.58,74.98,256.26,3.87,Temperate,17120.88,0.0253494608523599,192.14374800000002,0.014967688576755398,56.84
City 239,23.91,-14.52,6.04,6.47,1039.9,5426.83,74.94,96.89,3.37,Tropical,6466.73,0.1915866930246526,72.609366,0.014982842951538105,23.91
City 240,-36.98,16.77,4.24,2.15,737.54,181.73,75.88,13.22,1.92,Subtropical,919.27,4.036228315000273,10.031336,0.014380976209383533,36.98
City 241,62.26,-24.19,3.37,7.31,575.2,7685.41,73.63,121.2,3.22,Polar,8260.61,0.07483337474841963,89.23956,0.014672039958308163,62.26
City 242,64.01,-164.2,2.48,7.66,438.87,8517.93,76.13,128.14,3.22,Polar,8956.800000000001,0.05151703324243772,97.55298199999999,0.014306448731689885,64.01
City 243,58.93,-120.33,1.95,11.95,337.08,33526.41,78.78,481.61,4.76,Temperate,33863.490000000005,0.010053863391177545,379.41235800000004,0.014222101738479995,58.93
City 244,-11.88,-19.61,6.61,7.37,1145.06,7854.52,79.55,132.09,3.77,Equatorial,8999.58,0.14576501619243537,105.077595,0.014677351609741788,11.88
City 245,-57.99,-104.69,2.65,10.61,452.97,23681.46,75.84,364.05,4.32,Temperate,24134.43,0.019126813684051405,276.09552,0.015084259292637117,57.99
City 246,60.68,-162.01,3.1,12.13,554.1,33175.92,70.43,428.24,4.8,Polar,33730.02,0.016701369506271227,301.609432,0.012696108688936444,60.68
City 247,-4.34,123.71,6.71,4.02,1173.65,1295.89,79.69,37.57,2.82,Equatorial,2469.54,0.9049726653764004,29.939533,0.015213359573037894,4.34
City 248,65.67,173.23,1.63,13.57,286.76,45750.79,77.06,643.93,5.33,Polar,46037.55,0.006267732912745053,496.21245799999997,0.013987060562519072,65.67
City 249,65.27,105.53,2.51,10.55,441.56,21322.97,73.36,296.54,4.16,Polar,21764.530000000002,0.020707213525436398,217.541744,0.013624920914901447,65.27
City 250,50.89,127.36,4.54,9.23,789.69,14850.98,71.47,203.18,3.97,Temperate,15640.67,0.05317068835266409,145.212746,0.012990492095287479,50.89
City 251,-21.72,-92.89,5.73,5.51,984.44,3284.99,71.43,60.14,3.0,Tropical,4269.43,0.29958703465317915,42.95800200000001,0.014086189491337251,21.72
City 252,-9.94,165.83,6.28,6.7,1113.62,5710.91,71.68,93.83,3.43,Equatorial,6824.53,0.19496455651437083,67.257344,0.013748932160896062,9.94
City 253,50.65,-109.11,3.99,8.01,683.77,10109.72,70.46,150.6,3.5,Temperate,10793.49,0.06762822034434739,106.11275999999998,0.01395285491532396,50.65
City 254,-18.8,162.51,5.79,8.32,990.2,11211.66,79.02,186.83,3.97,Tropical,12201.86,0.08831089143878437,147.63306599999999,0.015311600034748801,18.8
City 255,-37.97,178.13,4.45,4.97,787.6,2256.01,75.41,45.77,2.7,Subtropical,3043.61,0.34895724874945167,34.515157,0.015038063352400604,37.97
City 256,12.38,76.22,5.59,2.49,961.51,307.6,77.0,18.59,2.22,Equatorial,1269.1100000000001,3.1157161373946853,14.314300000000001,0.014648060451812685,12.38
City 257,61.7,173.21,2.8,11.89,484.23,30449.87,78.28,466.81,4.83,Polar,30934.1,0.01590200871108116,365.418868,0.015090466507834396,61.7
City 258,30.48,25.03,5.38,6.83,940.84,6299.19,77.92,108.04,3.41,Subtropical,7240.03,0.14933517878032251,84.184768,0.014922590099764781,30.48
City 259,14.11,-86.56,5.59,4.28,976.19,1454.97,78.83,36.35,2.71,Equatorial,2431.16,0.6704739795462819,28.654705,0.01495171029467415,14.11
City 260,-47.37,-22.68,4.4,10.96,778.57,25027.18,79.67,404.87,4.76,Temperate,25805.75,0.031107735360701418,322.559929,0.01568913904846788,47.37
City 261,19.95,33.68,5.56,4.48,979.44,1690.96,74.39,38.32,2.71,Tropical,2670.4,0.578878933308116,28.506248,0.014349910125823847,19.95
City 262,68.71,-153.69,1.75,10.37,308.18,20457.25,79.5,323.62,4.11,Polar,20765.43,0.015063849547248665,257.2779,0.015584555677392666,68.71
City 263,-41.79,44.04,4.57,11.68,810.17,29799.65,77.23,462.72,5.02,Subtropical,30609.82,0.02718631976148171,357.35865600000005,0.015116717445577924,41.79
City 264,7.38,173.22,6.34,8.59,1096.32,11638.0,70.71,165.51,4.0,Equatorial,12734.32,0.09419365924907637,117.03212099999999,0.012997160429453633,7.38
City 265,54.06,-111.56,3.6,13.34,622.85,43667.73,76.82,656.66,5.57,Temperate,44290.58,0.014263066500903506,504.44621199999995,0.014826177485144695,54.06
City 266,36.3,105.33,4.31,6.92,752.12,6101.06,76.87,96.92,3.26,Subtropical,6853.18,0.1232567362497255,74.50240400000001,0.014142339760519934,36.3
City 267,30.61,146.84,4.83,10.14,835.47,19774.39,79.06,312.3,4.47,Subtropical,20609.86,0.0422479657796888,246.90438000000003,0.01515294135913587,30.61
City 268,31.32,159.73,5.05,4.76,908.99,2113.3,73.73,43.13,2.71,Subtropical,3022.29,0.4299247978054202,31.799749000000002,0.014270635842357948,31.32
City 269,-13.27,165.65,6.22,3.06,1107.47,548.01,75.85,25.11,2.45,Equatorial,1655.48,2.0172128012240216,19.045934999999997,0.015167806315992944,13.27
City 270,-21.83,7.73,4.47,1.0,767.93,19.79,70.12,9.98,1.6,Tropical,787.7199999999999,36.937469937469935,6.997976000000001,0.012669476463718075,21.83
City 271,45.22,171.83,3.27,12.7,556.8,39514.73,73.32,534.21,5.16,Temperate,40071.530000000006,0.01409059126580731,391.68277199999994,0.013331410105878162,45.22
City 272,45.31,92.63,4.29,6.37,731.59,5012.5,70.62,73.64,3.02,Temperate,5744.09,0.14592400518599782,52.004568,0.01282013338927489,45.31
City 273,52.72,-121.8,3.24,8.96,559.32,13887.83,75.22,204.26,3.75,Temperate,14447.15,0.04027121074993358,153.64437199999998,0.014138428686626774,52.72
City 274,58.72,-8.32,2.63,7.6,449.7,8284.11,78.17,134.12,3.25,Temperate,8733.810000000001,0.054278096488761154,104.841604,0.015356413752989816,58.72
City 275,6.47,78.6,5.87,6.39,1028.77,5045.23,72.06,86.18,3.28,Equatorial,6074.0,0.2038690269765746,62.10130800000001,0.01418834376028976,6.47
City 276,5.2,-90.96,6.1,3.58,1088.68,832.72,75.27,28.17,2.56,Equatorial,1921.4,1.3058101041116923,21.203559,0.014661184552930156,5.2
City 277,43.78,50.62,2.92,5.12,518.73,2640.22,72.04,45.04,2.48,Subtropical,3158.95,0.19639787673877984,32.446816000000005,0.014257902151031197,43.78
City 278,24.5,59.98,5.23,7.55,901.18,8428.47,71.21,123.87,3.53,Tropical,9329.65,0.10690826350885643,88.207827,0.013277025397522952,24.5
City 279,31.26,-121.43,4.51,3.54,785.21,821.14,75.11,21.93,2.31,Subtropical,1606.35,0.9550806431994552,16.471623,0.01365206835372117,31.26
City 280,43.45,23.43,3.47,6.25,608.4,4773.65,70.79,69.02,2.87,Subtropical,5382.049999999999,0.12742295246772015,48.859258,0.012824109772298661,43.45
City 281,55.7,97.79,3.07,4.3,546.22,1435.98,75.87,29.63,2.32,Temperate,1982.2,0.380116633495247,22.480281,0.014948037534053072,55.7
City 282,-16.06,-0.4,6.06,2.05,1080.65,157.93,70.31,16.95,2.1,Tropical,1238.5800000000002,6.799534386207765,11.917545,0.013685026401201374,16.06
City 283,-11.17,-175.64,7.26,5.56,1301.03,3122.52,71.07,60.98,3.23,Equatorial,4423.55,0.41652686712427006,43.338485999999996,0.013785308180081607,11.17
City 284,-47.78,-176.75,2.9,3.87,507.64,1131.01,75.5,23.11,2.17,Temperate,1638.65,0.4484412681866768,17.448050000000002,0.01410307265126781,47.78
City 285,15.18,-51.47,6.52,1.81,1153.2,116.62,75.91,18.08,2.17,Tropical,1269.8200000000002,9.80445502465567,13.724527999999998,0.014238238490494713,15.18
City 286,-55.33,153.43,3.61,9.53,618.36,16970.9,70.29,246.23,3.96,Temperate,17589.260000000002,0.036434341470312694,173.07506700000002,0.013998883409535135,55.33
City 287,0.53,-97.68,6.57,2.69,1154.66,352.02,75.73,20.68,2.4,Equatorial,1506.68,3.2708061866183225,15.660964000000002,0.01372554225183848,0.53
City 288,10.54,48.37,6.36,10.03,1097.63,19199.66,78.39,311.0,4.65,Equatorial,20297.29,0.05716626407633905,243.7929,0.015322242525972678,10.54
City 289,-22.75,-100.05,5.18,10.86,902.74,24858.35,77.22,370.4,4.77,Tropical,25761.09,0.03631390201272359,286.02288,0.014378273590131472,22.75
City 290,16.81,-64.2,5.92,3.51,1043.28,792.52,71.31,23.67,2.47,Tropical,1835.8,1.3147494707127734,16.879077000000002,0.012893561390129645,16.81
City 291,-56.03,125.3,3.83,11.0,661.31,25662.12,75.92,389.43,4.62,Temperate,26323.43,0.02576888546677099,295.655256,0.014794044697062655,56.03
City 292,-55.14,82.39,3.44,11.39,587.05,26829.84,76.72,392.55,4.68,Temperate,27416.89,0.021879672794441023,301.16436,0.01431781649924554,55.14
City 293,46.94,-145.66,3.97,7.2,675.07,6854.14,70.37,103.03,3.22,Temperate,7529.21,0.09847647166943345,72.502211,0.013684038564470907,46.94
City 294,-13.18,-25.67,5.86,1.58,997.94,74.56,78.55,16.36,2.04,Equatorial,1072.5,13.207252514557968,12.85078,0.015254079254079254,13.18
City 295,-43.48,-169.5,3.21,8.32,546.69,11109.41,79.06,175.74,3.59,Subtropical,11656.1,0.04920520484842594,138.94004400000003,0.015077084101886566,43.48
City 296,7.89,-6.88,6.34,4.36,1085.37,1512.98,78.5,39.89,2.84,Equatorial,2598.35,0.716898505924781,31.313650000000003,0.015352050339638618,7.89
City 297,40.1,58.48,4.8,6.92,826.87,6088.82,78.25,103.69,3.35,Subtropical,6915.69,0.13577905422491962,81.137425,0.014993442447535966,40.1
City 298,-31.94,-137.34,4.0,8.3,688.92,10526.42,77.45,161.33,3.66,Subtropical,11215.34,0.0654405352878483,124.95008500000002,0.014384762298780066,31.94
City 299,20.98,-76.0,5.0,4.22,900.09,1389.35,76.33,34.02,2.58,Tropical,2289.44,0.6473837522925883,25.967466000000005,0.014859528967782516,20.98
City 300,-48.9,-36.78,3.64,6.01,629.9,4006.81,76.79,68.28,2.89,Temperate,4636.71,0.15716812922768295,52.43221200000001,0.014725958707790653,48.9
City 301,-53.28,151.03,2.78,9.6,475.8,16628.84,78.06,240.69,3.93,Temperate,17104.64,0.02861121935027637,187.882614,0.01407162033226072,53.28
City 302,9.08,177.57,5.97,5.87,1047.19,3910.25,76.62,75.23,3.2,Equatorial,4957.4400000000005,0.26773793544263347,57.641226,0.015175171056028917,9.08
City 303,10.28,-163.83,6.07,2.09,1083.7,171.5,73.28,17.56,2.15,Equatorial,1255.2,6.282318840579711,12.867967999999998,0.013989802421924791,10.28
City 304,22.87,93.96,4.72,8.61,833.8,12465.72,73.76,193.62,3.85,Tropical,13299.519999999999,0.06688206681468742,142.814112,0.014558420153509301,22.87
City 305,34.39,-46.18,4.11,3.01,710.09,531.68,78.97,19.38,2.16,Subtropical,1241.77,1.333051738379515,15.304386,0.015606754874091015,34.39
City 306,66.86,-38.72,2.67,9.24,469.15,14403.34,70.17,197.14,3.68,Polar,14872.49,0.03257004486147925,138.333138,0.013255345944088717,66.86
City 307,7.12,91.54,5.85,4.07,1035.96,1217.33,76.99,32.99,2.67,Equatorial,2253.29,0.8503114919603064,25.399001,0.014640814098495977,7.12
City 308,-18.02,150.63,4.94,4.21,875.76,1475.21,79.55,35.22,2.61,Tropical,2350.9700000000003,0.5932489279980491,28.017509999999998,0.014981050374951614,18.02
City 309,43.37,162.33,3.65,6.92,644.62,6030.09,77.06,97.21,3.16,Subtropical,6674.71,0.1068828354410231,74.910026,0.014563928620119824,43.37
City 310,-24.79,27.76,5.63,11.16,1006.23,25409.67,79.94,417.9,5.0,Tropical,26415.899999999998,0.03959871975040406,334.06926,0.01582001748946657,24.79
City 311,-2.93,-51.44,6.7,2.17,1196.61,183.41,76.88,20.77,2.3,Equatorial,1380.02,6.48885635269237,15.967975999999998,0.015050506514398342,2.93
City 312,-49.8,103.52,3.28,15.08,576.88,66077.7,70.34,855.84,6.19,Temperate,66654.58,0.00873019596329831,601.9978560000001,0.01283992787892445,49.8
City 313,-56.7,-89.64,3.05,10.76,532.11,23896.49,78.27,367.5,4.44,Temperate,24428.600000000002,0.0222663551695178,287.64225,0.0150438420539859,56.7
City 314,65.14,23.07,1.57,10.74,276.45,24775.8,72.85,364.84,4.17,Polar,25052.25,0.011157615188402054,265.78594,0.014563162989352252,65.14
City 315,48.68,-50.91,3.84,10.06,684.21,20121.98,74.46,297.32,4.24,Temperate,20806.19,0.034001425236222474,221.384472,0.014289978126701717,48.68
City 316,30.48,56.39,5.06,13.37,860.21,45008.53,73.12,656.43,5.75,Subtropical,45868.74,0.01911173033799731,479.981616,0.014311053671847101,30.48
City 317,-6.84,-93.46,6.32,2.2,1136.52,199.48,72.69,18.97,2.21,Equatorial,1336.0,5.668994413407821,13.789292999999997,0.014199101796407185,6.84
City 318,-37.47,-111.03,4.88,4.95,838.52,2249.89,74.31,42.92,2.74,Subtropical,3088.41,0.3725281999564617,31.893852000000003,0.01389711858205355,37.47
City 319,-39.66,150.57,3.66,6.08,639.38,4112.39,73.79,65.72,2.88,Subtropical,4751.77,0.15543870141173094,48.49478800000001,0.013830635742049803,39.66
City 320,-27.47,-143.35,5.64,6.83,1008.19,5815.85,76.33,101.31,3.42,Tropical,6824.040000000001,0.17332233081478807,77.329923,0.014846044278755691,27.47
City 321,11.4,2.14,6.28,1.0,1081.61,18.26,78.13,16.33,1.95,Equatorial,1099.87,56.1583592938733,12.758628999999999,0.014847209215634575,11.4
City 322,32.9,-100.49,4.53,7.35,791.51,7224.79,72.97,111.97,3.38,Subtropical,8016.3,0.10953957975529319,81.704509,0.013967790626598305,32.9
City 323,25.83,-165.99,5.18,10.82,887.86,23387.2,72.14,340.17,4.66,Tropical,24275.06,0.03796187821208986,245.39863800000003,0.014013147650304468,25.83
City 324,-23.61,-167.03,5.29,6.74,920.85,5697.49,76.67,99.23,3.35,Tropical,6618.34,0.1615954401955606,76.079641,0.01499318560243203,23.61
City 325,64.13,-116.92,3.12,9.68,536.08,18079.68,76.7,264.77,4.02,Polar,18615.760000000002,0.0296493273483077,203.07859,0.014222895009389891,64.13
City 326,35.93,132.04,3.95,6.05,685.31,4236.45,79.01,71.14,2.97,Subtropical,4921.76,0.16172698202928648,56.207714,0.014454178992880595,35.93
City 327,12.07,-78.31,5.77,7.45,1003.16,8269.2,70.16,120.89,3.57,Equatorial,9272.36,0.1212981548209233,84.81642399999998,0.01303767325686233,12.07
City 328,19.52,162.17,6.15,3.89,1106.85,1101.52,78.53,32.98,2.68,Tropical,2208.37,1.0039273663969814,25.899193999999998,0.014934091660364884,19.52
City 329,-5.45,29.38,6.32,9.16,1137.38,14543.46,75.21,220.35,4.27,Equatorial,15680.84,0.07820022194017517,165.725235,0.014052180878065205,5.45
City 330,-27.79,-22.82,5.5,11.61,942.1,29206.59,76.21,439.71,5.09,Tropical,30148.69,0.032255314457646116,335.102991,0.014584713299317483,27.79
City 331,-13.72,28.83,6.89,6.01,1221.15,3995.3,70.91,66.98,3.29,Equatorial,5216.450000000001,0.30557015239096164,47.495518000000004,0.012840149910379663,13.72
City 332,38.52,6.01,4.1,7.82,699.58,8755.52,74.33,133.66,3.48,Subtropical,9455.1,0.07989246869761046,99.349478,0.014136286237057248,38.52
City 333,-58.13,93.16,3.27,12.39,557.17,37827.11,72.27,519.76,5.04,Temperate,38384.28,0.014728993861971955,375.63055199999997,0.013540959997165506,58.13
City 334,-44.91,-78.3,3.28,11.23,560.95,28272.88,72.54,398.87,4.58,Subtropical,28833.83,0.019839866335996333,289.340298,0.013833403332127573,44.91
City 335,-54.02,-52.9,3.6,7.39,646.04,7291.82,75.04,112.25,3.27,Temperate,7937.86,0.0885857596924098,84.23240000000001,0.014141090923750231,54.02
City 336,-54.71,141.87,3.27,8.15,586.73,9922.06,78.12,152.45,3.51,Temperate,10508.789999999999,0.05912793029569508,119.09394,0.01450690326859705,54.71
City 337,51.21,160.72,3.65,5.82,627.89,3706.12,77.44,66.48,2.85,Temperate,4334.01,0.16937406935842378,51.482112,0.015339143195331806,51.21
City 338,31.48,141.32,4.47,8.17,767.8,10020.11,75.91,150.43,3.66,Subtropical,10787.91,0.07661825885555591,114.191413,0.013944313588081474,31.48
City 339,1.64,-29.0,6.05,5.83,1043.82,3712.59,75.39,69.44,3.18,Equatorial,4756.41,0.281081110192563,52.350815999999995,0.01459924607004022,1.64
City 340,-47.28,100.93,3.94,5.35,690.45,2801.13,74.27,51.48,2.72,Temperate,3491.58,0.24640184431129178,38.234196,0.014744041379547367,47.28
City 341,3.91,-8.52,5.69,3.25,1000.52,651.05,79.73,25.12,2.46,Equatorial,1651.57,1.534422206885975,20.028176000000002,0.01520977009754355,3.91
City 342,1.55,-0.89,6.73,1.0,1159.48,18.54,75.6,17.59,1.99,Equatorial,1178.02,59.33879222108496,13.298039999999999,0.014931834773603164,1.55
City 343,-37.48,-106.32,4.85,5.5,860.62,3114.18,72.54,52.62,2.87,Subtropical,3974.7999999999997,0.27626653997521816,38.170548000000004,0.013238401932172688,37.48
City 344,-3.6,32.81,6.84,5.74,1184.67,3435.27,72.3,63.42,3.23,Equatorial,4619.9400000000005,0.344754632202941,45.85265999999999,0.013727451005857217,3.6
City 345,-8.19,-112.99,7.4,2.99,1326.34,501.89,76.11,26.32,2.6,Equatorial,1828.23,2.6374356221042374,20.032152,0.01439643808492367,8.19
City 346,20.06,-60.64,6.11,5.25,1078.53,2895.8,75.23,53.87,3.02,Tropical,3974.33,0.3723177299088649,40.526401,0.013554485913348917,20.06
City 347,22.56,127.81,5.09,2.19,888.16,195.42,70.08,14.34,2.0,Tropical,1083.58,4.521739130434783,10.049472,0.01323390981745695,22.56
City 348,-54.11,-105.45,3.23,9.88,573.89,19041.71,78.3,287.8,4.13,Temperate,19615.6,0.030136992056277706,225.34740000000002,0.014671995758477947,54.11
City 349,-11.3,-154.38,6.19,5.02,1102.09,2489.48,77.04,53.51,2.99,Equatorial,3591.5699999999997,0.4425211204265844,41.224104,0.014898776858031447,11.3
City 350,21.36,-155.16,4.71,4.31,815.0,1597.78,76.62,36.74,2.57,Tropical,2412.7799999999997,0.5097636948172982,28.150188000000004,0.015227248236474112,21.36
City 351,5.41,158.68,6.15,4.07,1066.61,1318.37,70.69,30.64,2.65,Equatorial,2384.9799999999996,0.8084237173802649,21.659416,0.012847067899940463,5.41
City 352,51.34,2.49,3.13,9.59,560.6,17012.95,73.62,241.35,3.93,Temperate,17573.55,0.032949432671425506,177.68187,0.013733707759672918,51.34
City 353,25.63,-32.61,4.19,4.53,718.82,1827.49,79.35,38.17,2.58,Tropical,2546.31,0.39312219372268925,30.287895,0.014990319324826907,25.63
City 354,-38.82,111.92,4.31,4.19,733.91,1336.35,78.63,30.78,2.49,Subtropical,2070.2599999999998,0.5487793023516656,24.202314,0.014867697777090802,38.82
City 355,-50.83,120.9,3.32,13.6,579.06,47570.37,72.86,685.79,5.6,Temperate,48149.43,0.012172447419529855,499.666594,0.014242951578035295,50.83
City 356,23.51,-60.41,4.52,4.77,804.18,2165.93,71.57,40.15,2.61,Tropical,2970.1099999999997,0.3711148952665753,28.735354999999995,0.013518017851190698,23.51
City 357,-56.55,69.7,3.24,9.41,576.4,16298.72,74.49,226.95,3.89,Temperate,16875.12,0.03536257064538532,169.05505499999998,0.013448793253025757,56.55
City 358,16.15,97.6,6.23,8.14,1115.92,10754.8,73.56,169.58,3.91,Tropical,11870.72,0.10375053459528814,124.74304800000002,0.014285569872762563,16.15
City 359,62.23,55.67,2.76,19.05,483.46,135125.94,76.82,2059.57,8.92,Polar,135609.4,0.003577820973375109,1582.161674,0.015187516499593687,62.23
City 360,14.81,-125.43,5.8,2.37,992.0,262.89,79.66,19.02,2.25,Equatorial,1254.8899999999999,3.7591420667702455,15.151332,0.015156706962363237,14.81
City 361,-9.54,135.32,6.63,6.08,1165.79,4359.66,73.63,77.96,3.32,Equatorial,5525.45,0.2673425582365972,57.40194799999999,0.014109258069478504,9.54
City 362,23.63,14.07,5.69,4.59,1010.91,1892.51,70.62,37.58,2.72,Tropical,2903.42,0.5338815216185814,26.538996,0.012943356455490421,23.63
City 363,-0.43,-78.31,7.12,2.7,1217.7,373.12,78.98,23.17,2.52,Equatorial,1590.8200000000002,3.2548380198866673,18.299666000000002,0.014564815629675262,0.43
City 364,10.93,-26.92,5.82,3.29,999.89,708.43,70.38,22.21,2.39,Equatorial,1708.32,1.4094272866949524,15.631397999999999,0.013001077081577224,10.93
City 365,62.39,-166.47,2.77,7.42,471.41,8043.35,79.53,127.72,3.23,Polar,8514.76,0.05860137860734553,101.575716,0.014999835579628785,62.39
City 366,-9.81,-133.97,6.91,4.88,1215.95,2284.4,76.65,53.27,3.05,Equatorial,3500.3500000000004,0.532051282051282,40.831455000000005,0.015218478152184781,9.81
City 367,64.95,95.6,2.15,6.81,385.43,6107.79,79.42,98.2,2.95,Polar,6493.22,0.06309432800931117,77.99044,0.015123467247374954,64.95
City 368,57.7,-180.0,4.01,12.14,708.64,33267.14,72.0,449.7,4.98,Temperate,33975.78,0.021300860222423015,323.784,0.013235899219973759,57.7
City 369,-34.55,-30.04,4.32,7.59,776.62,7908.52,70.41,113.32,3.38,Subtropical,8685.140000000001,0.0981880063518393,79.788612,0.013047573211255084,34.55
City 370,-50.98,8.1,3.45,10.15,588.23,20805.98,74.88,300.67,4.22,Temperate,21394.21,0.028270801432980663,225.14169600000002,0.014053802407286833,50.98
City 371,-46.9,-160.33,3.38,7.52,605.27,8167.53,74.51,125.8,3.29,Temperate,8772.8,0.07409778748440662,93.73358,0.014339777494072588,46.9
City 372,-57.63,170.31,3.08,8.85,548.22,12868.72,73.31,185.72,3.65,Temperate,13416.939999999999,0.042597663352427255,136.151332,0.01384220246941553,57.63
City 373,-47.72,-98.59,2.79,9.49,482.78,15644.68,79.58,241.08,3.92,Temperate,16127.460000000001,0.03085708003742886,191.85146400000002,0.014948417171705898,47.72
City 374,28.79,-70.49,4.71,3.97,846.84,1229.12,78.23,31.07,2.49,Tropical,2075.96,0.6884206418885963,24.306061,0.014966569683423572,28.79
City 375,-50.75,-70.58,2.9,8.18,501.65,10766.22,76.62,159.57,3.46,Temperate,11267.869999999999,0.046590484823380594,122.262534,0.014161505235683408,50.75
City 376,-18.53,-97.05,5.77,3.7,1032.28,997.73,71.63,26.4,2.51,Tropical,2030.01,1.0335926626816057,18.91032,0.013004862045014555,18.53
City 377,49.83,-179.47,4.01,6.76,716.81,5950.99,77.34,93.08,3.17,Temperate,6667.799999999999,0.12043198997310142,71.988072,0.013959626863433218,49.83
City 378,-56.97,82.56,3.33,4.42,592.18,1620.68,77.27,31.64,2.4,Temperate,2212.86,0.36516452074391986,24.448228,0.014298238478710808,56.97
City 379,45.88,168.06,2.6,11.94,457.09,31646.36,74.25,433.43,4.73,Temperate,32103.45,0.014443226859997167,321.821775,0.013501041165357617,45.88
City 380,-23.36,-99.25,6.39,4.62,1093.27,1776.16,79.25,42.46,2.92,Tropical,2869.4300000000003,0.6151781494069188,33.64955,0.014797363936391547,23.36
City 381,-44.64,58.7,4.02,11.37,705.3,28925.94,71.67,415.09,4.74,Subtropical,29631.239999999998,0.024382115771664752,297.495003,0.014008526136604476,44.64
City 382,30.58,87.08,4.47,9.73,776.1,16739.84,72.67,247.37,4.16,Subtropical,17515.94,0.04635968087622844,179.763779,0.014122564932284538,30.58
City 383,21.76,125.43,5.56,2.96,988.39,500.17,70.63,20.21,2.27,Tropical,1488.56,1.9721651335874053,14.274322999999999,0.013576879668941798,21.76
City 384,54.07,-27.85,3.3,6.69,586.57,5681.46,77.95,96.28,3.06,Temperate,6268.03,0.1032246597424355,75.05026000000001,0.015360488064032878,54.07
City 385,35.56,-70.94,4.18,13.96,748.2,51804.22,76.22,743.57,5.93,Subtropical,52552.42,0.014442560035455887,566.749054,0.014149110545242257,35.56
City 386,44.45,-62.89,3.99,12.82,678.43,41856.26,73.15,615.12,5.4,Subtropical,42534.69,0.016208179895196195,449.96028000000007,0.01446160769009954,44.45
City 387,-23.34,76.54,5.06,6.25,901.64,4420.04,71.64,71.67,3.11,Tropical,5321.68,0.2039429636465628,51.344388,0.013467551600246538,23.34
City 388,-36.93,114.04,4.21,8.34,755.66,11325.59,70.4,159.92,3.62,Subtropical,12081.25,0.06671557812192372,112.58368,0.013237040869115363,36.93
City 389,37.58,-114.62,4.03,6.18,716.24,4274.91,71.67,67.29,2.94,Subtropical,4991.15,0.1675058642487798,48.226743000000006,0.013481862897328273,37.58
City 390,44.89,-46.46,3.14,9.57,538.14,15841.97,74.53,222.15,3.91,Subtropical,16380.109999999999,0.03396711601423218,165.568395,0.013562179985360296,44.89
City 391,68.77,144.7,2.26,9.08,385.92,14135.43,72.47,209.96,3.62,Polar,14521.35,0.027299678914690626,152.15801199999999,0.01445871079479525,68.77
City 392,-6.36,110.41,6.85,1.0,1165.5,18.13,72.59,15.7,1.98,Equatorial,1183.63,60.92524830109775,11.39663,0.013264280222704728,6.36
City 393,-11.64,174.55,6.44,1.86,1135.79,125.96,78.76,18.56,2.2,Equatorial,1261.75,8.946045998739761,14.617856,0.01470972855161482,11.64
City 394,40.93,91.53,4.54,8.15,801.2,10302.73,75.15,155.53,3.66,Subtropical,11103.93,0.07775824871187426,116.88079500000002,0.014006752564182231,40.93
City 395,-15.7,-38.45,6.06,2.74,1090.63,372.24,77.29,20.52,2.35,Tropical,1462.8700000000001,2.9220608723609476,15.859908,0.01402722046388264,15.7
City 396,61.0,32.63,2.46,9.93,428.64,17712.79,70.36,233.63,3.88,Polar,18141.43,0.024198096511249143,164.382068,0.012878257116445616,61.0
City 397,51.59,57.97,3.81,6.47,660.05,5213.54,73.65,78.26,3.01,Temperate,5873.59,0.12657875862492185,57.63849000000001,0.01332404883555032,51.59
City 398,-4.23,-151.76,6.03,2.47,1061.89,294.53,74.79,18.85,2.25,Equatorial,1356.42,3.593171590024702,14.097915000000002,0.01389687559900326,4.23
City 399,37.61,16.02,3.92,9.89,698.18,18283.01,71.86,269.18,4.14,Subtropical,18981.19,0.0381852777372141,193.432748,0.01418140801498747,37.61
City 400,38.09,75.36,3.85,8.43,690.85,11438.73,71.2,161.32,3.6,Subtropical,12129.58,0.0603904113121551,114.85984,0.01329971853930639,38.09
City 401,-46.59,-119.76,4.28,8.64,761.7,12620.31,78.7,192.18,3.84,Temperate,13382.01,0.060350312289294855,151.24566000000002,0.01436107131888259,46.59
City 402,57.33,101.03,3.46,11.93,602.64,32640.96,79.39,509.17,5.01,Temperate,33243.6,0.018462126661511747,404.23006300000003,0.01531633156457183,57.33
City 403,5.68,30.16,6.85,5.77,1207.26,3543.79,70.79,67.24,3.23,Equatorial,4751.05,0.3405730663875716,47.599196,0.014152660990728363,5.68
City 404,47.44,162.8,4.22,12.36,752.68,36306.48,73.49,502.88,5.16,Temperate,37059.16,0.02073071444231326,369.566512,0.013569654573929899,47.44
City 405,-18.39,-164.73,5.27,4.69,922.25,1986.17,79.58,42.96,2.78,Tropical,2908.42,0.46410221571380406,34.187568,0.014770906540320861,18.39
City 406,56.42,-84.48,3.23,8.57,555.24,12243.94,70.83,180.81,3.57,Temperate,12799.18,0.04534444431740784,128.067723,0.014126686240837303,56.42
City 407,-9.4,36.56,6.28,1.69,1078.11,92.48,76.44,16.43,2.11,Equatorial,1170.59,11.533055198973042,12.559091999999998,0.014035657232677539,9.4
City 408,-58.59,-73.24,3.32,8.79,564.76,13525.81,79.72,213.68,3.78,Temperate,14090.57,0.041751159364255136,170.34569599999998,0.015164752029193993,58.59
City 409,57.7,77.19,2.9,12.18,514.43,33253.23,79.78,497.84,4.98,Temperate,33767.66,0.015469610933706777,397.17675199999996,0.01474310035104594,57.7
City 410,-48.13,93.24,3.44,12.06,588.32,34937.58,74.71,527.25,5.02,Temperate,35525.9,0.01683869235670139,393.90847499999995,0.014841284809111099,48.13
City 411,-18.49,-143.09,5.98,8.25,1030.53,10710.63,71.63,167.89,3.88,Tropical,11741.16,0.0962066464207595,120.25960699999997,0.014299268556088153,18.49
City 412,63.51,4.99,2.99,5.87,517.64,3903.2,72.02,62.5,2.71,Polar,4420.84,0.132585420828851,45.0125,0.014137584712407596,63.51
City 413,63.58,3.2,2.22,13.07,389.02,40592.83,78.9,602.35,5.25,Polar,40981.85,0.009583229766691143,475.2541500000001,0.014697969954992273,63.58
City 414,14.55,-47.06,5.95,1.0,1035.38,18.76,79.12,15.69,1.91,Equatorial,1054.14,52.39777327935223,12.413928,0.014884170982981386,14.55
City 415,22.14,155.85,4.92,8.46,869.78,11827.18,76.08,178.56,3.84,Tropical,12696.960000000001,0.07353455899386042,135.84844800000002,0.014063208831090275,22.14
City 416,-1.7,117.9,5.63,3.25,960.54,666.9,77.66,25.0,2.43,Equatorial,1627.44,1.438149423566402,19.415,0.015361549427321437,1.7
City 417,-21.88,71.0,5.57,7.94,953.54,9066.09,77.4,153.78,3.78,Tropical,10019.630000000001,0.10516494266627992,119.02572,0.015347872127014668,21.88
City 418,-17.27,77.16,6.1,2.4,1066.63,262.71,76.62,19.19,2.26,Tropical,1329.3400000000001,4.044708202191802,14.703378000000003,0.01443573502640408,17.27
City 419,27.43,-13.78,5.21,9.67,903.45,16439.17,78.27,262.17,4.33,Tropical,17342.62,0.054953811304870946,205.20045900000002,0.01511709303438581,27.43
City 420,37.81,151.56,3.38,4.12,584.36,1396.52,76.85,27.91,2.32,Subtropical,1980.88,0.418140706394184,21.448835,0.014089697508178184,37.81
City 421,42.91,70.05,3.82,6.62,652.17,5741.17,75.34,90.89,3.09,Subtropical,6393.34,0.11357552980841737,68.476526,0.014216356395874456,42.91
City 422,42.65,82.43,2.91,5.77,519.92,3465.54,72.37,55.56,2.66,Subtropical,3985.46,0.14998240320319395,40.208772,0.013940674351266856,42.65
City 423,-48.14,130.21,4.31,4.43,763.37,1712.57,77.44,35.99,2.55,Temperate,2475.94,0.4454851567195971,27.870656,0.01453589343845166,48.14
City 424,4.27,-81.33,6.16,4.66,1054.31,2012.48,74.73,42.89,2.86,Equatorial,3066.79,0.5236257623616822,32.051697000000004,0.013985307112648731,4.27
City 425,-52.52,110.55,3.95,13.77,674.32,48811.31,72.95,649.85,5.68,Temperate,49485.63,0.01381454801053259,474.065575,0.013132095115289025,52.52
City 426,11.44,-109.71,6.67,11.81,1199.32,32029.44,78.02,508.35,5.43,Equatorial,33228.76,0.037443132220475274,396.61467,0.015298494436746963,11.44
City 427,-2.6,-55.68,6.37,4.5,1125.87,1724.26,76.97,43.39,2.87,Equatorial,2850.13,0.6525799010004288,33.397283,0.015223866981506106,2.6
City 428,55.4,-59.18,2.56,12.33,445.1,36214.14,79.37,580.18,5.09,Temperate,36659.24,0.012290439854712698,460.488866,0.015826296453499852,55.4
City 429,-14.38,172.27,6.17,6.02,1091.93,4072.13,71.65,71.93,3.21,Equatorial,5164.06,0.2680813035675267,51.537845000000004,0.013928962870299726,14.38
City 430,-44.78,128.35,3.44,9.73,611.38,17150.59,76.49,259.47,4.07,Subtropical,17761.97,0.03564567483247909,198.468603,0.014608176908304654,44.78
City 431,-41.41,72.42,4.15,7.29,738.31,7289.63,72.44,107.81,3.3,Subtropical,8027.9400000000005,0.10126834032175545,78.097564,0.013429348002102656,41.41
City 432,39.0,81.74,4.03,8.39,704.16,10792.25,79.04,181.71,3.73,Subtropical,11496.41,0.06524077548467792,143.62358400000002,0.015805803724814965,39.0
City 433,20.37,22.35,4.68,7.38,816.35,7904.91,70.99,118.75,3.4,Tropical,8721.26,0.10325819545125103,84.300625,0.013616151794580141,20.37
City 434,-46.85,160.95,2.6,7.24,443.13,7093.54,76.56,111.72,3.11,Temperate,7536.67,0.062460709221457626,85.532832,0.014823522855584761,46.85
City 435,-49.07,-1.35,3.68,8.71,659.47,12435.1,77.91,197.56,3.77,Temperate,13094.57,0.053028682625581976,153.918996,0.015087169719967895,49.07
City 436,31.13,-43.01,4.54,6.97,799.26,6690.41,73.55,108.47,3.28,Subtropical,7489.67,0.11944567736844701,79.779685,0.014482614053756707,31.13
City 437,-50.54,-121.31,3.19,11.12,548.02,26117.05,79.54,382.19,4.59,Temperate,26665.07,0.020982424032422023,303.99392600000004,0.014332983187368344,50.54
City 438,46.84,103.03,4.07,6.02,729.15,4162.62,78.51,70.82,2.97,Temperate,4891.7699999999995,0.17512405070587614,55.600782,0.014477377309235717,46.84
City 439,31.81,84.4,5.36,7.05,960.23,6984.38,72.95,112.03,3.42,Subtropical,7944.610000000001,0.1374628151940195,81.725885,0.01410138446065949,31.81
City 440,-49.42,-41.63,3.4,13.72,612.35,51095.22,70.08,717.09,5.66,Temperate,51707.57,0.011984252455465395,502.536672,0.013868182163656114,49.42
City 441,-48.97,-170.93,3.4,11.81,608.03,30187.1,72.97,435.26,4.8,Temperate,30795.129999999997,0.020141380212732832,317.609222,0.014134053014226601,48.97
City 442,68.26,122.04,2.47,14.2,444.84,54240.63,72.81,749.66,5.72,Polar,54685.469999999994,0.008201080977839345,545.827446,0.013708577433822916,68.26
City 443,-11.34,-175.89,5.53,5.2,953.18,2796.91,78.9,55.4,2.96,Equatorial,3750.0899999999997,0.3406757186614294,43.71060000000001,0.01477297878184257,11.34
City 444,-11.82,73.33,6.28,5.98,1121.28,4016.85,79.67,79.73,3.31,Equatorial,5138.13,0.2790746294660079,63.520891,0.015517318557529686,11.82
City 445,45.66,169.29,4.08,11.07,727.08,25440.11,70.7,360.45,4.58,Temperate,26167.190000000002,0.028578941720703226,254.83814999999998,0.013774883737994029,45.66
City 446,63.14,-22.44,2.92,14.21,503.17,52821.64,74.71,765.5,5.83,Polar,53324.81,0.009525650365070736,571.90505,0.014355419175426973,63.14
City 447,68.18,-95.41,1.5,5.94,256.48,3818.53,75.48,57.16,2.54,Polar,4075.01,0.06714962312116936,43.14436800000001,0.01402695944304431,68.18
City 448,37.94,73.75,3.96,4.51,712.63,1781.47,70.93,35.12,2.45,Subtropical,2494.1,0.39979915510499475,24.910616,0.014081231706828113,37.94
City 449,-11.09,114.17,5.78,8.38,1000.55,11508.15,73.77,176.29,3.92,Equatorial,12508.699999999999,0.08693517766298989,130.04913299999998,0.014093390999864095,11.09
City 450,-49.14,16.71,3.61,8.22,645.1,11082.99,73.17,168.04,3.55,Temperate,11728.09,0.05820106297461474,122.954868,0.014327993731289578,49.14
City 451,41.03,168.13,4.37,6.42,742.8,5181.0,75.36,82.27,3.1,Subtropical,5923.8,0.14334233886530295,61.998672,0.013888044836084945,41.03
City 452,12.59,-161.4,6.87,2.12,1168.81,177.11,76.61,19.27,2.31,Equatorial,1345.92,6.562292965021615,14.762747,0.014317344270090347,12.59
City 453,-4.85,1.73,6.41,3.1,1120.08,537.36,77.03,25.22,2.5,Equatorial,1657.44,2.0805409019986625,19.426966,0.015216237088522057,4.85
City 454,57.83,78.64,2.7,6.28,466.03,4938.42,71.37,69.81,2.77,Temperate,5404.45,0.09434913410886298,49.82339700000001,0.012917133103276005,57.83
City 455,-45.54,130.55,4.39,13.78,776.01,48904.69,78.13,738.45,5.93,Temperate,49680.700000000004,0.015867478814837292,576.950985,0.014863920999502825,45.54
City 456,4.04,-115.47,6.87,4.35,1205.95,1530.92,76.79,39.85,2.89,Equatorial,2736.87,0.7872147370619875,30.600815,0.01456042851870933,4.04
City 457,-58.52,108.0,3.54,9.71,604.06,18123.92,78.89,288.14,4.14,Temperate,18727.98,0.0333275953769727,227.313646,0.0153855354394868,58.52
City 458,0.93,18.97,7.08,5.56,1215.04,3299.91,74.49,62.44,3.24,Equatorial,4514.95,0.368092435116377,46.51155599999999,0.013829610516174044,0.93
City 459,-52.68,-37.24,2.73,11.67,475.35,29320.37,78.94,433.67,4.73,Temperate,29795.719999999998,0.016211725441205513,342.33909800000004,0.014554774981104671,52.68
City 460,-44.55,-132.58,3.21,10.82,552.46,25054.11,78.66,399.86,4.53,Subtropical,25606.57,0.022049793435351114,314.529876,0.015615523672245054,44.55
City 461,-44.72,131.51,3.09,11.16,550.44,27751.86,74.38,403.02,4.56,Subtropical,28302.3,0.019833631560855353,299.76627599999995,0.014239832098451363,44.72
City 462,24.4,-123.38,5.62,4.86,979.34,2089.52,73.81,41.25,2.82,Tropical,3068.86,0.46846717563094353,30.446624999999997,0.013441473380994896,24.4
City 463,36.99,-68.48,5.01,6.95,855.58,6632.76,79.33,109.22,3.41,Subtropical,7488.34,0.12897361375750704,86.644226,0.01458534201171421,36.99
City 464,15.84,-75.58,6.82,7.51,1191.74,7943.46,77.15,140.94,3.83,Tropical,9135.2,0.15000893704543794,108.73521000000001,0.015428233645678253,15.84
City 465,65.08,133.71,2.87,9.19,489.79,14783.14,79.28,222.69,3.82,Polar,15272.93,0.03312942112290604,176.548632,0.014580699315717417,65.08
City 466,-11.27,62.17,6.79,5.11,1163.52,2652.01,77.97,57.18,3.11,Equatorial,3815.53,0.43856600615904195,44.583246,0.014986122504606174,11.27
City 467,-22.86,106.81,5.11,7.28,880.94,7704.44,76.09,123.08,3.49,Tropical,8585.38,0.11432702090990263,93.651572,0.014335999105456021,22.86
City 468,52.92,-89.83,2.72,11.25,485.34,26408.89,71.16,378.37,4.46,Temperate,26894.23,0.01837720641774729,269.248092,0.014068816991600057,52.92
City 469,-30.93,44.95,5.26,2.65,942.79,342.53,72.91,18.28,2.17,Subtropical,1285.32,2.744418245859168,13.327948000000001,0.01422213923380948,30.93
City 470,65.22,25.83,2.64,12.31,471.24,33867.5,79.69,525.22,5.02,Polar,34338.74,0.013913813720713939,418.54781800000006,0.015295261270506724,65.22
City 471,-58.42,119.82,2.96,9.26,513.84,15173.17,73.19,206.92,3.77,Temperate,15687.01,0.03386280765274147,151.44474799999998,0.013190531528952935,58.42
City 472,66.08,146.19,2.57,12.38,443.52,34180.78,70.93,485.29,4.88,Polar,34624.299999999996,0.01297533364265992,344.216197,0.01401587902138094,66.08
City 473,-54.39,-175.62,3.35,11.38,588.66,27750.91,77.08,412.6,4.7,Temperate,28339.57,0.02121151300937485,318.03208,0.014559148215728044,54.39
City 474,55.85,62.65,3.73,13.6,661.47,45694.22,77.34,712.12,5.75,Temperate,46355.69,0.014475693518928238,550.753608,0.015362083921089299,55.85
City 475,8.6,-161.34,7.05,8.24,1267.71,10538.37,72.85,163.35,4.03,Equatorial,11806.080000000002,0.12028328068945297,119.000475,0.013836091234347045,8.6
City 476,69.09,17.59,2.44,14.27,417.35,52592.15,72.98,750.03,5.74,Polar,53009.5,0.007935444064483682,547.371894,0.014148973297239173,69.09
City 477,-50.41,-76.45,3.89,12.65,663.98,39816.86,74.69,548.41,5.26,Temperate,40480.840000000004,0.01667543157768901,409.60742899999997,0.013547396743743457,50.41
City 478,12.0,-69.56,6.42,5.93,1135.44,3838.16,70.22,68.07,3.2,Equatorial,4973.6,0.2957521957928297,47.79875399999999,0.01368626347112755,12.0
City 479,66.01,-52.93,2.15,10.68,383.17,22736.15,77.89,336.32,4.25,Polar,23119.32,0.016852156052979374,261.95964799999996,0.014547140659846396,66.01
City 480,8.0,43.67,6.82,6.98,1216.78,6719.66,73.17,108.61,3.61,Equatorial,7936.44,0.18105067061865948,79.469937,0.013684977143404348,8.0
City 481,21.82,-59.74,4.78,8.01,844.19,10026.6,78.54,155.7,3.7,Tropical,10870.79,0.08418664486018589,122.28678,0.014322786108461296,21.82
City 482,30.45,83.77,5.4,6.27,968.73,4549.33,78.03,78.76,3.23,Subtropical,5518.0599999999995,0.2128922517707507,61.456428,0.014273132224006266,30.45
City 483,-0.91,-34.37,6.34,5.1,1110.03,2411.08,76.61,49.56,3.02,Equatorial,3521.1099999999997,0.46019617923120293,37.967916,0.01407510699750931,0.91
City 484,21.58,-155.39,5.63,6.07,1008.93,4346.9,73.25,73.19,3.16,Tropical,5355.83,0.23204995515076243,53.611675,0.01366548228752593,21.58
City 485,15.96,102.15,5.46,3.46,981.07,778.8,75.16,26.17,2.44,Tropical,1759.87,1.258104642215953,19.669372,0.014870416564859906,15.96
City 486,57.15,-77.13,3.28,12.94,584.7,42332.56,74.45,598.65,5.32,Temperate,42917.259999999995,0.01381173707101411,445.694925,0.013948933366202784,57.15
City 487,-54.09,-24.2,3.2,9.55,553.32,16438.91,73.39,242.53,3.93,Temperate,16992.23,0.03365711856086804,177.992767,0.014272994186166265,54.09
City 488,-23.47,66.76,4.56,11.47,784.04,28200.76,78.48,413.22,4.91,Tropical,28984.8,0.027801101775208358,324.29505600000005,0.014256437857083713,23.47
City 489,63.55,-60.32,2.76,6.29,484.61,4707.65,74.84,74.53,2.82,Polar,5192.259999999999,0.10291909570683742,55.778252,0.01435405777060471,63.55
City 490,55.73,-159.63,2.81,8.18,490.37,10677.42,78.33,165.88,3.47,Temperate,11167.79,0.045921587650607484,129.933804,0.014853431162298,55.73
City 491,-0.76,-45.39,7.39,4.16,1320.64,1423.75,71.05,38.91,2.86,Equatorial,2744.3900000000003,0.9269275311458152,27.645554999999995,0.014178014057768754,0.76
City 492,20.62,160.0,5.56,8.91,950.33,12781.89,71.41,193.11,4.02,Tropical,13732.22,0.074343908145967,137.899851,0.014062547789068338,20.62
City 493,-23.94,51.02,5.52,7.39,952.95,7696.03,79.77,130.47,3.62,Tropical,8648.98,0.12380749457907791,104.075919,0.01508501580533196,23.94
City 494,-35.54,61.73,4.03,8.33,715.95,10444.41,75.88,165.56,3.66,Subtropical,11160.36,0.06854206775990603,125.62692799999999,0.014834646911031544,35.54
City 495,0.28,47.62,6.69,1.21,1142.92,33.54,75.1,16.24,2.03,Equatorial,1176.46,33.089751013317894,12.196239999999998,0.013804124237118132,0.28
City 496,-14.06,-108.36,5.79,2.51,1002.21,314.16,75.23,18.94,2.24,Equatorial,1316.3700000000001,3.1800038075897956,14.248562000000002,0.014388051991461367,14.06
City 497,15.88,-29.4,6.32,6.39,1098.36,4893.9,72.15,78.47,3.34,Tropical,5992.259999999999,0.22438864941061104,56.616105000000005,0.013095226175099213,15.88
City 498,-49.89,90.34,4.35,5.58,765.89,3449.84,77.19,60.84,2.88,Temperate,4215.7300000000005,0.22194306313825038,46.962396,0.014431664266924115,49.89
City 499,66.67,-143.51,1.93,9.34,331.22,15680.75,70.85,209.32,3.62,Polar,16011.97,0.02112136719435012,148.30321999999998,0.013072719971371417,66.67
City 500,68.21,-79.97,2.76,12.07,493.65,34963.11,75.73,521.96,4.93,Polar,35456.76,0.01411876349776957,395.2803080000001,0.01472102921981591,68.21
City 501,30.76,-80.53,3.76,4.62,656.36,1924.69,75.71,37.09,2.5,Subtropical,2581.05,0.3408440610897912,28.080839,0.014370120687317177,30.76
City 502,9.69,-24.47,5.72,8.98,1025.65,13196.16,79.14,219.5,4.17,Equatorial,14221.81,0.07771747860903407,173.7123,0.015434041096034893,9.69
City 503,-19.76,172.93,5.14,9.04,897.38,13621.09,75.26,207.94,4.05,Tropical,14518.47,0.0658768221322866,156.495644,0.014322445822459255,19.76
City 504,45.79,-155.7,3.12,4.65,538.67,1890.02,71.37,31.5,2.37,Temperate,2428.69,0.284856849742467,22.481550000000002,0.012969954996314885,45.79
City 505,29.02,6.73,4.18,4.57,716.04,1751.13,75.73,36.38,2.55,Tropical,2467.17,0.4086683065754253,27.550574,0.014745639741079862,29.02
City 506,-38.86,-115.43,4.49,2.17,762.84,194.46,70.91,13.35,1.91,Subtropical,957.3000000000001,3.9027934104164537,9.466484999999999,0.013945471638984642,38.86
City 507,58.42,169.44,2.8,7.89,491.52,9288.44,72.04,139.55,3.3,Temperate,9779.960000000001,0.052911693277528024,100.53182000000002,0.014268974515233191,58.42
City 508,46.93,-139.21,3.9,10.61,667.97,23776.29,70.31,329.03,4.39,Temperate,24444.260000000002,0.028092772557343583,231.34099299999997,0.013460419746803542,46.93
City 509,63.47,-34.7,2.9,9.31,504.72,15238.24,75.13,230.73,3.83,Polar,15742.96,0.033119761877888926,173.34744899999998,0.014656074842342229,63.47
City 510,34.34,85.64,4.73,8.59,831.75,12389.22,70.85,182.68,3.8,Subtropical,13220.97,0.06712955863576273,129.42878,0.013817443046917134,34.34
City 511,19.74,73.64,5.95,2.17,1027.35,202.78,74.69,16.83,2.16,Tropical,1230.1299999999999,5.04146628717244,12.570326999999997,0.01368148081910042,19.74
City 512,-5.63,-27.82,6.57,6.56,1128.63,5570.89,79.33,97.41,3.51,Equatorial,6699.52,0.20255783944047712,77.275353,0.014539847630875046,5.63
City 513,61.25,-55.25,2.12,8.74,376.59,12286.21,77.2,177.34,3.52,Polar,12662.8,0.03064894308797522,136.90648000000002,0.014004801465710587,61.25
City 514,52.59,-36.86,3.85,9.29,690.54,15223.51,70.77,209.94,3.89,Temperate,15914.05,0.04535712479416414,148.574538,0.013192116400287796,52.59
City 515,-54.12,-84.86,2.92,9.18,498.81,14463.07,72.24,204.79,3.73,Temperate,14961.88,0.03448614394150471,147.940296,0.0136874510422487,54.12
City 516,-56.57,-106.08,2.57,6.48,441.27,5111.47,76.74,85.2,2.88,Temperate,5552.74,0.08631248691923864,65.38248,0.015343776225791233,56.57
City 517,-11.06,-6.11,6.14,2.22,1102.18,205.74,78.95,19.48,2.25,Equatorial,1307.92,5.331237302892522,15.379460000000002,0.014893877301363998,11.06
City 518,45.37,-83.33,3.37,10.96,573.76,25849.94,70.33,361.5,4.45,Temperate,26423.699999999997,0.022194937592211347,254.24294999999998,0.013680900101045654,45.37
City 519,68.35,-76.51,2.01,11.83,360.82,31314.27,78.12,479.75,4.72,Polar,31675.09,0.011522174325816127,374.7807,0.015145971171668337,68.35
City 520,-40.45,56.43,4.34,10.67,738.14,23136.22,75.62,332.34,4.53,Subtropical,23874.36,0.0319027091413748,251.31550800000002,0.013920373153458353,40.45
City 521,17.24,168.67,5.97,6.54,1066.63,5572.79,75.46,90.77,3.37,Tropical,6639.42,0.19136530080968248,68.495042,0.013671374909254122,17.24
City 522,-10.48,37.31,5.82,5.41,1006.8,2862.6,79.58,58.79,3.06,Equatorial,3869.3999999999996,0.35158541695767564,46.785082,0.015193570062541998,10.48
City 523,66.09,-152.29,2.13,6.29,382.08,4731.01,77.48,76.85,2.76,Polar,5113.09,0.080743700879753,59.54338,0.01503005032182105,66.09
City 524,49.48,-152.79,4.07,8.27,705.47,11063.14,78.5,184.74,3.7,Temperate,11768.609999999999,0.06376184683129463,145.0209,0.015697690721334128,49.48
City 525,48.98,162.51,3.82,8.83,674.29,12599.71,73.54,182.71,3.75,Temperate,13274.0,0.0535120640027427,134.364934,0.01376450203405153,48.98
City 526,0.93,-72.98,7.5,8.98,1281.0,13900.78,75.54,227.0,4.4,Equatorial,15181.78,0.09214647332931467,171.47580000000002,0.014952133412551097,0.93
City 527,-6.07,-146.86,7.16,6.32,1235.4,4675.25,76.15,84.46,3.49,Equatorial,5910.65,0.2641860465116279,64.31629,0.014289460550024108,6.07
City 528,-24.46,35.66,5.86,10.29,1041.56,21476.07,73.22,319.49,4.61,Tropical,22517.63,0.048496373108622357,233.930578,0.014188438126037243,24.46
City 529,-52.67,44.51,2.62,10.76,459.09,23245.02,75.7,344.47,4.32,Temperate,23704.11,0.019749187172685905,260.76379000000003,0.014532079036082774,52.67
City 530,52.41,53.46,3.71,7.46,665.66,7755.89,72.37,110.34,3.28,Temperate,8421.550000000001,0.08581532031522943,79.853058,0.013102101157150405,52.41
City 531,45.68,-83.74,3.78,8.86,658.12,13353.58,71.43,181.73,3.73,Temperate,14011.7,0.04928047156855551,129.809739,0.012969875175745983,45.68
City 532,69.96,-174.56,1.83,11.59,326.5,28572.07,73.74,384.46,4.46,Polar,28898.57,0.011426843527839325,283.50080399999996,0.013303772470402514,69.96
City 533,69.56,167.41,2.21,8.61,386.43,11846.02,77.39,177.43,3.5,Polar,12232.45,0.03261832933514082,137.31307700000002,0.014504862067696985,69.56
City 534,12.21,-89.68,6.62,4.26,1189.9,1455.61,79.16,40.82,2.86,Equatorial,2645.51,0.816896767151125,32.313112000000004,0.015429917104830448,12.21
City 535,39.97,63.37,4.45,7.48,799.69,7836.76,74.58,118.16,3.42,Subtropical,8636.45,0.10203042706079288,88.12372799999999,0.013681547395052365,39.97
City 536,62.82,74.39,2.16,14.3,374.9,55658.74,76.43,822.75,5.85,Polar,56033.64,0.006735568653392919,628.8278250000001,0.014683143911407504,62.82
City 537,50.45,39.6,3.84,3.84,686.72,1090.15,71.03,23.45,2.25,Temperate,1776.8700000000001,0.6293543509141731,16.656534999999998,0.01319736390394345,50.45
City 538,-27.84,-67.35,4.73,9.8,844.56,18002.74,79.04,291.91,4.34,Tropical,18847.300000000003,0.046910253091857576,230.72566400000002,0.01548816010781385,27.84
City 539,-1.43,-82.41,7.01,1.8,1206.17,112.78,75.69,19.56,2.24,Equatorial,1318.95,10.600896466865882,14.804963999999998,0.014829978391902648,1.43
City 540,-43.21,35.16,3.82,4.89,673.9,2177.69,77.8,43.38,2.61,Subtropical,2851.59,0.30931431272920884,33.74964,0.015212565621284967,43.21
City 541,64.03,131.79,2.41,13.35,411.23,43453.06,77.94,651.3,5.41,Polar,43864.29,0.009463557605434337,507.62321999999995,0.014848068896133961,64.03
City 542,18.8,160.82,6.07,7.71,1082.14,8947.08,72.56,135.14,3.72,Tropical,10029.22,0.12093544089905321,98.05758399999999,0.013474627139498385,18.8
City 543,-30.28,-141.87,4.36,10.16,748.91,20686.5,75.29,316.63,4.38,Subtropical,21435.41,0.03620108761329305,238.390727,0.014771352635662205,30.28
City 544,27.32,-124.26,6.06,8.73,1034.51,12334.45,79.6,195.52,4.13,Tropical,13368.960000000001,0.08386479617687234,155.63392,0.014624922207860597,27.32
City 545,20.36,160.11,4.66,11.19,811.63,26328.49,70.9,357.5,4.69,Tropical,27140.120000000003,0.030825891424406622,253.46750000000003,0.013172380962206503,20.36
City 546,-13.44,85.15,5.76,6.74,1012.51,5818.38,76.83,96.4,3.42,Equatorial,6830.89,0.17398932532331624,74.06412,0.014112363103490176,13.44
City 547,-45.24,137.88,4.02,8.13,717.5,10255.48,79.62,169.05,3.65,Temperate,10972.98,0.06995577430073475,134.59761000000003,0.015406024616831528,45.24
City 548,27.3,-107.05,5.38,7.59,967.17,8439.69,73.01,133.04,3.59,Tropical,9406.86,0.11458423422729658,97.13250400000001,0.014142870203234658,27.3
City 549,7.64,31.53,6.41,7.87,1118.74,8823.52,78.61,150.89,3.89,Equatorial,9942.26,0.1267763005806548,118.61462899999998,0.015176629860816353,7.64
City 550,40.4,72.41,4.14,6.09,706.85,4395.19,79.34,76.22,3.02,Subtropical,5102.04,0.16078695415803232,60.472948,0.014939122390259582,40.4
City 551,7.62,64.84,6.67,3.13,1184.18,557.04,77.47,24.55,2.55,Equatorial,1741.22,2.1220342627768622,19.018885,0.014099309679420177,7.62
City 552,50.78,-33.07,3.33,8.31,584.85,10851.03,72.31,163.92,3.51,Temperate,11435.880000000001,0.05389314257332499,118.53055199999999,0.014333833513468135,50.78
City 553,11.75,-174.46,6.87,1.0,1199.41,19.66,73.34,17.0,1.99,Equatorial,1219.0700000000002,58.05469506292353,12.4678,0.013945056477478733,11.75
City 554,12.92,29.85,6.52,5.64,1127.72,3386.51,70.36,59.76,3.13,Equatorial,4514.2300000000005,0.33290529031648614,42.047136,0.013238138065628024,12.92
City 555,53.96,-88.88,3.66,4.68,640.39,1877.04,78.31,37.81,2.53,Temperate,2517.43,0.3409884773487253,29.609011,0.015019285541206708,53.96
City 556,-7.55,-17.91,5.99,4.89,1038.35,2331.34,78.5,48.63,2.93,Equatorial,3369.69,0.4451966694392755,38.17455,0.01443159459772264,7.55
City 557,-42.58,164.73,3.98,10.42,706.7,22383.42,76.33,321.9,4.41,Subtropical,23090.12,0.03157106594676119,245.70626999999996,0.013941027591021614,42.58
City 558,-56.26,-36.35,2.91,8.43,510.82,11722.69,73.53,169.2,3.51,Temperate,12233.51,0.04357160586811831,124.41275999999999,0.01383086293304211,56.26
City 559,38.17,122.33,3.83,12.01,683.87,32604.1,70.77,434.74,4.89,Subtropical,33287.97,0.02097432610235822,307.665498,0.013059973317688042,38.17
City 560,20.64,-112.13,5.74,2.41,1006.17,257.99,77.53,18.12,2.22,Tropical,1264.1599999999999,3.884976253909417,14.048436000000002,0.014333628654600685,20.64
City 561,31.53,62.09,4.52,10.13,779.87,20675.65,77.27,327.99,4.43,Subtropical,21455.52,0.03771742521153088,253.437873,0.015286975100114097,31.53
City 562,-32.31,171.72,5.07,8.92,904.28,13527.69,79.13,217.67,4.06,Subtropical,14431.970000000001,0.06684165281339138,172.24227099999996,0.01508248700627842,32.31
City 563,-42.27,-143.32,3.51,3.94,615.54,1202.53,77.31,26.66,2.3,Subtropical,1818.07,0.5114454978272249,20.610846000000002,0.014663901829962543,42.27
City 564,-58.11,-177.0,3.79,16.59,652.46,85280.34,78.29,1303.7,7.37,Temperate,85932.8,0.007650677158684421,1020.6667300000001,0.015171156997095404,58.11
City 565,-14.42,-23.91,5.54,5.28,976.73,2752.96,77.46,57.5,2.97,Equatorial,3729.69,0.35466382954000786,44.5395,0.015416830889430489,14.42
City 566,16.69,-146.65,5.94,3.48,1031.29,838.2,76.31,26.0,2.52,Tropical,1869.49,1.2288965681601525,19.8406,0.013907536279948007,16.69
City 567,-9.01,89.42,6.77,1.38,1207.24,50.39,74.27,18.37,2.08,Equatorial,1257.63,23.491729908542517,13.643398999999999,0.014606839849558295,9.01
City 568,-3.13,149.24,6.5,3.76,1133.71,973.95,79.02,31.92,2.71,Equatorial,2107.66,1.1628391199548695,25.223184,0.015144757693366104,3.13
City 569,57.54,-23.75,3.4,9.44,602.41,15489.83,76.51,225.22,3.94,Temperate,16092.24,0.038888168032313306,172.315822,0.01399556556452054,57.54
City 570,-14.73,-86.86,5.35,5.73,915.39,3566.4,73.98,61.65,3.03,Equatorial,4481.79,0.25659864326960813,45.608670000000004,0.013755664589371656,14.73
City 571,6.82,-23.61,7.25,3.94,1261.0,1103.92,70.83,31.77,2.77,Equatorial,2364.92,1.1412590956811353,22.502691,0.013433858227762462,6.82
City 572,41.87,80.44,4.08,9.77,732.97,17652.04,72.91,259.8,4.13,Subtropical,18385.010000000002,0.041520893851710525,189.42018,0.014131077437542867,41.87
City 573,-8.45,-176.74,6.11,3.88,1088.16,1096.83,75.44,30.47,2.64,Equatorial,2184.99,0.9911917145641859,22.986568,0.013945143913702123,8.45
City 574,20.87,32.2,5.39,1.25,924.82,38.17,72.76,13.36,1.83,Tropical,962.99,23.61041613479704,9.720736,0.013873456629871545,20.87
City 575,52.11,40.79,3.76,8.84,649.12,12913.19,72.21,189.7,3.74,Temperate,13562.310000000001,0.05026408934667989,136.98236999999997,0.01398729272520684,52.11
City 576,63.44,49.57,2.27,4.43,392.89,1729.95,75.27,30.2,2.23,Polar,2122.84,0.226979404373321,22.73154,0.014226225245425937,63.44
City 577,-40.88,-92.87,3.76,8.97,664.31,13263.11,71.7,196.98,3.78,Subtropical,13927.42,0.05008326981606756,141.23466,0.014143323027524121,40.88
City 578,60.46,77.06,2.66,7.6,471.85,8411.75,78.0,136.78,3.26,Polar,8883.6,0.056087486255980507,106.6884,0.015396911162141473,60.46
City 579,3.98,-147.1,6.13,4.81,1088.62,2017.93,74.84,44.04,2.89,Equatorial,3106.55,0.5392064113168856,32.959536,0.014176498044454458,3.98
City 580,-26.43,-108.26,6.06,9.93,1061.15,19050.31,75.74,303.82,4.55,Tropical,20111.460000000003,0.055699581813534085,230.11326799999998,0.015106809749267331,26.43
City 581,-0.31,135.89,6.69,1.66,1192.42,91.33,71.47,16.65,2.11,Equatorial,1283.75,12.91476226578577,11.899754999999997,0.012969814995131449,0.31
City 582,67.4,85.94,2.7,13.39,470.37,47183.69,73.25,628.52,5.38,Polar,47654.060000000005,0.009968699593024771,460.3909,0.01318922249227033,67.4
City 583,4.04,-175.05,6.82,3.32,1168.18,699.72,74.1,25.97,2.58,Equatorial,1867.9,1.6671138257791986,19.243769999999998,0.013903313881899458,4.04
City 584,-17.26,-90.58,5.3,10.11,930.81,19597.83,78.08,307.8,4.51,Tropical,20528.640000000003,0.04749314117220262,240.33024,0.014993686868686866,17.26
City 585,22.34,-102.81,5.43,5.32,975.36,2963.92,77.7,58.95,2.97,Tropical,3939.28,0.3289667174831024,45.80415,0.014964663593347008,22.34
City 586,-28.78,-82.51,5.38,4.78,956.79,2166.07,72.23,42.75,2.75,Tropical,3122.86,0.4415131952359637,30.878325,0.0136893744836464,28.78
City 587,-50.14,-90.88,3.4,10.73,597.01,24693.78,76.16,351.53,4.44,Temperate,25290.789999999997,0.024175554509900474,267.72524799999997,0.013899526270235133,50.14
City 588,-43.25,-157.49,4.57,7.24,806.35,7117.54,72.43,105.27,3.34,Subtropical,7923.89,0.11327463215771774,76.247061,0.013285141515089178,43.25
City 589,-43.35,-14.78,4.48,6.23,802.57,4835.84,79.88,88.75,3.13,Subtropical,5638.41,0.1659285814705469,70.89349999999999,0.015740253014590994,43.35
City 590,-40.25,83.78,4.64,6.83,808.98,5836.08,79.52,104.29,3.32,Subtropical,6645.0599999999995,0.1385932692373584,82.93140799999999,0.015694365438385812,40.25
City 591,-41.95,38.42,3.83,8.08,664.4,9776.28,75.63,152.78,3.55,Subtropical,10440.68,0.06795345944884466,115.54751399999999,0.014633146500036396,41.95
City 592,23.31,62.23,4.83,9.69,867.96,16523.07,76.99,258.79,4.26,Tropical,17391.03,0.05252701059726811,199.242421,0.014880659742407439,23.31
City 593,-36.36,-150.79,4.15,2.8,741.03,407.21,78.01,17.2,2.1,Subtropical,1148.24,1.815315646358492,13.41772,0.014979446805545879,36.36
City 594,-15.06,162.54,6.04,5.56,1046.95,3365.12,77.21,62.7,3.12,Tropical,4412.07,0.31102575071595784,48.41067,0.014211016597651444,15.06
City 595,56.58,121.86,3.31,11.22,578.42,27837.66,77.0,412.58,4.65,Temperate,28416.079999999998,0.020777580530097352,317.6866,0.014519244033659815,56.58
City 596,1.62,109.83,5.8,4.65,1010.28,1960.25,79.59,45.84,2.85,Equatorial,2970.5299999999997,0.5151204588910133,36.484056,0.0154315896489852,1.62
City 597,26.78,116.27,5.12,9.95,878.23,18991.31,75.96,287.91,4.4,Tropical,19869.54,0.046241347155769885,218.696436,0.014490018389957695,26.78
City 598,-37.6,155.78,4.45,7.57,798.61,8267.3,76.36,124.87,3.47,Subtropical,9065.91,0.09658696467230266,95.35073200000001,0.013773575956522843,37.6
City 599,-35.0,15.93,4.41,7.04,767.71,6771.72,78.49,117.81,3.35,Subtropical,7539.43,0.11335327608405486,92.469069,0.015625849699513094,35.0
City 600,-54.69,-107.9,3.82,10.95,682.4,24655.9,76.7,382.65,4.61,Temperate,25338.300000000003,0.02767582299478036,293.49255,0.015101644546003478,54.69
City 601,-38.04,42.04,4.55,8.05,781.81,10275.78,77.33,158.37,3.67,Subtropical,11057.59,0.07607538548066611,122.46752099999999,0.014322289034048107,38.04
City 602,-23.78,87.44,5.99,5.4,1051.16,3051.52,72.34,57.08,3.01,Tropical,4102.68,0.3443581041238059,41.291672,0.013912856961790829,23.78
City 603,-36.99,85.65,4.3,8.99,732.51,14088.67,73.71,216.82,3.91,Subtropical,14821.18,0.051989152336428035,159.81802199999998,0.014629064622384991,36.99
City 604,-48.47,7.72,4.08,7.22,724.06,7164.75,71.47,102.57,3.25,Temperate,7888.8099999999995,0.10104455221016641,73.30677899999999,0.013001961005525548,48.47
City 605,-44.32,-155.35,4.72,6.9,829.0,6505.48,75.06,104.63,3.3,Subtropical,7334.48,0.12741144213153657,78.535278,0.014265496667793764,44.32
City 606,-0.1,-46.4,7.5,2.69,1321.92,360.14,74.56,23.72,2.52,Equatorial,1682.06,3.6604087057650774,17.685632000000002,0.014101756179922239,0.1
City 607,-33.18,151.48,4.13,10.7,704.5,22986.77,79.97,356.58,4.58,Subtropical,23691.27,0.03064673084862081,285.157026,0.015051113764690536,33.18
City 608,-12.64,30.4,5.99,1.0,1030.6,19.56,76.11,15.72,1.89,Equatorial,1050.1599999999999,50.12645914396887,11.964492,0.014969147558467283,12.64
City 609,5.44,13.8,6.45,5.53,1100.67,3216.65,77.86,63.07,3.17,Equatorial,4317.32,0.34207263064658994,49.106302,0.014608599779492835,5.44
City 610,29.75,-83.21,5.16,7.06,892.46,6962.35,73.34,104.43,3.39,Tropical,7854.81,0.12816532272541234,76.58896200000001,0.013295038326834131,29.75
City 611,-54.89,-47.36,3.5,5.29,617.12,2762.13,78.32,47.99,2.67,Temperate,3379.25,0.22334092134644407,37.585768,0.014201376044980396,54.89
City 612,43.92,142.32,3.51,9.17,615.86,14433.47,76.15,207.26,3.86,Subtropical,15049.33,0.04266592399998061,157.82849,0.013772041678931885,43.92
City 613,21.63,59.93,5.52,7.35,972.2,7859.63,76.97,127.92,3.58,Tropical,8831.83,0.12367965417530148,98.46002399999999,0.014483974442442846,21.63
City 614,-49.37,103.46,2.53,10.41,444.71,21361.31,72.94,309.17,4.14,Temperate,21806.02,0.020817505222983843,225.508598,0.01417819482876747,49.37
City 615,53.57,-16.44,3.97,2.73,685.98,385.94,75.49,14.89,2.03,Temperate,1071.92,1.7728329973639325,11.240461,0.013890962012090453,53.57
City 616,59.71,46.89,2.56,13.39,442.13,44783.77,76.34,666.1,5.45,Temperate,45225.899999999994,0.00987232936554101,508.50074,0.014728286225370863,59.71
City 617,-52.06,-90.58,3.38,7.36,579.87,7401.96,75.89,117.36,3.25,Temperate,7981.83,0.07832947901920313,89.064504,0.01470339508608928,52.06
City 618,-24.01,73.97,5.16,8.12,921.86,10327.93,79.15,164.82,3.8,Tropical,11249.79,0.08925029020430965,130.45503,0.014650940150882814,24.01
City 619,44.81,-26.06,4.44,10.33,781.57,20124.94,78.98,317.06,4.47,Subtropical,20906.51,0.03883396253789886,250.41398800000002,0.015165611094343343,44.81
City 620,37.27,-20.68,2.97,5.54,510.8,3351.64,79.71,59.63,2.69,Subtropical,3862.44,0.15235754509878782,47.531073,0.015438427522498731,37.27
City 621,-36.01,53.76,4.47,9.25,767.96,15491.5,76.67,236.04,4.06,Subtropical,16259.46,0.04956979183475876,180.971868,0.014517087283341513,36.01
City 622,-32.78,157.06,4.65,6.31,831.48,4628.54,79.72,81.28,3.16,Subtropical,5460.02,0.1796031571171218,64.796416,0.014886392357537151,32.78
City 623,-11.84,-156.96,5.94,1.0,1054.71,19.39,78.32,16.18,1.91,Equatorial,1074.1000000000001,51.72682687591957,12.672176,0.01506377432268876,11.84
City 624,2.99,116.91,7.5,7.22,1324.45,7222.69,72.71,124.01,3.78,Equatorial,8547.14,0.18334812263538441,90.16767099999998,0.014508946852397411,2.99
City 625,20.37,-74.74,5.13,4.1,893.01,1265.74,74.27,30.23,2.54,Tropical,2158.75,0.7049670808532138,22.451821,0.014003474232773596,20.37
City 626,-12.04,-20.19,6.54,3.07,1129.45,535.52,72.38,22.64,2.46,Equatorial,1664.97,2.1051405353015733,16.386832,0.013597842603770638,12.04
City 627,0.13,-172.11,7.17,3.01,1288.96,510.78,70.04,23.86,2.51,Equatorial,1799.74,2.5185822032904768,16.711544,0.013257470523520064,0.13
City 628,37.17,-71.62,5.03,8.4,894.98,11488.18,71.88,161.58,3.77,Subtropical,12383.16,0.07789763934414815,116.143704,0.013048365683718859,37.17
City 629,-55.23,0.95,2.8,9.38,484.49,15909.26,70.04,219.38,3.76,Temperate,16393.75,0.030451419398551626,153.653752,0.013381929088829583,55.23
City 630,-27.18,-159.78,4.73,8.09,844.31,10088.5,77.2,157.47,3.7,Tropical,10932.81,0.08368204569106497,121.56684000000001,0.014403433335071223,27.18
City 631,32.74,-3.21,5.26,3.92,933.51,1181.17,74.26,28.65,2.52,Subtropical,2114.6800000000003,0.7896580018102303,21.27549,0.01354814912894622,32.74
City 632,56.38,153.76,3.27,7.78,564.97,9196.35,73.13,135.14,3.34,Temperate,9761.32,0.06142747639265658,98.82788199999999,0.013844439071764884,56.38
City 633,6.52,-142.06,5.77,4.36,1005.73,1596.28,77.62,36.37,2.74,Equatorial,2602.01,0.6296516578182911,28.230394,0.013977655735373806,6.52
City 634,9.17,95.2,6.09,9.66,1046.3,17656.57,78.32,275.45,4.47,Equatorial,18702.87,0.059255039056903075,215.73244,0.014727686178645309,9.17
City 635,-46.07,-32.52,3.97,8.32,679.04,10760.43,79.75,166.15,3.69,Temperate,11439.470000000001,0.06309942080188227,132.504625,0.014524274288931218,46.07
City 636,-1.84,55.86,7.29,6.9,1292.05,6482.83,76.42,107.24,3.69,Equatorial,7774.88,0.19927265212073728,81.952808,0.013793138929475438,1.84
City 637,9.24,-86.31,6.01,5.02,1038.39,2433.29,74.62,50.9,2.93,Equatorial,3471.6800000000003,0.42656791097198776,37.98158,0.014661489538206285,9.24
City 638,-28.48,-122.58,3.55,5.64,632.5,3522.02,73.05,60.19,2.73,Tropical,4154.52,0.17953346844468665,43.968795,0.01448783493640661,28.48
City 639,-25.0,-122.23,5.51,5.88,991.87,3887.47,72.22,64.9,3.07,Tropical,4879.34,0.25507976144859035,46.87078,0.01330097923079761,25.0
City 640,-10.95,-154.62,5.62,4.67,960.24,1882.89,72.13,39.13,2.75,Equatorial,2843.13,0.5097112888756774,28.224469,0.013763000636622315,10.95
City 641,-57.39,-113.17,1.97,11.25,344.91,27160.38,74.09,378.15,4.39,Temperate,27505.29,0.012698544772025575,280.171335,0.013748264424770652,57.39
City 642,-18.13,59.12,4.31,9.25,768.12,14831.18,79.92,236.71,4.07,Tropical,15599.300000000001,0.05178739740213509,189.178632,0.015174398851230503,18.13
City 643,-32.51,137.41,5.13,8.15,912.78,10500.81,70.01,150.81,3.69,Subtropical,11413.59,0.08691644583171854,105.58208100000002,0.013213195848107389,32.51
City 644,-17.43,113.09,5.84,8.71,1037.99,12523.75,71.97,180.94,4.0,Tropical,13561.74,0.08287510728757061,130.222518,0.013341945797515659,17.43
City 645,-44.43,66.65,3.78,6.03,655.27,4315.66,71.88,69.32,2.87,Subtropical,4970.93,0.15180023444051652,49.82721599999999,0.01394507667579306,44.43
City 646,55.77,-140.24,3.79,8.54,661.63,12056.88,77.17,179.15,3.71,Temperate,12718.509999999998,0.05487117138336092,138.250055,0.014085769480859002,55.77
City 647,17.17,-75.89,6.12,3.91,1076.28,1154.22,73.52,29.69,2.63,Tropical,2230.5,0.9316666955211994,21.828087999999997,0.013310916834790406,17.17
City 648,28.28,-68.47,5.83,7.61,1047.58,8138.44,74.57,133.82,3.68,Tropical,9186.02,0.12870418603736866,99.78957399999999,0.014567788879188156,28.28
City 649,42.59,-90.02,3.32,7.36,575.65,7967.15,71.49,118.06,3.2,Subtropical,8542.8,0.07224387091106467,84.401094,0.013819824881771785,42.59
City 650,4.8,5.4,6.65,6.3,1191.33,4931.57,74.05,86.13,3.39,Equatorial,6122.9,0.24152318162742747,63.779264999999995,0.014066863741037744,4.8
City 651,-48.7,12.8,2.78,6.54,480.54,5482.85,71.03,80.21,2.86,Temperate,5963.39,0.08762821740200771,56.97316299999999,0.013450403210254569,48.7
City 652,9.82,-51.52,6.2,5.09,1114.9,2460.74,75.33,51.16,2.99,Equatorial,3575.64,0.45289104454572787,38.538827999999995,0.014307928091194863,9.82
City 653,16.29,-52.64,5.74,7.35,1013.47,7560.43,70.98,114.86,3.53,Tropical,8573.9,0.13403152578282151,81.527628,0.013396470684286031,16.29
City 654,36.91,118.28,4.73,2.53,825.99,295.05,77.91,16.41,2.11,Subtropical,1121.04,2.7900354669819287,12.785030999999998,0.0146381931064012,36.91
City 655,-3.88,104.15,6.75,9.69,1189.06,17370.69,75.67,266.82,4.53,Equatorial,18559.75,0.06844814753199027,201.902694,0.014376271232101724,3.88
City 656,-43.41,-69.19,4.27,7.63,738.0,8136.55,77.24,130.63,3.48,Subtropical,8874.55,0.0906906870003871,100.898612,0.014719619586345224,43.41
City 657,-23.11,148.96,5.73,1.25,990.52,37.17,74.19,14.78,1.89,Tropical,1027.69,25.950222687974847,10.965282,0.014381768821337172,23.11
City 658,-12.8,163.01,7.18,5.68,1229.01,3527.24,73.81,68.19,3.28,Equatorial,4756.25,0.3483351472688933,50.331039000000004,0.014336925098554533,12.8
City 659,23.97,-62.37,5.16,6.48,883.86,5111.36,70.98,79.81,3.18,Tropical,5995.219999999999,0.172886885900054,56.649138,0.013312272110114393,23.97
City 660,14.2,-52.41,5.54,5.22,960.26,2694.92,75.24,51.78,2.92,Equatorial,3655.1800000000003,0.35619009466156265,38.959272,0.014166197013553367,14.2
City 661,-13.71,2.03,6.16,7.85,1094.82,9549.76,75.15,149.96,3.81,Equatorial,10644.58,0.11463171517240511,112.69494,0.01408792080100859,13.71
City 662,68.25,158.8,1.82,12.69,320.74,37256.72,74.68,535.25,4.96,Polar,37577.46,0.008608685662998165,399.7247,0.014243911110543395,68.25
City 663,18.75,135.47,6.43,6.62,1099.43,5680.9,77.41,99.23,3.49,Tropical,6780.33,0.19349689364473155,76.813943,0.014634980893260359,18.75
City 664,-29.16,-143.08,4.82,8.04,859.97,9537.55,78.33,161.08,3.72,Tropical,10397.519999999999,0.09015730902495664,126.17396400000001,0.015492155821772888,29.16
City 665,-46.77,-38.62,3.44,8.42,606.09,10773.25,77.51,171.04,3.62,Temperate,11379.34,0.056253567533703044,132.573104,0.01503074870774579,46.77
City 666,-40.13,19.21,3.96,12.45,710.42,35465.61,71.44,511.64,5.14,Subtropical,36176.03,0.020030671101636158,365.515616,0.014143066555395935,40.13
City 667,-28.03,1.13,5.4,3.1,953.73,584.39,76.22,22.77,2.34,Tropical,1538.12,1.6292215446112848,17.355294,0.014803786440589812,28.03
City 668,-39.11,-110.21,4.18,8.26,718.49,10601.75,70.8,159.84,3.6,Subtropical,11320.24,0.0677644950602438,113.16672,0.014119841982148789,39.11
City 669,-35.75,129.17,4.18,7.74,729.87,9145.51,76.95,146.44,3.51,Subtropical,9875.380000000001,0.07979764959531012,112.68558000000002,0.014828796461503252,35.75
City 670,-22.94,63.7,6.23,8.33,1098.98,10998.71,73.82,177.96,3.97,Tropical,12097.689999999999,0.09990990671572252,131.370072,0.014710246336284037,22.94
City 671,-37.46,121.65,3.95,5.64,672.55,3231.29,71.32,51.0,2.76,Subtropical,3903.84,0.20807229549328804,36.3732,0.013064060002459117,37.46
City 672,56.58,129.16,3.06,5.3,520.18,2891.17,78.62,48.56,2.62,Temperate,3411.35,0.17985803047538698,38.177872,0.014234833716856963,56.58
City 673,-49.57,89.41,3.86,9.35,660.56,14888.73,76.14,226.82,3.98,Temperate,15549.289999999999,0.044363463944611485,172.70074799999998,0.014587161214434872,49.57
City 674,8.19,-21.88,5.61,5.52,968.04,3296.17,73.55,62.62,3.01,Equatorial,4264.21,0.29359723641789776,46.05701,0.014685017857938515,8.19
City 675,-6.65,39.8,6.77,8.39,1180.81,10824.68,70.31,158.98,4.0,Equatorial,12005.49,0.10907490337789404,111.778838,0.013242274992524252,6.65
City 676,67.71,-122.27,1.73,7.6,303.02,8188.72,75.37,117.92,3.07,Polar,8491.74,0.037000043957546774,88.876304,0.013886435524403716,67.71
City 677,-45.43,62.51,4.23,11.43,725.1,29154.2,79.23,450.83,4.91,Temperate,29879.3,0.024870349028646693,357.192609,0.015088372217555298,45.43
City 678,-8.28,-115.47,5.94,10.75,1049.65,24707.47,75.96,377.58,4.84,Equatorial,25757.120000000003,0.04248138391409909,286.80976799999996,0.014659247617746082,8.28
City 679,66.03,69.82,2.72,9.66,479.35,16888.56,79.72,257.94,3.98,Polar,17367.91,0.02838143800075313,205.629768,0.014851527904048329,66.03
City 680,52.52,-97.34,3.88,6.02,670.47,4297.97,71.36,68.89,2.87,Temperate,4968.4400000000005,0.15596061382145024,49.159904,0.013865519156918468,52.52
City 681,46.22,-137.68,4.2,7.6,713.78,8083.42,75.68,132.83,3.45,Temperate,8797.2,0.08829081121465733,100.52574400000002,0.015099122448051653,46.22
City 682,-26.47,-120.5,5.27,6.68,900.43,5852.58,77.98,104.24,3.36,Tropical,6753.01,0.15382552215908896,81.286352,0.015436079614868035,26.47
City 683,-37.78,-179.28,4.24,9.19,737.31,14981.24,75.26,219.82,3.98,Subtropical,15718.55,0.04921226732451222,165.436532,0.013984750501795649,37.78
City 684,26.92,78.75,4.83,5.21,828.05,2605.9,70.91,45.42,2.77,Tropical,3433.95,0.31763780735739766,32.207322,0.013226750535098065,26.92
City 685,60.82,83.66,3.48,13.97,604.4,50723.39,75.83,729.5,5.81,Polar,51327.79,0.011915372466775844,553.17985,0.014212573734423398,60.82
City 686,12.38,5.38,5.78,2.45,1019.56,269.11,76.12,18.43,2.23,Equatorial,1288.67,3.7746103439339524,14.028916000000002,0.014301566731591485,12.38
City 687,14.31,-121.91,5.48,1.08,961.55,23.83,77.29,13.86,1.85,Equatorial,985.38,38.725332259363675,10.712394,0.01406563965170797,14.31
City 688,-23.6,-149.92,5.68,9.13,978.82,13995.26,77.61,226.9,4.2,Tropical,14974.08,0.06993439676027739,176.09708999999998,0.01515285079283669,23.6
City 689,40.03,-173.11,3.8,2.32,658.99,239.87,77.71,13.08,1.92,Subtropical,898.86,2.735874122970897,10.164468,0.014551765569721648,40.03
City 690,-35.68,-120.33,4.03,7.06,709.33,7028.39,76.63,117.17,3.28,Subtropical,7737.72,0.10090918273136076,89.78737100000001,0.015142703535408362,35.68
City 691,-17.92,140.71,5.02,13.59,897.27,45202.47,72.16,660.43,5.8,Tropical,46099.74,0.019849582344010314,476.56628799999993,0.01432611116678749,17.92
City 692,-4.69,-93.05,6.43,4.44,1141.53,1669.32,74.04,37.56,2.82,Equatorial,2810.85,0.6834199434838834,27.809424000000003,0.013362506003522068,4.69
City 693,5.99,-52.46,6.54,1.8,1147.88,111.11,77.76,19.56,2.19,Equatorial,1258.99,10.23887253590224,15.209856,0.015536263195100833,5.99
City 694,-28.49,-142.08,5.13,6.71,890.25,5977.5,79.53,106.08,3.36,Tropical,6867.75,0.148908589110981,84.365424,0.015446106803538277,28.49
City 695,-45.07,-99.95,4.32,8.38,750.29,11188.67,70.79,160.92,3.65,Temperate,11938.96,0.0670520220882296,113.915268,0.013478560946682124,45.07
City 696,19.38,6.92,5.91,6.34,1056.1,4863.51,75.36,83.77,3.3,Tropical,5919.610000000001,0.2171030586842251,63.129071999999994,0.014151270100564056,19.38
City 697,-22.48,38.79,5.33,7.9,908.38,9352.07,73.13,142.83,3.68,Tropical,10260.449999999999,0.09712105223204788,104.451579,0.01392044208587343,22.48
City 698,15.56,-91.67,5.81,2.96,1045.4,479.95,72.25,20.55,2.32,Tropical,1525.3500000000001,2.173614720864955,14.847375,0.013472317828695053,15.56
City 699,-39.93,-159.22,4.46,12.21,787.79,32987.14,75.06,487.89,5.15,Subtropical,33774.93,0.02388100693158208,366.21023399999996,0.014445329716449448,39.93
City 700,2.55,-39.23,7.46,4.87,1318.64,2170.22,76.06,48.26,3.11,Equatorial,3488.8599999999997,0.6073267563858108,36.706556,0.013832598613873873,2.55
City 701,9.24,-95.69,6.42,6.74,1093.26,5545.08,70.1,89.54,3.43,Equatorial,6638.34,0.19712301301099155,62.76754,0.013488311836995394,9.24
City 702,-53.26,-100.96,3.04,7.76,534.68,8911.6,77.8,136.34,3.35,Temperate,9446.28,0.05999147274644884,106.07252,0.014433194866127194,53.26
City 703,-16.24,165.55,5.37,8.84,938.35,12859.52,78.2,194.6,4.04,Tropical,13797.87,0.0729636126688501,152.1772,0.014103626139396877,16.24
City 704,-42.53,41.87,3.3,7.61,564.59,8403.06,79.66,136.47,3.37,Subtropical,8967.65,0.06718062460287053,108.712002,0.015218033710057819,42.53
City 705,-51.76,20.48,3.71,9.87,640.98,17565.38,71.81,250.44,4.08,Temperate,18206.36,0.036489020503939915,179.840964,0.013755632647053007,51.76
City 706,68.69,-30.32,2.48,8.54,443.74,12358.54,75.95,183.3,3.51,Polar,12802.28,0.03590263068042985,139.21635000000003,0.014317762148617278,68.69
City 707,-18.09,-25.58,6.02,3.32,1056.88,722.25,74.27,23.97,2.47,Tropical,1779.13,1.4612927756653993,17.802518999999997,0.013472877192785237,18.09
City 708,45.28,14.73,3.77,10.25,655.76,19786.76,73.35,296.69,4.27,Temperate,20442.519999999997,0.03313967826575621,217.62211499999998,0.01451337702005428,45.28
City 709,-26.9,70.71,5.82,5.58,993.75,3247.82,75.66,61.69,3.07,Tropical,4241.57,0.30588028884333385,46.674654000000004,0.014544142852764425,26.9
City 710,28.6,72.77,4.76,4.72,842.53,2028.2,77.82,40.73,2.7,Tropical,2870.73,0.41520303567908534,31.696085999999994,0.014188028828904145,28.6
City 711,38.83,-118.19,4.76,6.28,842.58,4494.77,70.23,71.3,3.05,Subtropical,5337.35,0.18741617120092888,50.07399,0.013358689237168256,38.83
City 712,17.43,0.04,5.76,7.49,1014.62,7863.55,79.69,134.39,3.69,Tropical,8878.17,0.12901183157332588,107.09539099999998,0.015137128484811621,17.43
City 713,1.3,-31.7,6.6,2.56,1156.46,309.65,78.1,20.75,2.39,Equatorial,1466.1100000000001,3.7227104458393696,16.20575,0.014153099017126953,1.3
City 714,-6.46,133.39,6.84,4.35,1193.17,1634.52,77.51,42.11,2.9,Equatorial,2827.69,0.7295355605556643,32.639461000000004,0.014892014329717896,6.46
City 715,-14.65,47.31,6.18,5.5,1087.18,3282.51,77.6,66.52,3.13,Equatorial,4369.6900000000005,0.3311029964885138,51.619519999999994,0.015223047859230286,14.65
City 716,60.84,11.7,2.92,5.29,503.18,2837.13,73.89,48.12,2.55,Polar,3340.31,0.17729279490368657,35.555868000000004,0.014405848558966084,60.84
City 717,47.98,-138.46,3.68,5.12,660.6,2555.95,77.52,45.89,2.65,Temperate,3216.5499999999997,0.25835468038092263,35.573928,0.014266838693631377,47.98
City 718,65.45,38.03,2.4,11.39,422.01,29317.68,73.87,433.31,4.56,Polar,29739.69,0.014393894950250147,320.086097,0.014570091349304584,65.45
City 719,-43.84,-137.81,5.13,6.54,887.25,5560.71,78.99,95.16,3.3,Subtropical,6447.96,0.15952827457742313,75.166884,0.014758156067965681,43.84
City 720,35.01,-58.61,5.14,10.14,897.13,20806.87,71.77,309.88,4.44,Subtropical,21704.0,0.043114936800354865,222.40087599999998,0.014277552524880206,35.01
City 721,61.98,-128.58,3.02,12.62,538.18,36642.79,72.92,491.94,5.03,Polar,37180.97,0.014686799591417807,358.722648,0.013230961967909927,61.98
City 722,-36.44,69.15,4.51,9.44,773.15,15421.58,75.51,232.02,4.1,Subtropical,16194.73,0.05013104162857317,175.198302,0.014326882881035992,36.44
City 723,-51.36,-105.75,3.91,13.68,675.92,49601.09,73.19,706.33,5.74,Temperate,50277.009999999995,0.013626845159145511,516.962927,0.014048767020950531,51.36
City 724,36.35,-38.93,4.71,7.43,833.55,7817.3,74.24,118.79,3.45,Subtropical,8650.85,0.10661524883926173,88.189696,0.013731598629036453,36.35
City 725,14.68,142.44,5.99,7.09,1036.4,6429.34,74.92,109.32,3.54,Equatorial,7465.74,0.16117343717439514,81.90254399999999,0.014642888715653102,14.68
City 726,49.44,-106.45,3.39,7.48,602.73,7593.47,78.56,123.98,3.32,Temperate,8196.2,0.07936432693789033,97.398688,0.015126522046802177,49.44
City 727,-41.83,2.81,4.03,14.31,690.61,57998.19,75.23,796.35,6.07,Subtropical,58688.8,0.011907235256216508,599.094105,0.013569028502883003,41.83
City 728,43.38,-29.06,2.38,13.3,422.37,46410.18,73.62,662.6,5.37,Subtropical,46832.55,0.00910060894810259,487.8061200000001,0.014148279348444618,43.38
City 729,-33.79,-173.48,4.74,7.41,809.06,7609.89,72.48,115.83,3.42,Subtropical,8418.95,0.10630294223146043,83.953584,0.013758247762488195,33.79
City 730,-38.72,105.39,4.05,8.84,688.16,13660.69,74.09,195.52,3.81,Subtropical,14348.85,0.05037151333400187,144.860768,0.013626179101461093,38.72
City 731,-38.65,-155.14,5.09,11.26,911.23,27412.76,75.16,425.57,4.91,Subtropical,28323.989999999998,0.033239876616706354,319.858412,0.015025072385634934,38.65
City 732,45.89,-9.27,3.8,8.22,667.57,10899.09,77.46,177.35,3.63,Temperate,11566.66,0.061244448440333984,137.37530999999998,0.015332861863320958,45.89
City 733,26.48,21.84,4.55,5.01,789.89,2365.36,71.21,41.76,2.67,Tropical,3155.25,0.3337995909329096,29.737295999999997,0.013235084383170906,26.48
City 734,8.0,46.23,6.42,6.98,1105.5,6211.22,72.22,100.83,3.53,Equatorial,7316.72,0.1779557066555917,72.81942599999999,0.013780765151597983,8.0
City 735,-13.35,67.91,5.54,5.53,976.38,3192.97,73.8,57.33,3.0,Equatorial,4169.349999999999,0.3056947936267404,42.30954,0.013750344777962994,13.35
City 736,54.04,-88.82,3.45,9.86,604.79,18137.29,73.6,269.7,4.09,Temperate,18742.08,0.033343275468635684,198.49919999999997,0.014390078369103108,54.04
City 737,-8.98,-176.41,6.52,2.81,1172.46,424.98,73.92,23.45,2.41,Equatorial,1597.44,2.7523827409737547,17.33424,0.014679737580128204,8.98
City 738,46.16,80.44,4.25,4.32,763.9,1469.86,77.94,32.59,2.51,Temperate,2233.7599999999998,0.5193560230069484,25.400646000000002,0.01458975001790703,46.16
City 739,-2.91,12.84,6.4,4.88,1128.76,2324.58,73.24,49.6,2.94,Equatorial,3453.34,0.48536709122025473,36.32704,0.014362906635315375,2.91
City 740,-11.0,121.0,6.25,7.36,1089.69,7377.45,75.02,120.67,3.66,Equatorial,8467.14,0.1476854894998272,90.526634,0.014251565463663057,11.0
City 741,0.15,115.7,6.31,3.45,1103.18,755.66,76.24,26.63,2.56,Equatorial,1858.8400000000001,1.4579599820262734,20.302711999999996,0.0143261388823137,0.15
City 742,-20.82,123.6,5.89,9.67,1042.08,17245.77,72.32,262.89,4.37,Tropical,18287.85,0.060421748536102694,190.12204799999995,0.014375117906150805,20.82
City 743,37.19,-5.37,4.66,5.96,796.28,4036.45,77.19,70.95,3.03,Subtropical,4832.73,0.1972234950278022,54.766305,0.014681142956465602,37.19
City 744,5.35,-59.89,6.87,1.9,1191.0,129.21,75.47,18.87,2.24,Equatorial,1320.21,9.146762921434606,14.241189000000002,0.014293180630354263,5.35
City 745,-29.81,104.96,4.91,6.81,839.07,6180.94,74.47,101.13,3.3,Tropical,7020.009999999999,0.13572923710032775,75.311511,0.014405962384668968,29.81
City 746,56.94,-17.53,3.22,9.49,549.98,16256.86,78.1,243.12,3.97,Temperate,16806.84,0.03382856046244709,189.87671999999998,0.014465539030537567,56.94
City 747,-10.09,-113.96,7.1,6.93,1220.14,6408.47,72.43,103.05,3.62,Equatorial,7628.610000000001,0.19036519400200017,74.639115,0.013508358665602252,10.09
City 748,10.66,127.79,6.11,3.13,1068.55,595.65,78.83,26.06,2.48,Equatorial,1664.1999999999998,1.7909159473728316,20.543098,0.01565917557985819,10.66
City 749,57.84,137.72,3.02,13.2,537.18,41555.81,75.61,616.07,5.39,Temperate,42092.99,0.012926401232433384,465.810527,0.014635928690264106,57.84
City 750,21.15,-12.13,4.98,11.03,870.14,25702.75,76.09,397.38,4.81,Tropical,26572.89,0.033852647959928026,302.366442,0.014954338801688487,21.15
City 751,-44.8,-152.75,3.43,8.38,594.54,11643.58,78.75,178.7,3.63,Subtropical,12238.119999999999,0.05105723005896305,140.72625,0.014601915980559106,44.8
City 752,62.18,-40.38,2.7,13.34,460.61,42833.42,78.18,646.03,5.44,Polar,43294.03,0.010753268049386451,505.0662540000001,0.014921918795732344,62.18
City 753,21.6,109.27,6.04,3.52,1060.01,819.67,76.02,28.5,2.54,Tropical,1879.6799999999998,1.2916397577589043,21.665699999999998,0.015162155260469868,21.6
City 754,-16.46,144.64,5.72,8.33,987.83,11492.61,77.53,180.34,3.94,Tropical,12480.44,0.08594601696072861,139.817602,0.0144498110643535,16.46
City 755,-41.89,-106.75,3.95,10.81,695.69,23614.7,74.33,331.07,4.49,Subtropical,24310.39,0.02945879224414267,246.084331,0.01361845696428564,41.89
City 756,43.22,-155.89,3.77,10.48,677.91,21780.16,75.47,322.42,4.38,Subtropical,22458.07,0.031123686709064163,243.330374,0.014356531972694004,43.22
City 757,20.61,135.85,5.29,6.02,905.18,4359.72,70.62,69.81,3.07,Tropical,5264.900000000001,0.20757581316846757,49.299822000000006,0.013259511101825295,20.61
City 758,9.35,-39.81,6.49,1.0,1117.58,18.4,70.9,14.75,1.91,Equatorial,1135.98,57.60721649484536,10.45775,0.012984383527879012,9.35
City 759,56.21,15.03,2.32,8.02,404.84,9339.63,78.29,150.89,3.34,Temperate,9744.47,0.043341830261984474,118.13178099999999,0.015484680028775295,56.21
City 760,42.52,168.5,4.66,6.69,838.1,5896.17,70.6,95.0,3.18,Subtropical,6734.27,0.14211901640956595,67.07,0.014106948488848827,42.52
City 761,-40.28,-156.04,3.85,5.58,683.78,3433.89,71.69,56.5,2.74,Subtropical,4117.67,0.1990689658184105,40.50485,0.01372135212389531,40.28
City 762,-19.48,53.39,6.0,6.25,1073.47,4632.19,77.96,86.96,3.33,Tropical,5705.66,0.23169134009181583,67.794016,0.015241006299008352,19.48
City 763,-27.7,-153.32,4.43,5.72,767.23,3565.32,70.01,59.81,2.85,Tropical,4332.55,0.21513212499158796,41.87298100000001,0.013804803175958731,27.7
City 764,36.71,-44.83,4.76,5.61,857.23,3472.77,72.82,61.18,2.9,Subtropical,4330.0,0.24677223880682947,44.551276,0.01412933025404157,36.71
City 765,-55.64,109.37,3.44,6.92,588.53,6446.04,75.84,96.5,3.12,Temperate,7034.57,0.09128685412220182,73.18560000000001,0.013717967125211634,55.64
City 766,14.09,-23.95,6.21,3.62,1058.33,878.88,75.95,26.95,2.59,Equatorial,1937.21,1.2028117470564168,20.468525,0.013911759695644767,14.09
City 767,39.12,178.99,3.76,10.72,672.16,22189.62,77.77,322.56,4.46,Subtropical,22861.78,0.03029027580121691,250.854912,0.014109137608707634,39.12
City 768,53.98,21.26,3.35,7.75,599.88,8809.57,75.06,127.27,3.35,Temperate,9409.449999999999,0.06808640076635224,95.528862,0.013525763992581926,53.98
City 769,-15.53,-64.38,5.32,4.27,909.46,1530.37,75.09,34.1,2.63,Tropical,2439.83,0.5938865199135416,25.605690000000003,0.013976383600496757,15.53
City 770,46.76,-100.76,3.6,7.53,616.11,8465.71,77.25,131.79,3.36,Temperate,9081.82,0.07276852520046158,101.807775,0.014511408506224522,46.76
City 771,-45.62,-53.81,4.32,9.41,736.08,16587.95,74.99,240.09,4.07,Temperate,17324.030000000002,0.044371705261635,180.043491,0.013858784589959724,45.62
City 772,50.04,-45.89,3.9,10.14,666.33,20628.14,76.08,293.73,4.28,Temperate,21294.47,0.03230042551458762,223.469784,0.013793722032058088,50.04
City 773,-43.43,-155.26,3.97,1.0,682.82,19.16,78.98,10.57,1.62,Subtropical,701.98,33.870039682539684,8.348186,0.015057409042992678,43.43
City 774,-8.35,-46.95,5.93,7.39,1065.25,7621.37,74.01,119.24,3.61,Equatorial,8686.619999999999,0.13975312140449755,88.24952400000001,0.013726858087495483,8.35
City 775,43.65,-12.87,4.27,11.96,753.96,33409.63,73.85,494.31,5.06,Subtropical,34163.59,0.02256647061129946,365.047935,0.014468912664037943,43.65
City 776,-40.51,80.19,4.17,5.43,742.07,3111.19,70.04,48.62,2.72,Subtropical,3853.26,0.23843981247931523,34.053448,0.012617887191624752,40.51
City 777,-30.2,56.42,3.73,4.59,662.34,1843.5,76.13,37.56,2.5,Subtropical,2505.84,0.3590891840607211,28.594427999999997,0.01498898572933627,30.2
City 778,33.89,75.16,5.02,6.26,880.05,4466.31,70.3,74.83,3.09,Subtropical,5346.360000000001,0.19699774584705335,52.60549,0.013996438698478964,33.89
City 779,33.6,-176.99,4.64,5.47,825.01,3249.98,75.04,59.42,2.87,Subtropical,4074.99,0.25377270853711803,44.58876800000001,0.014581630875167792,33.6
City 780,23.35,-101.64,5.97,6.89,1049.9,6198.29,78.04,110.12,3.52,Tropical,7248.1900000000005,0.1693581039118996,85.93764800000001,0.015192758467976143,23.35
City 781,30.21,58.21,4.34,2.16,751.01,187.42,75.5,14.08,1.93,Subtropical,938.43,3.9858295297739095,10.6304,0.015003782914015964,30.21
City 782,10.55,-5.76,4.67,2.26,820.61,222.49,72.7,13.97,1.98,Equatorial,1043.1,3.671797395856638,10.156190000000002,0.013392771546352222,10.55
City 783,-27.27,-178.09,5.23,10.57,917.16,22878.17,77.86,370.35,4.71,Tropical,23795.329999999998,0.04008711854494722,288.35451,0.015563978310029744,27.27
City 784,-15.06,109.62,6.09,3.19,1085.74,595.41,72.7,23.89,2.43,Tropical,1681.15,1.8204590801629752,17.36803,0.014210510662344229,15.06
City 785,-36.39,98.21,3.61,10.75,648.64,24425.8,77.33,377.2,4.53,Subtropical,25074.44,0.026554440205020714,291.68876,0.015043207345807125,36.39
City 786,58.1,17.43,2.44,10.7,425.5,22749.68,76.1,330.2,4.27,Temperate,23175.18,0.01870273767641231,251.2822,0.014248001525770241,58.1
City 787,15.84,-156.07,7.27,1.06,1291.18,21.94,71.7,17.97,2.05,Tropical,1313.1200000000001,56.28509154315606,12.884490000000001,0.013684964055074933,15.84
City 788,-7.89,95.95,6.29,6.38,1076.42,4879.27,79.05,90.9,3.42,Equatorial,5955.6900000000005,0.22056566542424907,71.85645000000001,0.015262715151393037,7.89
City 789,0.06,30.14,7.36,3.71,1308.59,995.31,72.01,31.92,2.75,Equatorial,2303.8999999999996,1.3134365809838304,22.985592,0.013854768002083427,0.06
City 790,63.15,101.51,2.25,9.18,391.62,15398.9,79.9,244.88,3.77,Polar,15790.52,0.02543003525996922,195.65912,0.01550803900061556,63.15
City 791,-40.06,90.63,3.15,8.62,536.8,12560.63,70.07,166.71,3.55,Subtropical,13097.429999999998,0.04273330769971731,116.81369699999999,0.012728451306859439,40.06
City 792,16.21,109.08,5.78,6.81,1003.63,6272.03,72.63,98.88,3.4,Tropical,7275.66,0.15999126418971374,71.816544,0.01359051962296204,16.21
City 793,5.77,6.48,6.46,6.35,1138.28,4670.99,72.0,78.92,3.34,Equatorial,5809.2699999999995,0.24363922011819375,56.822399999999995,0.013585183680565717,5.77
City 794,19.49,-129.48,5.44,8.89,930.57,12766.26,70.14,177.93,3.96,Tropical,13696.83,0.07288721307469262,124.80010200000001,0.01299059709436417,19.49
City 795,-57.65,61.62,2.91,10.78,521.14,23979.1,77.32,347.54,4.39,Temperate,24500.239999999998,0.021732186271116467,268.717928,0.0141851671657094,57.65
City 796,53.38,43.37,3.4,5.9,579.92,3813.2,76.93,61.78,2.82,Temperate,4393.12,0.15204236799328824,47.527354,0.014062898350147504,53.38
City 797,61.18,87.21,2.64,8.93,473.83,14013.65,77.92,211.48,3.7,Polar,14487.48,0.033809620646965854,164.785216,0.01459743171345189,61.18
City 798,13.47,-118.84,5.43,12.7,960.66,39664.62,72.57,559.74,5.49,Equatorial,40625.280000000006,0.024218958382599336,406.203318,0.013778120421570016,13.47
City 799,30.56,-109.81,5.1,8.87,884.43,13905.55,74.44,199.57,3.98,Subtropical,14789.98,0.06359808867044665,148.559908,0.013493594987958064,30.56
City 800,59.92,140.55,1.83,15.92,318.35,74623.35,76.59,1141.83,6.67,Temperate,74941.70000000001,0.004266033807999668,874.5275969999999,0.0152362436400562,59.92
City 801,31.94,89.99,3.74,10.68,663.32,23128.36,74.4,345.7,4.45,Subtropical,23791.68,0.028678701010317623,257.2008,0.014530289580223002,31.94
City 802,-40.17,146.96,4.56,8.62,802.22,12177.51,76.97,194.44,3.86,Subtropical,12979.73,0.06587176920657782,149.660468,0.014980280791665157,40.17
City 803,14.92,93.14,6.21,6.25,1097.28,4501.07,76.34,78.41,3.33,Equatorial,5598.349999999999,0.2437278851728205,59.858194000000005,0.014005912456348746,14.92
City 804,18.87,34.98,5.65,5.8,982.52,3734.25,71.15,64.46,3.06,Tropical,4716.77,0.2630399571648484,45.86329,0.013666131696054714,18.87
City 805,-4.86,55.49,5.96,1.0,1042.6,18.89,77.81,15.74,1.9,Equatorial,1061.49,52.41830065359476,12.247294,0.014828213172050608,4.86
City 806,35.74,140.09,4.14,7.62,745.57,8355.78,77.21,140.29,3.47,Subtropical,9101.35,0.08921737798530056,108.31790899999999,0.015414196794980963,35.74
City 807,61.47,28.37,2.57,13.17,441.69,42808.71,76.56,645.53,5.37,Polar,43250.4,0.010317519086207311,494.217768,0.014925411094463865,61.47
City 808,60.32,47.66,1.98,8.53,344.77,11205.68,71.55,158.28,3.36,Polar,11550.45,0.030764686776101394,113.24933999999999,0.013703362206667272,60.32
City 809,-1.39,-123.67,6.53,5.17,1129.7,2630.11,72.68,53.84,3.03,Equatorial,3759.8100000000004,0.42936251239970963,39.13091200000001,0.014319872546751032,1.39
City 810,-45.28,-9.39,4.16,10.66,738.43,22596.77,73.93,315.89,4.46,Temperate,23335.2,0.03267711814041828,233.537477,0.013537059892351468,45.28
City 811,68.03,77.9,2.95,8.53,524.32,11168.37,72.8,153.48,3.51,Polar,11692.69,0.04694266552186918,111.73343999999999,0.01312614975681387,68.03
City 812,49.06,-82.46,3.36,7.78,580.39,8757.7,72.28,130.81,3.34,Temperate,9338.09,0.06626439996803178,94.54946799999999,0.014008217954635263,49.06
City 813,-43.79,-107.19,4.31,5.83,736.66,3685.94,78.05,62.81,2.95,Subtropical,4422.6,0.19980254628499514,49.023205,0.014202053090941979,43.79
City 814,59.71,-67.02,1.86,7.92,316.98,9317.41,76.38,134.16,3.2,Temperate,9634.39,0.03401653286343915,102.471408,0.013925116172378325,59.71
City 815,53.09,-93.06,3.61,6.09,629.77,4124.43,75.65,70.1,2.9,Temperate,4754.200000000001,0.15265560196149247,53.030649999999994,0.014744857178915481,53.09
City 816,7.45,-102.63,6.08,2.49,1057.96,294.9,72.26,18.13,2.24,Equatorial,1352.8600000000001,3.5753970936127075,13.100738000000002,0.01340123885694011,7.45
City 817,16.87,-27.05,5.97,9.24,1074.46,15268.8,79.18,249.2,4.32,Tropical,16343.259999999998,0.07036503425061233,197.31655999999998,0.015247875882779814,16.87
City 818,-8.13,146.82,6.31,2.52,1101.83,309.79,71.91,20.13,2.28,Equatorial,1411.62,3.5452556388558185,14.475482999999999,0.01426021167169635,8.13
City 819,-52.88,2.54,3.96,9.6,683.1,17370.5,77.95,262.22,4.13,Temperate,18053.6,0.03932302909938693,204.40049000000002,0.014524526964151198,52.88
City 820,-16.42,-112.35,5.41,4.39,968.47,1594.19,79.67,37.64,2.72,Tropical,2562.66,0.6071189011967226,29.987788000000002,0.01468786339194431,16.42
City 821,44.37,-152.29,4.21,11.38,736.0,28089.23,77.27,405.67,4.81,Subtropical,28825.23,0.02620128065879133,313.461209,0.014073434973459016,44.37
City 822,-59.4,70.62,2.7,13.22,475.6,45308.89,79.93,668.26,5.46,Temperate,45784.49,0.010496604604425216,534.140218,0.014595772498503315,59.4
City 823,-16.65,-42.19,5.76,7.82,983.97,9033.09,76.51,138.91,3.75,Tropical,10017.06,0.10891744492251018,106.280041,0.013867342314012295,16.65
City 824,-8.24,115.86,6.33,5.59,1100.58,3387.73,72.17,58.88,3.11,Equatorial,4488.3099999999995,0.32477653870329,42.493696,0.013118523453148291,8.24
City 825,9.86,57.42,5.89,4.41,1056.35,1616.68,72.04,36.32,2.72,Equatorial,2673.0299999999997,0.6530030661193807,26.164928000000003,0.013587576645230321,9.86
City 826,59.58,106.65,2.82,6.98,496.42,6401.04,73.25,94.18,3.02,Temperate,6897.46,0.07754090883530874,68.98685,0.013654301728462362,59.58
City 827,-14.98,-82.1,5.92,10.36,1026.87,21682.33,70.07,308.91,4.59,Equatorial,22709.2,0.04735757837933564,216.453237,0.013602856991879943,14.98
City 828,-14.9,69.25,6.08,3.59,1071.27,849.31,76.82,29.12,2.58,Equatorial,1920.58,1.2598581693735227,22.369984,0.015162086453050642,14.9
City 829,35.88,-84.94,4.53,9.25,811.52,14765.97,72.69,221.58,4.01,Subtropical,15577.49,0.054955078800864365,161.066502,0.014224371192021308,35.88
City 830,-1.21,158.06,7.31,6.77,1263.45,5724.52,78.15,104.1,3.67,Equatorial,6987.97,0.22066991295113805,81.35415,0.014897030181869697,1.21
City 831,-30.8,49.09,5.31,5.69,928.76,3451.79,73.59,58.69,3.0,Subtropical,4380.55,0.26898826745906934,43.18997099999999,0.013397860999189598,30.8
City 832,-1.18,-63.18,6.39,6.71,1147.9,5585.49,74.8,97.81,3.48,Equatorial,6733.389999999999,0.2054778581900263,73.16188,0.014526115374276555,1.18
City 833,-41.69,-82.98,4.52,10.08,775.54,19618.76,79.66,304.21,4.4,Subtropical,20394.3,0.03952851614902527,242.33368599999997,0.014916422725957742,41.69
City 834,-37.07,-111.27,3.81,12.03,675.47,34090.53,72.42,457.52,4.94,Subtropical,34766.0,0.01981342579813813,331.33598400000005,0.013159983892308576,37.07
City 835,4.79,70.07,6.96,3.31,1225.75,706.87,77.21,29.37,2.64,Equatorial,1932.62,1.7316032604856824,22.676576999999998,0.015196986474319836,4.79
City 836,-5.54,-101.26,6.92,1.34,1223.8,44.99,77.55,18.38,2.13,Equatorial,1268.79,26.610132637529897,14.253689999999999,0.014486242798256607,5.54
City 837,58.93,34.31,1.92,8.63,333.01,12837.02,72.21,175.33,3.41,Temperate,13170.03,0.0259393582499482,126.60579299999999,0.013312801869092174,58.93
City 838,-12.89,-84.73,6.14,5.81,1063.81,3765.12,75.01,71.51,3.18,Equatorial,4828.93,0.28246842904633945,53.639651,0.014808663616991756,12.89
City 839,15.48,58.31,5.68,5.69,1004.89,3468.93,73.5,65.12,3.06,Tropical,4473.82,0.2895995020072451,47.863200000000006,0.014555793482974283,15.48
City 840,22.19,113.38,5.07,5.24,872.31,2823.5,77.72,53.65,2.89,Tropical,3695.81,0.30883696229421137,41.69678,0.014516438886198154,22.19
City 841,-58.3,100.09,3.59,5.06,626.16,2516.28,76.22,44.82,2.61,Temperate,3142.44,0.24874467679399984,34.161804000000004,0.014262802153740406,58.3
City 842,26.26,93.91,4.83,7.8,831.04,9260.88,74.76,144.55,3.6,Tropical,10091.919999999998,0.08972692369151836,108.06558000000001,0.01432333986000682,26.26
City 843,-36.86,-112.42,4.02,12.62,683.21,36935.27,77.79,569.69,5.34,Subtropical,37618.479999999996,0.018496994959155327,443.16185100000007,0.015143886728012406,36.86
City 844,64.94,-148.18,2.49,11.65,447.83,29977.04,72.35,399.01,4.57,Polar,30424.870000000003,0.014938601723127996,288.68373499999996,0.013114599996647477,64.94
City 845,-40.67,71.62,4.5,9.59,783.66,17396.97,77.54,270.47,4.21,Subtropical,18180.63,0.04504318607285792,209.72243800000004,0.014876822200330792,40.67
City 846,-6.1,-47.4,6.5,6.04,1168.41,4190.49,78.65,83.9,3.35,Equatorial,5358.9,0.27875767328563356,65.98735,0.015656198100356417,6.1
City 847,-48.9,-24.36,4.16,9.88,713.01,18695.45,78.79,283.26,4.27,Temperate,19408.46,0.038136116749436386,223.180554,0.014594666449579205,48.9
City 848,69.59,-168.79,2.39,13.29,421.03,44997.24,77.84,700.6,5.46,Polar,45418.27,0.009356588168781712,545.3470400000001,0.015425510482895982,69.59
City 849,5.29,-86.55,5.54,5.52,953.09,3305.45,74.08,62.78,3.0,Equatorial,4258.54,0.2882517503667075,46.507424,0.01474214167296773,5.29
City 850,17.4,-167.88,5.52,4.96,981.53,2263.57,79.82,48.02,2.9,Tropical,3245.1000000000004,0.43342886287462956,38.329564,0.014797694986287017,17.4
City 851,-51.28,136.51,3.13,7.14,556.54,6965.08,73.8,108.28,3.13,Temperate,7521.62,0.07989285222104828,79.91064,0.014395834939813498,51.28
City 852,37.49,-92.38,4.62,7.13,789.75,6605.54,76.39,104.38,3.36,Subtropical,7395.29,0.11954063700514944,79.735882,0.014114389023283738,37.49
City 853,-32.71,20.64,3.4,8.06,608.6,10134.7,71.61,149.83,3.43,Subtropical,10743.300000000001,0.06004518681492151,107.29326300000001,0.013946366572654585,32.71
City 854,56.75,-165.97,4.3,8.88,739.75,13649.9,79.8,225.02,3.96,Temperate,14389.65,0.05419056618977503,179.56596000000002,0.015637628434326062,56.75
City 855,-33.33,60.07,4.93,8.12,868.72,9679.38,77.04,150.29,3.72,Subtropical,10548.099999999999,0.08974027879070864,115.783416,0.01424806363231293,33.33
City 856,-35.21,-63.71,4.61,8.62,829.08,12390.17,77.53,199.16,3.88,Subtropical,13219.25,0.06690893596004252,154.408748,0.015065907672523025,35.21
City 857,-55.25,143.25,3.72,11.61,665.83,29450.05,70.66,417.59,4.75,Temperate,30115.88,0.02260802246439431,295.06909399999995,0.013866106519218432,55.25
City 858,1.37,139.72,7.5,7.34,1346.74,7227.58,77.63,124.59,3.87,Equatorial,8574.32,0.1863076842201373,96.71921699999999,0.014530598344825013,1.37
City 859,13.43,-62.9,6.5,5.54,1126.46,3199.81,77.75,61.67,3.18,Equatorial,4326.27,0.3519296678028374,47.948425,0.014254773742739126,13.43
City 860,-51.46,144.35,3.87,5.88,662.39,3731.36,76.72,61.29,2.88,Temperate,4393.75,0.17747216238519328,47.021688,0.013949359886201992,51.46
City 861,40.82,178.62,4.21,7.22,723.29,7084.76,72.92,109.04,3.29,Subtropical,7808.05,0.10207655918348912,79.51196800000001,0.013965074506438867,40.82
City 862,-1.07,117.15,6.85,4.22,1199.51,1407.89,74.9,38.97,2.84,Equatorial,2607.4,0.8513865525342645,29.18853,0.014945923141827107,1.07
City 863,8.17,124.15,6.19,1.0,1101.43,19.48,71.1,15.66,1.87,Equatorial,1120.91,53.78076171875,11.13426,0.013970791588976813,8.17
City 864,-2.7,-90.36,6.4,7.74,1097.25,9070.45,74.72,143.37,3.81,Equatorial,10167.7,0.1209564071895893,107.126064,0.014100534044080765,2.7
City 865,-7.9,27.61,6.1,5.15,1077.85,2618.39,72.44,51.07,2.96,Equatorial,3696.24,0.4114889344465696,36.995108,0.013816743501504232,7.9
City 866,12.75,-155.79,5.43,6.23,941.02,4360.73,73.49,72.31,3.17,Equatorial,5301.75,0.2157446701194251,53.140618999999994,0.013638892818409016,12.75
City 867,-39.82,-145.83,4.17,11.4,723.95,29393.15,71.63,395.33,4.74,Subtropical,30117.100000000002,0.024629050338247575,283.174879,0.013126429835541933,39.82
City 868,-36.35,179.6,3.61,6.06,638.16,4310.34,72.3,67.85,2.85,Subtropical,4948.5,0.1480189453858893,49.05555,0.01371122562392644,36.35
City 869,52.03,-62.41,3.45,10.64,603.17,21753.96,70.77,299.45,4.3,Temperate,22357.129999999997,0.027725631304309453,211.920765,0.013393937415043881,52.03
City 870,63.0,89.35,2.57,10.02,458.16,19784.37,79.2,305.31,4.11,Polar,20242.53,0.02315650402292199,241.80552,0.015082600840902793,63.0
City 871,-11.47,110.4,6.27,4.69,1075.78,1894.3,75.3,44.52,2.89,Equatorial,2970.08,0.5676040732337888,33.52356,0.014989495232451652,11.47
City 872,-24.8,128.89,5.0,4.55,889.98,1804.46,73.97,38.28,2.65,Tropical,2694.44,0.492938087800339,28.315716000000002,0.014207033743560814,24.8
City 873,23.72,179.15,6.88,10.54,1173.68,22143.85,75.35,337.54,4.86,Tropical,23317.53,0.05300013321381721,254.33639,0.014475804255424997,23.72
City 874,-6.86,-93.06,7.2,3.75,1237.89,991.68,76.28,31.05,2.77,Equatorial,2229.57,1.2470181730265546,23.68494,0.013926452185847494,6.86
City 875,-56.7,-165.47,2.41,11.42,425.29,29448.06,79.22,473.14,4.68,Temperate,29873.350000000002,0.014441547540057305,374.82150799999994,0.01583819692133624,56.7
City 876,-39.7,-31.97,4.34,3.28,774.44,667.57,71.79,20.23,2.19,Subtropical,1442.0100000000002,1.158352902463467,14.523117000000003,0.014029028924903432,39.7
City 877,33.08,-133.17,4.38,10.26,755.78,19589.88,72.96,293.22,4.35,Subtropical,20345.66,0.038578154733222805,213.933312,0.014411918807254226,33.08
City 878,25.66,-171.93,4.7,9.2,813.78,15473.18,79.76,244.59,4.12,Tropical,16286.960000000001,0.0525895394780208,195.084984,0.015017535500793272,25.66
City 879,-56.48,-50.25,2.38,9.89,416.78,19201.28,73.71,274.82,3.95,Temperate,19618.059999999998,0.021704714231851635,202.569822,0.014008520720193537,56.48
City 880,-31.14,102.15,5.04,6.55,866.78,5435.41,70.23,84.28,3.18,Subtropical,6302.19,0.15943977735306938,59.189844,0.013373129023402977,31.14
City 881,-29.96,23.83,4.56,8.0,812.56,9680.69,71.48,137.92,3.57,Tropical,10493.25,0.08392749612929147,98.585216,0.01314368760870083,29.96
City 882,27.35,-67.4,5.57,12.46,989.94,35150.15,70.26,492.1,5.33,Tropical,36140.090000000004,0.028162378755744833,345.74946000000006,0.013616457512972436,27.35
City 883,-57.44,55.56,3.48,5.34,596.01,2974.49,79.9,56.5,2.71,Temperate,3570.5,0.20030650413881412,45.1435,0.015824114269710126,57.44
City 884,-46.47,-96.47,4.43,10.6,774.41,21628.22,72.79,298.86,4.45,Temperate,22402.63,0.03580388012142832,217.54019400000004,0.013340397980058592,46.47
City 885,43.99,-174.82,3.49,6.12,621.15,4157.15,79.24,68.8,2.92,Subtropical,4778.299999999999,0.14938133544965912,54.51712,0.014398426218529605,43.99
City 886,-36.79,95.17,4.66,7.63,808.34,8470.0,79.96,144.49,3.58,Subtropical,9278.34,0.09542438909219692,115.53420399999999,0.01557282876031704,36.79
City 887,24.86,44.55,5.58,5.87,983.26,3697.92,76.0,65.98,3.12,Tropical,4681.18,0.2658235376812691,50.144800000000004,0.014094736797132346,24.86
City 888,-29.04,94.43,4.73,5.83,806.54,3575.06,70.33,59.31,2.92,Tropical,4381.6,0.22553872138610648,41.712723,0.013536151177651999,29.04
City 889,-47.07,-165.98,3.32,8.68,584.44,12329.59,70.82,177.34,3.61,Temperate,12914.03,0.04739756978376542,125.592188,0.013732351558731084,47.07
City 890,-28.39,121.36,5.82,4.0,997.88,1172.49,74.82,30.27,2.62,Tropical,2170.37,0.8503523677236278,22.648014,0.013946930707667357,28.39
City 891,33.89,43.03,4.74,9.96,845.37,18115.26,74.06,275.66,4.31,Subtropical,18960.629999999997,0.04666360496040574,204.15379600000003,0.014538546451251888,33.89
City 892,51.24,22.82,3.73,4.64,647.56,1811.99,76.06,35.73,2.51,Temperate,2459.55,0.3571779215550003,27.176237999999998,0.014527047630664144,51.24
City 893,47.93,44.86,3.23,10.14,558.88,19207.18,74.39,290.22,4.16,Temperate,19766.06,0.029095937251733376,215.89465800000002,0.014682744057237507,47.93
City 894,-8.37,131.2,5.8,4.02,1035.62,1262.59,79.34,35.61,2.68,Equatorial,2298.21,0.8195854668048971,28.252974,0.015494667589123708,8.37
City 895,26.85,31.3,4.84,3.76,824.49,1041.0,75.35,27.74,2.42,Tropical,1865.49,0.7912571976967371,20.902089999999998,0.014870087751743508,26.85
City 896,-33.35,29.14,4.6,7.84,800.83,9114.22,76.94,137.62,3.59,Subtropical,9915.05,0.08785635453669798,105.884828,0.013879909834040173,33.35
City 897,-21.89,176.64,4.94,2.3,857.3,230.34,78.96,15.88,2.09,Tropical,1087.6399999999999,3.7058009855623757,12.538848,0.014600419256371596,21.89
City 898,56.52,92.42,3.04,9.75,525.19,16752.51,71.47,224.49,3.91,Temperate,17277.699999999997,0.03134805780997535,160.443003,0.012993048843306694,56.52
City 899,-58.31,-20.77,2.07,6.27,371.5,4479.12,72.3,66.22,2.68,Temperate,4850.62,0.08292188602091016,47.87706,0.013651863060804598,58.31
City 900,-48.88,74.66,3.02,10.04,535.74,18747.0,71.07,271.08,4.05,Temperate,19282.74,0.028575848090462982,192.656556,0.014058168081921965,48.88
City 901,-32.97,-39.88,5.03,4.99,857.84,2366.82,71.4,43.59,2.74,Subtropical,3224.6600000000003,0.36229105252933075,31.123260000000005,0.013517704192069862,32.97
City 902,-56.55,-97.6,3.34,8.53,592.26,12079.5,75.13,187.53,3.63,Temperate,12671.76,0.04902611646868921,140.891289,0.014799049224417129,56.55
City 903,-36.41,34.87,4.26,8.38,745.81,11289.39,73.21,164.37,3.67,Subtropical,12035.199999999999,0.06605706268782566,120.33527699999999,0.013657438181334754,36.41
City 904,15.8,154.15,5.39,3.65,964.04,912.06,74.23,26.01,2.46,Tropical,1876.1,1.0558342277615929,19.307223,0.013863866531634775,15.8
City 905,-5.21,154.49,6.12,4.38,1059.77,1528.79,79.82,40.89,2.83,Equatorial,2588.56,0.69275521476804,32.638397999999995,0.015796427357295178,5.21
City 906,56.05,-56.91,2.89,5.82,507.9,3856.62,71.57,58.88,2.67,Temperate,4364.5199999999995,0.13166149076373515,42.140415999999995,0.013490601486532312,56.05
City 907,46.27,9.96,4.08,10.2,714.65,19896.98,75.41,304.32,4.33,Temperate,20611.63,0.035915706016389604,229.487712,0.014764480053251488,46.27
City 908,-15.56,-103.81,6.37,9.97,1114.9,19289.6,70.99,267.58,4.5,Tropical,20404.5,0.057794988232610714,189.95504199999996,0.013113773922419074,15.56
City 909,-26.27,178.43,4.91,13.61,857.53,47943.65,73.18,710.65,5.87,Tropical,48801.18,0.017885832934435852,520.05367,0.014562147882489726,26.27
City 910,-10.64,173.2,5.68,5.29,977.01,2886.48,75.28,55.69,2.97,Equatorial,3863.49,0.33836078518292767,41.923432000000005,0.014414428405405475,10.64
City 911,16.74,53.82,5.96,7.64,1058.64,8851.27,79.47,153.71,3.78,Tropical,9909.91,0.11958966457191207,122.15333700000001,0.015510736222629672,16.74
City 912,-25.15,109.59,4.83,2.06,842.48,174.37,73.91,13.66,1.96,Tropical,1016.85,4.804014369618521,10.096105999999999,0.013433643113536902,25.15
City 913,21.14,77.44,5.26,9.87,944.82,18340.4,70.65,258.67,4.3,Tropical,19285.22,0.05151297065654748,182.750355,0.013412862285211161,21.14
City 914,-6.78,33.54,7.19,6.62,1240.76,5514.46,73.88,98.83,3.56,Equatorial,6755.22,0.22496038408401112,73.015604,0.014630167485292854,6.78
City 915,11.77,-160.79,6.59,3.97,1165.28,1156.7,71.46,32.78,2.7,Equatorial,2321.98,1.0065474648008983,23.424588,0.014117261991920689,11.77
City 916,-3.3,-16.28,6.85,7.42,1228.53,8128.78,72.3,122.41,3.74,Equatorial,9357.31,0.15111479031412905,88.50242999999999,0.01308175105879788,3.3
City 917,-21.72,62.92,4.84,5.54,855.56,3208.9,76.18,57.61,2.92,Tropical,4064.46,0.26653789837689645,43.887298,0.014174084626248014,21.72
City 918,63.3,63.91,2.67,9.18,478.02,14144.89,70.67,195.19,3.67,Polar,14622.91,0.033792147401117925,137.940773,0.01334823232858576,63.3
City 919,39.27,-45.68,4.78,9.12,852.6,14287.84,74.65,207.33,4.01,Subtropical,15140.44,0.059668944434957634,154.771845,0.013693789612455121,39.27
City 920,-41.79,159.01,3.89,5.52,674.82,3070.52,76.09,55.46,2.78,Subtropical,3745.34,0.21970229723394283,42.199514,0.014807734411295102,41.79
City 921,52.9,-119.75,3.97,11.84,699.16,31577.7,74.22,440.04,4.91,Temperate,32276.86,0.022140240098547436,326.597688,0.013633296423505881,52.9
City 922,3.37,0.13,7.41,1.7,1271.41,93.39,70.19,17.91,2.21,Equatorial,1364.8000000000002,13.469753151816931,12.571029,0.013122801875732707,3.37
City 923,56.29,68.72,3.89,7.0,682.38,6416.8,79.86,109.56,3.27,Temperate,7099.18,0.1063261553803484,87.49461600000001,0.015432768291549165,56.29
City 924,43.98,70.97,4.07,6.12,701.96,4166.77,73.67,68.02,2.95,Subtropical,4868.7300000000005,0.16842580084793546,50.110334,0.01397078909695136,43.98
City 925,-4.72,53.51,6.96,6.37,1235.52,5142.65,77.79,96.63,3.51,Equatorial,6378.17,0.24020296870899072,75.168477,0.015150113590575352,4.72
City 926,-57.08,-80.9,3.71,8.17,650.57,10643.77,73.26,164.83,3.54,Temperate,11294.34,0.061116398005781246,120.75445800000001,0.01459403559659086,57.08
City 927,-25.07,-123.77,5.47,3.14,952.16,607.58,74.75,21.26,2.34,Tropical,1559.74,1.5645601235663347,15.891850000000002,0.013630476874350855,25.07
City 928,10.41,48.94,6.02,3.53,1039.67,821.97,73.88,26.71,2.52,Equatorial,1861.64,1.2633145801183518,19.733348,0.014347564513010034,10.41
City 929,22.35,35.75,5.21,6.16,937.93,4552.23,73.43,74.42,3.13,Tropical,5490.16,0.20599222969188907,54.64660600000001,0.013555160505340464,22.35
City 930,-26.47,-115.43,5.27,3.7,899.01,957.06,70.22,24.54,2.41,Tropical,1856.07,0.9383650293301047,17.231987999999998,0.013221484103509026,26.47
City 931,-41.88,73.85,3.42,5.31,583.38,2753.9,73.6,44.37,2.62,Subtropical,3337.28,0.2117608624632473,32.656319999999994,0.013295258414037777,41.88
City 932,48.54,-16.14,3.53,14.13,607.86,51508.29,78.89,751.28,5.92,Temperate,52116.15,0.011800978037165724,592.684792,0.0144154930861163,48.54
City 933,67.97,60.39,2.79,8.65,501.43,12078.96,76.9,180.33,3.59,Polar,12580.39,0.04150924340809076,138.67377000000002,0.014334213804182544,67.97
City 934,8.34,121.45,5.32,4.03,956.6,1192.89,71.45,28.7,2.52,Equatorial,2149.4900000000002,0.8012463459782727,20.50615,0.013352004428957565,8.34
City 935,-37.68,-118.9,5.13,6.85,905.61,6427.49,75.91,110.22,3.36,Subtropical,7333.099999999999,0.1408744510763803,83.668002,0.015030478242489535,37.68
City 936,-24.6,-173.11,5.84,5.41,1044.05,2860.33,78.92,60.04,3.06,Tropical,3904.38,0.3648827643089053,47.383568000000004,0.015377601565421398,24.6
City 937,-57.61,100.48,2.74,11.31,471.23,27348.68,77.0,427.24,4.61,Temperate,27819.91,0.0172298176797681,328.9748,0.015357346590984658,57.61
City 938,58.86,39.49,3.15,12.26,566.4,34804.07,71.49,485.43,4.94,Temperate,35370.47,0.016273491189645647,347.03390699999994,0.013724160295297178,58.86
City 939,-44.69,71.87,3.87,7.7,663.96,8506.49,78.68,133.36,3.46,Subtropical,9170.45,0.07804417048976843,104.92764800000003,0.014542361607118517,44.69
City 940,14.95,121.74,6.57,2.4,1123.32,265.79,73.02,18.92,2.3,Equatorial,1389.11,4.21050264252783,13.815384000000002,0.01362023165911987,14.95
City 941,-24.37,109.01,5.79,9.62,989.98,16309.22,74.54,240.36,4.33,Tropical,17299.2,0.06069691273324333,179.16434400000003,0.013894284128745838,24.37
City 942,12.04,165.93,5.46,4.97,958.96,2396.36,75.26,47.1,2.84,Equatorial,3355.32,0.40000667400807555,35.44746000000001,0.014037409248596259,12.04
City 943,24.68,12.94,5.57,10.79,989.64,23474.99,78.51,371.56,4.82,Tropical,24464.63,0.04215541069833476,291.71175600000004,0.01518764027904775,24.68
City 944,47.87,-4.14,3.55,3.17,615.92,612.62,79.32,18.57,2.12,Temperate,1228.54,1.0037482481014308,14.729724,0.01511550295472675,47.87
City 945,-33.17,-35.32,4.72,7.81,848.53,9239.01,79.3,150.15,3.64,Subtropical,10087.54,0.09183215169680552,119.06895,0.014884699341960477,33.17
City 946,-58.57,-124.67,2.54,14.65,442.13,62232.11,70.08,803.69,5.9,Temperate,62674.24,0.007104417568075901,563.225952,0.012823290717206942,58.57
City 947,-42.2,26.14,4.92,7.34,843.76,7770.57,79.22,123.14,3.51,Subtropical,8614.33,0.10857008300768056,97.551508,0.014294785549195353,42.2
City 948,57.0,-80.28,3.53,9.14,616.52,14656.08,70.54,198.65,3.78,Temperate,15272.6,0.042062948418102375,140.12771000000004,0.013006953629375482,57.0
City 949,53.61,151.67,2.88,10.1,508.75,19342.01,72.66,262.72,4.05,Temperate,19850.76,0.026301490822783012,190.89235200000002,0.013234757762423204,53.61
City 950,17.66,29.95,5.1,4.37,908.77,1585.48,75.15,36.68,2.63,Tropical,2494.25,0.5728215924562553,27.565020000000004,0.014705823393805753,17.66
City 951,18.07,33.42,5.54,5.03,967.65,2481.28,74.8,47.02,2.86,Tropical,3448.9300000000003,0.3898230658910356,35.17096,0.013633213779346058,18.07
City 952,26.45,-52.23,5.37,5.8,943.97,3856.33,76.05,71.0,3.08,Tropical,4800.3,0.24472108945825222,53.9955,0.014790742245276337,26.45
City 953,-37.2,-161.28,4.52,6.15,779.79,4238.58,74.79,70.46,3.03,Subtropical,5018.37,0.18393095542482982,52.697034,0.014040415513403754,37.2
City 954,58.87,-168.57,3.51,12.96,618.56,40852.82,79.34,597.12,5.4,Temperate,41471.38,0.015140811801687087,473.75500800000003,0.014398363401459032,58.87
City 955,-5.56,-27.6,7.01,5.71,1260.06,3637.5,72.41,69.59,3.25,Equatorial,4897.5599999999995,0.3463130410883606,50.390119000000006,0.014209116376318005,5.56
City 956,-10.19,-149.56,6.77,5.65,1154.45,3394.59,72.74,63.4,3.2,Equatorial,4549.04,0.3399850983187016,46.11715999999999,0.013937006489281254,10.19
City 957,7.46,38.46,6.64,6.77,1187.89,5784.59,79.21,102.01,3.58,Equatorial,6972.4800000000005,0.20531873153818367,80.802121,0.014630375418789298,7.46
City 958,-53.89,137.15,2.53,8.73,444.81,12517.21,70.77,181.53,3.52,Temperate,12962.019999999999,0.035533035473921594,128.468781,0.014004761603515502,53.89
City 959,-38.38,137.85,4.22,5.9,727.23,3950.08,76.1,64.39,2.93,Subtropical,4677.3099999999995,0.18405853589398344,49.000789999999995,0.013766459781370062,38.38
City 960,35.94,57.26,5.01,6.09,900.25,4512.52,76.82,76.52,3.12,Subtropical,5412.77,0.19945630018256258,58.782664,0.014136939127286027,35.94
City 961,-49.24,-103.96,3.53,8.93,616.76,13511.59,75.06,206.82,3.79,Temperate,14128.35,0.04564335926717232,155.239092,0.014638652071897991,49.24
City 962,18.41,130.68,5.96,3.19,1033.46,599.51,76.94,24.4,2.46,Tropical,1632.97,1.7209705084011924,18.773359999999997,0.014942099364960775,18.41
City 963,-28.1,138.99,4.87,5.56,837.31,3149.49,71.73,53.13,2.88,Tropical,3986.7999999999997,0.2657713562017337,38.11014900000001,0.01332647737533862,28.1
City 964,-9.39,-109.2,5.83,3.65,1004.95,878.59,78.53,26.81,2.57,Equatorial,1883.54,1.1425209472595186,21.053893,0.014233836286991515,9.39
City 965,-22.47,85.47,5.37,11.56,956.81,29520.53,71.4,429.04,5.0,Tropical,30477.34,0.032410583055824005,306.33456000000007,0.01407734402018024,22.47
City 966,-13.76,-76.85,6.19,1.0,1090.53,19.09,74.01,15.3,1.9,Equatorial,1109.62,54.282229965156795,11.32353,0.01378850417259963,13.76
City 967,33.48,108.95,4.33,6.9,775.44,6044.19,70.75,88.74,3.18,Subtropical,6819.629999999999,0.12827388386469243,62.78355,0.013012436158559923,33.48
City 968,-21.37,179.01,5.39,10.45,928.11,22138.46,75.45,331.24,4.62,Tropical,23066.57,0.04192107666582654,249.92058,0.014360175786863848,21.37
City 969,13.63,-169.19,5.58,5.67,954.67,3547.3,76.7,68.44,3.08,Equatorial,4501.97,0.26904996759011357,52.49348,0.015202233688807344,13.63
City 970,1.89,143.05,7.43,6.07,1263.14,4146.07,79.41,77.69,3.49,Equatorial,5409.21,0.3045861294841901,61.693628999999994,0.014362540925569538,1.89
City 971,26.28,44.15,5.01,6.88,877.73,6078.83,77.39,105.16,3.36,Tropical,6956.5599999999995,0.14436752343404338,81.383324,0.01511666685833228,26.28
City 972,61.79,170.42,3.4,8.51,612.16,12316.12,75.41,186.65,3.64,Polar,12928.28,0.04969992985373203,140.752765,0.014437342013013332,61.79
City 973,35.23,-12.6,5.3,1.92,937.47,132.42,79.33,16.0,2.05,Subtropical,1069.89,7.026457802428422,12.6928,0.01495480843825066,35.23
City 974,-32.06,125.06,4.72,7.72,816.17,8979.84,74.78,142.77,3.56,Subtropical,9796.01,0.09087902690616913,106.76340600000002,0.01457430116955781,32.06
City 975,-55.95,-157.54,2.58,7.66,461.14,8482.53,75.61,134.79,3.23,Temperate,8943.67,0.054357089560595644,101.91471899999999,0.01507099434572161,55.95
City 976,-25.91,-59.3,4.14,4.59,736.81,1893.75,75.96,36.88,2.55,Tropical,2630.56,0.3888692439635836,28.014048,0.014019828477586522,25.91
City 977,17.36,-155.87,5.05,4.49,859.07,1766.84,74.1,35.58,2.64,Tropical,2625.91,0.48594329803602143,26.364779999999996,0.013549588523597535,17.36
City 978,-53.31,171.12,2.58,13.69,459.86,49648.98,78.38,778.71,5.71,Temperate,50108.840000000004,0.009262037970609455,610.352898,0.015540371718842424,53.31
City 979,4.53,114.11,7.37,10.46,1275.45,22587.93,71.85,331.57,4.87,Equatorial,23863.38,0.05646349782836106,238.23304499999998,0.01389451117151049,4.53
City 980,17.59,126.92,5.83,6.3,999.25,4975.22,75.55,85.2,3.29,Tropical,5974.47,0.20080502871657602,64.3686,0.014260679189953251,17.59
City 981,-16.55,157.67,6.04,4.49,1039.85,1737.71,77.22,41.07,2.82,Tropical,2777.56,0.5980583306014229,31.714254,0.014786359250565245,16.55
City 982,40.22,-149.36,3.07,5.08,537.07,2420.27,79.04,45.56,2.57,Subtropical,2957.34,0.22181334588872784,36.010624,0.015405736235941759,40.22
City 983,-46.14,-41.18,3.17,9.79,552.55,17613.81,78.84,279.94,4.1,Temperate,18166.36,0.03136849049180774,220.704696,0.01540980141316147,46.14
City 984,-50.23,-154.43,3.93,13.48,678.99,47810.12,75.09,722.35,5.73,Temperate,48489.11,0.014201507933719184,542.4126150000001,0.014897159382797499,50.23
City 985,34.66,-104.11,4.72,6.85,809.99,6198.8,76.43,101.0,3.3,Subtropical,7008.79,0.13064776283105906,77.1943,0.014410475988009343,34.66
City 986,4.41,-97.43,6.62,1.0,1175.4,18.36,73.94,16.41,1.96,Equatorial,1193.76,60.71280991735538,12.133553999999998,0.0137464817048653,4.41
City 987,29.49,-11.12,5.22,8.62,938.72,11612.29,74.68,180.71,3.91,Tropical,12551.01,0.08083153008320638,134.95422800000003,0.014398044460166952,29.49
City 988,-3.47,-83.32,7.5,6.81,1333.33,6118.17,79.06,110.94,3.73,Equatorial,7451.5,0.21789393005914198,87.709164,0.014888277528014493,3.47
City 989,-27.97,-143.65,4.93,2.83,852.99,420.32,79.31,19.38,2.23,Tropical,1273.31,2.0245656508117347,15.370278,0.01522017419167367,27.97
City 990,46.48,-119.7,3.78,9.09,652.0,14268.04,78.95,221.93,3.93,Temperate,14920.04,0.04569333325857941,175.213735,0.01487462500100536,46.48
City 991,43.92,-126.98,4.02,9.52,692.43,16821.51,71.38,228.86,4.0,Subtropical,17513.94,0.0411609206949498,163.360268,0.013067305243708728,43.92
City 992,30.31,170.31,6.07,6.85,1040.94,6142.63,78.5,106.8,3.52,Subtropical,7183.57,0.1694340316718292,83.838,0.014867259593767444,30.31
City 993,-24.62,93.35,4.23,4.49,741.87,1639.14,79.48,36.68,2.57,Tropical,2381.01,0.4523211433170339,29.153264,0.015405227193501916,24.62
City 994,16.73,168.39,6.17,8.21,1086.34,10176.93,73.61,162.5,3.91,Tropical,11263.27,0.10673486652000946,119.61625,0.014427426493371817,16.73
City 995,-13.07,-21.69,6.03,4.3,1067.19,1464.87,75.19,36.15,2.74,Equatorial,2532.06,0.7280249953952261,27.181184999999996,0.014276912869363285,13.07
City 996,-48.09,-79.79,3.92,5.1,692.5,2451.03,77.79,44.82,2.68,Temperate,3143.53,0.28241905686308894,34.865478,0.014257856613425034,48.09
City 997,59.25,107.39,2.52,4.8,436.42,2117.55,75.62,36.37,2.37,Temperate,2553.9700000000003,0.20599938637275494,27.502993999999997,0.014240574478165364,59.25
City 998,-42.21,-62.55,4.02,11.37,696.78,27965.02,79.93,448.42,4.87,Subtropical,28661.8,0.024915236419054264,358.42210600000004,0.01564521418752486,42.21
City 999,63.53,-72.22,2.91,11.89,514.27,30976.51,74.56,442.0,4.78,Polar,31490.78,0.016601398885836855,329.5552,0.014035854304021685,63.53
City 1000,-2.02,-96.3,7.5,4.42,1301.21,1567.96,77.14,42.92,3.01,Equatorial,2869.17,0.8293455537426065,33.108488,0.014959029963369197,2.02
City 1001,-35.93,-133.32,4.89,6.49,841.48,5020.19,77.93,86.85,3.23,Subtropical,5861.67,0.1675857715003814,67.68220500000001,0.014816596635429833,35.93
City 1002,10.45,-87.67,5.84,3.72,1015.47,1029.81,74.94,28.33,2.56,Equatorial,2045.28,0.9851184990444408,21.230501999999998,0.013851404208714698,10.45
City 1003,53.48,-52.08,3.04,6.66,525.82,5591.54,78.57,94.17,3.02,Temperate,6117.36,0.0940216788793643,73.989369,0.015393895405861353,53.48
City 1004,35.19,62.64,4.31,6.44,736.51,5271.64,75.46,82.37,3.1,Subtropical,6008.150000000001,0.13968524306609212,62.156402,0.013709710975924369,35.19
City 1005,44.85,-157.48,2.96,3.19,528.21,636.46,74.12,16.44,1.98,Subtropical,1164.67,0.8286166975182757,12.185328000000002,0.01411558638927765,44.85
City 1006,25.64,-104.22,5.04,4.72,899.8,2005.47,71.08,38.03,2.67,Tropical,2905.27,0.44844926662247625,27.031724,0.01309000540397278,25.64
City 1007,30.0,111.25,5.27,6.22,906.91,4676.75,73.93,74.86,3.16,Tropical,5583.66,0.19387739832184275,55.343998,0.013406976785835814,30.0
City 1008,50.4,-127.11,2.84,10.56,483.82,21676.58,77.34,325.74,4.29,Temperate,22160.4,0.022318911981872514,251.92731600000002,0.014699193155358206,50.4
City 1009,-27.54,-56.65,5.6,6.65,992.7,5709.9,79.21,100.87,3.4,Tropical,6702.599999999999,0.17382549160377525,79.899127,0.015049383821203714,27.54
City 1010,3.63,131.28,6.99,6.35,1203.11,4747.97,72.52,83.78,3.43,Equatorial,5951.08,0.2533412508396557,60.757256,0.014078116913232557,3.63
City 1011,-31.24,-124.23,4.45,10.5,773.29,22744.92,73.55,337.13,4.49,Subtropical,23518.21,0.03399686625117823,247.959115,0.014334849463458317,31.24
City 1012,68.4,-150.21,2.14,13.49,365.42,44550.99,71.54,625.17,5.3,Polar,44916.409999999996,0.00820210275680166,447.246618,0.013918521092847804,68.4
City 1013,62.73,-5.57,3.41,11.45,587.11,29334.05,76.91,433.06,4.75,Polar,29921.16,0.020013942365872908,333.066446,0.014473369347979824,62.73
City 1014,-54.87,-71.13,3.53,9.52,627.3,15688.57,79.6,250.19,4.04,Temperate,16315.869999999999,0.03998197528676694,199.15124,0.015334150125000997,54.87
City 1015,31.72,22.83,4.78,4.72,851.7,2078.76,76.41,42.89,2.69,Subtropical,2930.46,0.40951840596991956,32.772248999999995,0.014635927465312613,31.72
City 1016,60.28,109.37,2.66,11.88,457.95,31185.23,76.17,454.17,4.77,Polar,31643.18,0.01468436550362131,345.94128900000004,0.01435285581284814,60.28
City 1017,-36.53,-130.63,4.48,11.85,776.92,32145.32,75.53,477.32,5.05,Subtropical,32922.24,0.024168240719310948,360.519796,0.014498405940786533,36.53
City 1018,13.83,29.05,5.78,6.24,989.64,4607.16,70.88,78.93,3.21,Equatorial,5596.8,0.21475816811916254,55.945584,0.01410270154373928,13.83
City 1019,59.01,1.98,1.82,14.69,310.18,59437.74,77.3,849.1,5.94,Temperate,59747.92,0.005218482087608183,656.3543,0.014211373383374686,59.01
City 1020,-55.59,-128.13,4.13,5.74,743.08,3657.39,76.02,66.27,2.88,Temperate,4400.47,0.20311667154130644,50.37845399999999,0.015059754980717967,55.59
City 1021,30.66,44.64,4.93,4.18,870.62,1454.13,76.61,32.25,2.56,Subtropical,2324.75,0.5983108038457045,24.706725000000002,0.013872459404237016,30.66
City 1022,-21.34,-81.49,5.7,8.27,1000.77,10236.81,78.99,165.25,3.91,Tropical,11237.58,0.0977523513329511,130.530975,0.014705123345061837,21.34
City 1023,60.17,-4.38,2.76,10.68,490.16,24151.61,77.84,356.31,4.36,Polar,24641.77,0.020294287035645425,277.35170400000004,0.014459594420368342,60.17
City 1024,66.24,-150.38,2.0,13.91,356.05,51704.2,77.81,779.88,5.68,Polar,52060.25,0.0068861545840650466,606.824628,0.014980335284598134,66.24
City 1025,62.75,-14.55,2.51,10.24,447.7,21041.22,79.27,311.09,4.16,Polar,21488.920000000002,0.021276272180406817,246.60104299999995,0.014476762908512849,62.75
City 1026,1.65,-69.67,6.08,1.99,1035.45,148.98,79.9,18.7,2.19,Equatorial,1184.43,6.903920522736366,14.941300000000002,0.015788185034151445,1.65
City 1027,52.07,116.06,4.49,8.67,772.37,12356.86,75.81,195.66,3.85,Temperate,13129.230000000001,0.06250030345059743,148.329846,0.014902625668070404,52.07
City 1028,49.79,-159.49,2.9,5.15,511.52,2691.96,71.09,43.96,2.48,Temperate,3203.48,0.18994712138316203,31.251164000000003,0.013722576697841098,49.79
City 1029,-18.52,-29.3,5.19,3.03,901.43,523.92,74.59,20.11,2.27,Tropical,1425.35,1.7172712032309685,15.000049,0.014108815378678922,18.52
City 1030,47.76,-14.96,3.44,11.21,618.01,26841.37,77.88,424.82,4.69,Temperate,27459.379999999997,0.02302367488414771,330.849816,0.015470851854630367,47.76
City 1031,-55.19,81.0,3.78,11.7,667.89,28900.16,70.28,408.56,4.76,Temperate,29568.05,0.02310945304617531,287.135968,0.013817617326810527,55.19
City 1032,17.52,26.74,5.78,6.66,1038.1,5408.66,70.57,86.43,3.32,Tropical,6446.76,0.19189745751119291,60.993651,0.013406734545725295,17.52
City 1033,-30.1,60.2,4.28,2.71,735.36,382.6,70.67,15.33,2.02,Subtropical,1117.96,1.9169968717413972,10.833711000000001,0.013712476296110773,30.1
City 1034,-44.33,99.74,4.52,7.54,808.22,8319.39,77.31,135.02,3.5,Subtropical,9127.609999999999,0.0971372736133763,104.38396200000001,0.014792481273849346,44.33
City 1035,-50.0,130.39,3.87,5.94,669.6,4010.87,75.01,67.32,2.88,Temperate,4680.47,0.16690471027226705,50.496732,0.014383170920869055,50.0
City 1036,30.52,-67.0,5.13,9.99,923.4,18248.72,73.69,263.65,4.35,Subtropical,19172.120000000003,0.050598036572615905,194.28368499999996,0.013751739505072988,30.52
City 1037,-15.82,13.69,6.25,4.12,1072.48,1323.35,71.06,32.22,2.68,Tropical,2395.83,0.8098161362177673,22.895532,0.01344836653685779,15.82
City 1038,34.22,122.44,5.8,4.71,1016.26,1951.99,77.32,41.67,2.84,Subtropical,2968.25,0.5203610873583582,32.219243999999996,0.014038574917880907,34.22
City 1039,-51.5,176.2,4.49,9.22,798.42,14908.51,73.21,215.2,3.99,Temperate,15706.93,0.05355105566849615,157.54791999999998,0.013700958748781588,51.5
City 1040,-19.01,140.23,5.33,4.3,928.42,1570.44,72.65,35.21,2.61,Tropical,2498.86,0.5908084304841419,25.580065000000005,0.014090425233906662,19.01
City 1041,10.13,-46.27,7.1,8.72,1240.68,12976.12,76.52,216.57,4.28,Equatorial,14216.800000000001,0.09560518820816945,165.71936399999998,0.01523338585335659,10.13
City 1042,42.79,-109.74,4.2,6.44,754.71,4857.85,75.59,84.54,3.09,Subtropical,5612.56,0.15532687775914053,63.90378600000001,0.015062645210028935,42.79
City 1043,-18.56,-3.82,5.95,2.36,1036.84,259.39,73.62,18.24,2.2,Tropical,1296.23,3.981873343830408,13.428288,0.014071576803499377,18.56
City 1044,21.37,86.99,4.66,1.0,820.04,18.94,76.41,12.32,1.7,Tropical,838.98,41.12537612838515,9.413711999999999,0.014684497842618417,21.37
City 1045,55.18,-2.68,3.05,9.44,520.57,16397.58,72.71,226.0,3.85,Temperate,16918.15,0.03174482180774189,164.3246,0.013358434580613128,55.18
City 1046,20.06,-6.05,5.19,4.6,925.87,1780.93,77.95,40.91,2.73,Tropical,2706.8,0.5195883115498364,31.889345,0.015113787498152799,20.06
City 1047,-29.72,121.76,5.33,3.4,941.35,759.7,72.29,22.31,2.37,Tropical,1701.0500000000002,1.23747863809649,16.127899,0.013115428705799357,29.72
City 1048,-56.83,-49.89,3.56,12.66,619.16,37445.86,71.59,506.02,5.13,Temperate,38065.020000000004,0.016534363628886373,362.259718,0.013293569791898177,56.83
City 1049,53.11,129.53,2.24,10.98,381.99,24984.07,77.82,381.73,4.4,Temperate,25366.06,0.015288730429812684,297.062286,0.015048848737249695,53.11
City 1050,-57.23,-33.55,2.98,9.65,524.68,16220.57,77.08,240.34,3.96,Temperate,16745.25,0.03234458810090515,185.254072,0.014352726892700915,57.23
City 1051,53.71,-61.84,3.8,12.78,646.68,38222.37,71.83,505.31,5.19,Temperate,38869.05,0.01691844544319352,362.964173,0.013000317733518054,53.71
City 1052,8.76,-16.56,6.29,6.53,1069.94,5069.16,71.16,85.91,3.37,Equatorial,6139.1,0.2110268709468735,61.133556,0.01399390790180971,8.76
City 1053,62.08,94.48,3.02,8.15,531.83,10006.47,78.38,153.81,3.48,Polar,10538.3,0.05314330195344079,120.556278,0.014595333213136845,62.08
City 1054,43.84,-134.64,4.11,5.79,705.89,3525.63,77.77,59.65,2.9,Subtropical,4231.52,0.20015992604838045,46.389804999999996,0.014096589405225544,43.84
City 1055,69.73,-109.29,2.29,13.02,393.63,42764.35,73.27,573.94,5.15,Polar,43157.979999999996,0.009204414321407402,420.525838,0.013298583483286292,69.73
City 1056,-14.41,162.52,5.86,6.43,1033.74,4804.43,76.58,82.73,3.33,Equatorial,5838.17,0.21511914646556082,63.354634000000004,0.014170536315317986,14.41
City 1057,39.73,-116.82,3.61,8.4,615.69,11392.06,71.24,157.03,3.56,Subtropical,12007.75,0.05404079325484111,111.868172,0.013077387520559638,39.73
City 1058,-7.75,24.38,5.9,2.66,1020.94,343.55,75.07,20.02,2.29,Equatorial,1364.49,2.9631113046002033,15.029013999999997,0.014672148568329558,7.75
City 1059,2.38,28.55,7.19,5.76,1232.67,3797.64,70.19,65.82,3.26,Equatorial,5030.3099999999995,0.32450298001389977,46.199057999999994,0.013084680665803896,2.38
City 1060,21.58,-3.74,5.5,4.27,966.81,1545.39,73.92,36.41,2.65,Tropical,2512.2,0.6252045085651097,26.914271999999997,0.01449327282859645,21.58
City 1061,53.58,52.11,3.18,9.1,561.69,13917.15,70.75,187.95,3.71,Temperate,14478.84,0.0403566565958838,132.974625,0.012981012291039888,53.58
City 1062,67.93,-97.26,2.03,14.41,360.25,57542.05,74.75,821.76,5.84,Polar,57902.3,0.0062605301595935565,614.2656,0.014192182348542285,67.93
City 1063,39.88,18.96,4.06,6.34,699.89,4591.54,74.22,76.09,3.02,Subtropical,5291.43,0.1523971484189577,56.473998,0.014379855728980635,39.88
City 1064,-5.69,-46.02,7.13,1.0,1217.63,19.86,74.44,17.78,2.04,Equatorial,1237.49,58.371524448705664,13.235432000000001,0.014367792871053504,5.69
City 1065,-5.22,58.2,6.47,1.89,1104.43,128.79,70.45,16.68,2.13,Equatorial,1233.22,8.509361275907235,11.75106,0.013525567214284556,5.22
City 1066,35.89,-129.16,3.82,10.07,665.24,18492.69,73.62,279.95,4.21,Subtropical,19157.93,0.03597118801061335,206.09919000000002,0.014612747828183942,35.89
City 1067,-28.96,25.52,5.34,7.53,959.15,7986.37,77.56,128.07,3.61,Tropical,8945.52,0.12008333155969987,99.33109199999998,0.014316663536608267,28.96
City 1068,-45.64,-113.3,3.7,8.24,637.55,10162.64,73.69,151.11,3.55,Temperate,10800.189999999999,0.06272851065169566,111.35295900000001,0.013991420521305647,45.64
City 1069,-13.9,-79.69,6.04,4.12,1042.78,1311.08,77.15,35.9,2.72,Equatorial,2353.8599999999997,0.7947533686970307,27.696849999999998,0.0152515442719618,13.9
City 1070,-22.66,-101.26,6.22,7.48,1063.28,8091.61,73.69,122.49,3.67,Tropical,9154.89,0.13138900799618417,90.262881,0.013379734764699521,22.66
City 1071,-21.48,-114.18,5.49,4.03,965.86,1235.23,74.23,29.59,2.58,Tropical,2201.09,0.7812947428876503,21.964657000000003,0.01344333943637016,21.48
City 1072,-29.63,117.26,5.07,7.73,896.44,8659.29,75.64,133.47,3.61,Tropical,9555.730000000001,0.10351154522539083,100.95670799999999,0.013967535708941126,29.63
City 1073,-54.53,-77.15,2.59,7.62,457.58,8084.34,79.51,130.84,3.26,Temperate,8541.92,0.056593785790084276,104.030884,0.01531739936688707,54.53
City 1074,-57.68,153.76,2.85,7.52,509.55,7873.94,71.09,110.37,3.16,Temperate,8383.49,0.06470525489718017,78.462033,0.013165161525808464,57.68
City 1075,68.4,169.17,2.52,9.25,440.04,14389.13,70.33,191.69,3.65,Polar,14829.17,0.030579292890335254,134.815577,0.012926549496701434,68.4
City 1076,-4.39,25.65,5.92,3.5,1013.51,841.3,76.08,26.7,2.52,Equatorial,1854.81,1.2032648699988129,20.31336,0.014395005418344736,4.39
City 1077,-10.04,-128.52,6.4,4.88,1106.14,2125.48,79.49,49.39,3.0,Equatorial,3231.62,0.5201741845679245,39.260110999999995,0.01528335633521268,10.04
City 1078,28.35,-45.16,5.07,7.42,894.71,7852.63,79.9,129.27,3.57,Tropical,8747.34,0.1139231158075947,103.28673,0.01477820686059991,28.35
City 1079,-31.63,107.18,4.81,1.0,846.62,18.69,74.84,12.05,1.7,Subtropical,865.3100000000001,42.997460639918735,9.018220000000001,0.013925645144514682,31.63
City 1080,63.49,-47.74,3.07,8.33,538.89,10666.82,74.68,160.9,3.5,Polar,11205.71,0.050515475514210026,120.16012,0.014358751029609013,63.49
City 1081,42.22,-148.67,4.21,7.24,744.71,7327.22,76.45,122.75,3.36,Subtropical,8071.93,0.10162222204027718,93.842375,0.015207019882481637,42.22
City 1082,-48.38,20.44,4.35,12.6,767.7,37837.93,75.56,564.41,5.35,Temperate,38605.63,0.020288628668939636,426.468196,0.014619888342710635,48.38
City 1083,-5.71,124.24,6.1,1.87,1091.33,123.22,76.34,18.14,2.13,Equatorial,1214.55,8.785461278377072,13.848076,0.014935572845910008,5.71
City 1084,54.29,106.53,3.27,9.84,574.71,18254.54,78.74,277.75,4.12,Temperate,18829.25,0.03148140235785959,218.70035,0.014750985833211626,54.29
City 1085,62.82,-116.96,2.65,14.02,470.27,52301.47,77.46,758.07,5.76,Polar,52771.74,0.008991353563225599,587.201022,0.01436507494352091,62.82
City 1086,0.76,62.2,6.41,1.0,1105.99,18.61,74.97,15.94,1.94,Equatorial,1124.6,56.39928607853136,11.950218,0.014173928507913925,0.76
City 1087,19.74,-100.62,6.1,6.96,1077.68,6443.76,74.62,110.08,3.52,Tropical,7521.4400000000005,0.1672180189797603,82.14169600000001,0.014635495330681357,19.74
City 1088,-38.29,-101.45,5.48,5.82,981.46,3818.1,76.4,69.35,3.1,Subtropical,4799.5599999999995,0.25698724830457437,52.9834,0.01444924118044154,38.29
City 1089,68.85,134.67,2.17,9.62,377.59,16090.61,74.56,241.8,3.81,Polar,16468.2,0.023465023077243356,180.28608,0.014682843297992495,68.85
City 1090,-29.88,-90.12,5.16,4.98,917.53,2338.88,74.58,48.52,2.8,Tropical,3256.41,0.3921269466810263,36.186216,0.01489984369290108,29.88
City 1091,62.56,-85.23,2.66,8.43,472.08,10836.56,70.16,143.96,3.4,Polar,11308.64,0.043559620431167165,101.002336,0.012730089559840972,62.56
City 1092,24.45,-179.76,4.93,13.25,841.28,42740.7,71.74,565.63,5.56,Tropical,43581.979999999996,0.01968288580005007,405.782962,0.012978529199453536,24.45
City 1093,19.01,133.44,4.76,8.01,836.74,9833.04,74.89,146.21,3.64,Tropical,10669.78,0.08508608872853883,109.496669,0.01370318788203693,19.01
City 1094,6.65,105.33,6.18,7.42,1058.93,8058.74,78.23,133.87,3.72,Equatorial,9117.67,0.13138513153029752,104.72650100000001,0.014682479186020113,6.65
City 1095,-30.01,45.84,4.2,8.23,755.19,11023.3,72.79,156.57,3.61,Subtropical,11778.49,0.06850230853659643,113.96730300000002,0.01329287540253462,30.01
City 1096,-37.05,90.1,5.26,3.69,936.61,911.03,75.23,27.44,2.47,Subtropical,1847.6399999999999,1.0269508678442596,20.643112000000002,0.014851377974064214,37.05
City 1097,-31.34,-125.26,4.75,8.12,812.52,10089.74,73.45,144.51,3.65,Subtropical,10902.26,0.08052134927666356,106.142595,0.013255049870393843,31.34
City 1098,-35.76,-15.0,4.32,10.26,740.28,20691.86,71.05,283.71,4.31,Subtropical,21432.14,0.03577465850539751,201.575955,0.013237595499096217,35.76
City 1099,41.35,-53.56,4.55,6.0,800.61,3953.71,79.58,69.5,3.05,Subtropical,4754.32,0.20244467988803225,55.308099999999996,0.014618284002759597,41.35
City 1100,-14.48,-146.24,5.43,7.86,941.01,9490.06,78.55,162.74,3.76,Equatorial,10431.07,0.09914698674331424,127.83227000000001,0.015601467538804745,14.48
City 1101,-52.48,-4.99,2.94,11.01,501.33,26002.07,70.78,362.81,4.41,Temperate,26503.4,0.01927964659557506,256.796918,0.013689187047699539,52.48
City 1102,65.98,151.47,2.42,15.23,423.67,69948.35,77.2,1076.96,6.49,Polar,70372.02,0.006056811106893774,831.41312,0.015303809667535478,65.98
City 1103,54.89,-165.58,3.67,8.44,638.47,10850.35,73.48,168.36,3.62,Temperate,11488.82,0.05883784045303119,123.71092800000002,0.014654246476139414,54.89
City 1104,60.61,-75.07,3.01,7.32,514.45,7220.37,79.95,117.46,3.23,Polar,7734.82,0.07123994477502192,93.90926999999999,0.015185873750132518,60.61
City 1105,69.34,-105.29,2.27,10.03,404.19,19830.2,73.02,272.89,3.96,Polar,20234.39,0.02038152002904514,199.264278,0.01348644560078164,69.34
City 1106,-37.39,-94.27,4.42,11.33,792.12,28117.42,72.39,384.79,4.75,Subtropical,28909.539999999997,0.02817085739525905,278.549481,0.013310139144379332,37.39
City 1107,-8.49,147.04,6.61,1.0,1172.99,19.79,75.68,16.65,1.97,Equatorial,1192.78,56.420875420875426,12.60072,0.0139589865691913,8.49
City 1108,38.57,-11.5,4.4,2.69,784.34,351.09,78.35,17.27,2.11,Subtropical,1135.43,2.227669061887586,13.531044999999999,0.015210096615379195,38.57
City 1109,30.48,-12.13,4.35,7.27,749.13,7380.43,71.93,105.72,3.31,Subtropical,8129.56,0.10148846497223438,76.044396,0.01300439384173313,30.48
City 1110,-39.99,93.81,4.22,6.89,729.13,6267.59,77.09,97.65,3.24,Subtropical,6996.72,0.11631483316024815,75.27838500000001,0.013956539635715021,39.99
City 1111,46.06,-124.38,3.24,8.63,557.4,11595.53,70.61,164.91,3.57,Temperate,12152.93,0.04806610253239546,116.442951,0.013569567174335736,46.06
City 1112,-30.82,-4.58,4.88,9.45,867.46,16034.42,79.19,258.11,4.23,Subtropical,16901.88,0.05409649388665841,204.39730900000004,0.015271082270137997,30.82
City 1113,-30.9,-25.21,4.6,5.71,824.96,3576.02,70.81,60.24,2.88,Subtropical,4400.98,0.23062772922712202,42.655944,0.013687860431085806,30.9
City 1114,9.81,34.89,7.5,1.0,1328.76,18.38,79.14,19.98,2.14,Equatorial,1347.14,68.56346749226006,15.812172,0.014831420639280252,9.81
City 1115,17.08,179.84,5.78,10.82,1034.32,23489.73,74.91,360.28,4.81,Tropical,24524.05,0.044030985839946225,269.885748,0.014690885069961935,17.08
City 1116,15.41,97.0,5.22,3.05,920.58,546.0,74.48,20.83,2.28,Tropical,1466.58,1.6829616087751371,15.514184,0.01420311200207285,15.41
City 1117,-48.11,-36.77,3.57,6.16,619.95,4432.97,79.73,73.37,2.95,Temperate,5052.92,0.13981826670004532,58.49790100000001,0.014520316965239902,48.11
City 1118,54.07,117.92,3.47,12.17,605.51,35505.37,79.9,565.37,5.16,Temperate,36110.880000000005,0.01705355968520578,451.73063,0.015656500201601288,54.07
City 1119,-25.47,-118.54,6.05,5.59,1033.68,3256.75,76.5,65.34,3.12,Tropical,4290.43,0.3172987491366741,49.9851,0.015229242756553539,25.47
City 1120,-43.16,-169.03,3.68,8.16,627.41,10061.84,71.27,138.05,3.48,Subtropical,10689.25,0.06234919764201756,98.38823500000001,0.012914844352971444,43.16
City 1121,55.54,-106.4,2.32,10.76,410.74,24882.49,75.06,356.6,4.29,Temperate,25293.230000000003,0.016506527018517098,267.66396000000003,0.014098634298585036,55.54
City 1122,64.23,-57.45,2.91,13.13,507.81,44894.01,75.29,648.64,5.4,Polar,45401.82,0.011311056618541792,488.361056,0.014286651944789877,64.23
City 1123,52.08,3.81,2.66,8.37,467.65,10603.99,75.14,152.19,3.45,Temperate,11071.64,0.04409716557959979,114.355566,0.013745931045445843,52.08
City 1124,45.24,41.45,3.62,12.32,634.77,36573.67,75.69,555.85,5.16,Temperate,37208.439999999995,0.01735545392480643,420.722865,0.014938814957036632,45.24
City 1125,25.18,147.82,5.11,1.18,882.61,29.83,70.19,11.89,1.74,Tropical,912.44,28.628284138825823,8.345591,0.013030993818771645,25.18
City 1126,11.61,3.55,6.15,7.06,1075.18,6355.13,77.11,112.11,3.58,Equatorial,7430.31,0.16915638918650186,86.44802100000001,0.015088199550220649,11.61
City 1127,-48.69,0.46,3.94,6.77,687.68,5755.95,77.12,96.12,3.17,Temperate,6443.63,0.11945214045631801,74.127744,0.014917057621247651,48.69
City 1128,-6.9,-161.91,6.18,8.12,1073.75,9928.27,71.15,150.28,3.84,Equatorial,11002.02,0.1081398733240208,106.92422,0.013659309835830148,6.9
City 1129,-11.55,-167.43,6.05,5.51,1078.97,3285.52,75.7,60.74,3.09,Equatorial,4364.49,0.3283016686343001,45.98018,0.013916860847430056,11.55
City 1130,-26.23,18.42,5.16,4.94,899.89,2342.65,75.68,45.26,2.79,Tropical,3242.54,0.3839694493631728,34.252768,0.01395819326824033,26.23
City 1131,34.04,-22.26,4.69,9.06,825.91,14853.89,76.82,217.97,4.02,Subtropical,15679.8,0.05559852681507571,167.44455399999998,0.013901325272006021,34.04
City 1132,4.46,122.1,6.74,6.68,1205.52,5787.89,70.85,91.58,3.47,Equatorial,6993.41,0.20824717691992764,64.88443,0.01309518532446975,4.46
City 1133,-49.46,-122.16,3.76,10.55,670.97,22125.75,76.27,324.96,4.41,Temperate,22796.72,0.030323929180742767,247.84699199999994,0.014254682252534574,49.46
City 1134,-31.38,-171.01,5.23,4.56,934.88,1843.37,72.81,39.78,2.67,Subtropical,2778.25,0.5068831091375375,28.963818,0.014318365877800774,31.38
City 1135,28.82,-18.35,5.18,5.67,894.36,3649.97,75.07,63.91,3.0,Tropical,4544.33,0.24496503668887995,47.977236999999995,0.014063679354272246,28.82
City 1136,-50.1,-94.51,3.72,9.0,633.63,14157.94,77.73,224.32,3.89,Temperate,14791.57,0.04475123137749012,174.363936,0.015165394883707408,50.1
City 1137,50.66,-162.14,2.66,8.96,459.65,14055.56,77.06,211.16,3.7,Temperate,14515.21,0.032700034716886636,162.719896,0.014547498796090446,50.66
City 1138,4.37,80.86,6.72,6.31,1161.0,4996.83,71.19,85.79,3.37,Equatorial,6157.83,0.23230081855525297,61.073901000000006,0.01393185586480952,4.37
City 1139,2.48,-139.83,7.07,1.0,1265.55,18.23,75.91,19.44,2.05,Equatorial,1283.78,65.81123244929796,14.756903999999999,0.015142781473461186,2.48
City 1140,17.01,39.0,6.17,6.54,1089.59,5422.19,79.69,95.9,3.45,Tropical,6511.78,0.20091311571233905,76.42271000000001,0.014727156015713063,17.01
City 1141,47.21,-78.82,3.35,8.0,572.11,10071.72,71.57,150.25,3.41,Temperate,10643.83,0.05679796519708679,107.53392499999998,0.0141161593148331,47.21
City 1142,-14.78,-117.54,5.64,3.38,965.67,770.29,78.53,26.23,2.47,Equatorial,1735.96,1.252019344215535,20.598419,0.015109795156570427,14.78
City 1143,28.14,-43.29,4.74,4.96,813.69,2245.19,77.03,46.26,2.75,Tropical,3058.88,0.362253415784061,35.634078,0.015123182341249083,28.14
City 1144,13.55,108.52,6.32,4.82,1114.25,2126.08,77.74,48.63,2.96,Equatorial,3240.33,0.5238401940688644,37.804962,0.015007730694095972,13.55
City 1145,-25.29,-38.85,5.75,1.0,1019.24,19.36,72.82,14.25,1.82,Tropical,1038.6,50.06090373280943,10.37685,0.013720392836510689,25.29
City 1146,54.22,90.28,3.0,7.67,535.92,8341.87,72.88,119.41,3.25,Temperate,8877.79,0.0642368873061668,87.02600799999999,0.013450419530085751,54.22
City 1147,43.67,-134.82,4.4,6.18,788.92,4525.39,79.06,76.22,3.07,Subtropical,5314.31,0.1742934214683224,60.259532,0.014342407575019145,43.67
City 1148,25.6,98.2,5.27,7.89,906.5,9100.41,73.6,140.46,3.67,Tropical,10006.91,0.09959995209533468,103.37856,0.014036300916066998,25.6
City 1149,50.58,-94.7,3.4,7.04,588.11,6523.54,70.63,100.36,3.1,Temperate,7111.65,0.09013815533355608,70.88426799999999,0.014112055570788777,50.58
City 1150,52.75,63.86,3.2,8.74,552.02,12594.03,76.01,194.6,3.69,Temperate,13146.050000000001,0.043828398979597505,147.91546,0.014802925593619374,52.75
City 1151,32.09,23.68,5.13,11.06,890.02,25814.92,71.25,354.94,4.73,Subtropical,26704.94,0.034475625892859914,252.89475,0.013291173842742204,32.09
City 1152,48.81,154.49,3.75,11.37,671.08,27757.24,77.97,435.63,4.79,Temperate,28428.320000000003,0.024175884350016427,339.660711,0.015323803868818134,48.81
City 1153,30.67,-40.56,5.99,9.32,1052.91,15384.47,76.42,245.42,4.31,Subtropical,16437.38,0.06843534841639548,187.549964,0.01493060329565904,30.67
City 1154,28.42,-156.18,4.58,5.59,813.23,3252.24,78.75,59.43,2.93,Tropical,4065.47,0.24997540913058983,46.801125,0.014618236021911367,28.42
City 1155,20.42,-173.1,5.83,7.4,1019.62,7421.45,77.85,118.47,3.63,Tropical,8441.07,0.13736973640778988,92.228895,0.014034950545369249,20.42
City 1156,37.85,117.67,4.09,7.2,695.74,6755.42,71.12,96.64,3.24,Subtropical,7451.16,0.10297465225666848,68.73036800000001,0.012969792622893618,37.85
City 1157,-39.38,8.9,3.81,7.45,649.92,7598.53,73.81,120.27,3.32,Subtropical,8248.449999999999,0.08552107827720924,88.77128699999999,0.014580921263995055,39.38
City 1158,54.51,99.09,3.18,10.48,557.47,22029.87,77.75,345.47,4.35,Temperate,22587.34,0.025304039286691813,268.602925,0.015294851009459282,54.51
City 1159,53.34,-95.61,3.33,7.84,590.9,9437.02,74.17,138.28,3.38,Temperate,10027.92,0.06260847084452036,102.562276,0.01378949971679072,53.34
City 1160,-56.2,-55.77,4.53,13.35,779.03,43654.73,79.72,657.84,5.74,Temperate,44433.76,0.01784485106536988,524.430048,0.014804959112170566,56.2
City 1161,47.36,-169.16,3.59,8.34,636.75,10549.75,77.36,169.49,3.62,Temperate,11186.5,0.06035115987015141,131.117464,0.01515129844008403,47.36
City 1162,-43.25,166.14,3.41,9.87,606.92,18751.36,70.15,269.92,4.05,Subtropical,19358.28,0.03236499299288196,189.34888000000004,0.013943387532363414,43.25
City 1163,-16.43,60.43,5.99,9.28,1042.29,14884.78,78.8,245.47,4.32,Tropical,15927.07,0.0700191726600823,193.43036,0.015412125394061808,16.43
City 1164,36.66,155.95,3.4,10.24,602.8,21400.38,71.01,300.16,4.19,Subtropical,22003.18,0.028166407960608143,213.14361600000004,0.013641664523037125,36.66
City 1165,-39.1,-84.42,4.22,4.39,733.92,1641.31,71.41,31.35,2.46,Subtropical,2375.23,0.446882744427057,22.387035,0.013198721807993332,39.1
City 1166,46.34,40.13,3.76,9.75,665.5,17266.91,77.34,264.24,4.13,Temperate,17932.41,0.03853969588676337,204.36321600000002,0.01473533116853786,46.34
City 1167,48.18,64.26,4.02,10.94,714.98,24356.63,78.65,364.15,4.63,Temperate,25071.61,0.029353430526697383,286.403975,0.01452439631918333,48.18
City 1168,5.97,-65.68,7.07,6.83,1271.82,6060.04,75.36,108.39,3.63,Equatorial,7331.86,0.20983527579425312,81.682704,0.014783424669865491,5.97
City 1169,-59.17,125.32,2.61,7.13,452.08,6592.16,72.89,96.4,3.03,Temperate,7044.24,0.06856803111103021,70.26596,0.013684939752194702,59.17
City 1170,-22.69,160.98,5.34,4.63,929.18,1805.13,73.51,39.53,2.71,Tropical,2734.31,0.5144590920919313,29.058503,0.014457029378526942,22.69
City 1171,20.2,138.55,5.2,8.51,893.11,11295.91,73.43,167.94,3.85,Tropical,12189.02,0.07905790167399758,123.31834200000002,0.013777973947044142,20.2
City 1172,67.55,86.06,1.71,8.85,293.7,13555.46,73.27,199.37,3.48,Polar,13849.16,0.021664947928884088,146.078399,0.014395818952196378,67.55
City 1173,22.14,-80.11,5.61,5.46,991.79,3104.55,72.43,55.38,2.97,Tropical,4096.34,0.3193604997504467,40.111734000000006,0.013519385597875177,22.14
City 1174,-26.23,-78.62,4.53,10.56,811.18,21234.92,76.09,316.71,4.51,Tropical,22046.1,0.038198486338242,240.984639,0.014365806197014438,26.23
City 1175,22.42,166.81,5.22,6.12,908.56,4440.35,79.0,81.27,3.19,Tropical,5348.91,0.20456843076992354,64.2033,0.015193749754622904,22.42
City 1176,10.2,-176.3,5.79,3.2,994.46,619.26,73.07,21.39,2.39,Equatorial,1613.72,1.603295392254861,15.629672999999999,0.013255087623627395,10.2
City 1177,41.38,77.78,4.38,5.94,756.78,3994.61,71.87,67.94,2.93,Subtropical,4751.39,0.18940286964944025,48.828478000000004,0.01429897356352562,41.38
City 1178,-46.09,74.25,4.67,9.44,815.89,15507.6,78.39,244.99,4.17,Temperate,16323.49,0.052608875075764415,192.047661,0.015008432632972484,46.09
City 1179,38.93,44.17,3.62,4.56,626.59,1811.96,77.42,35.9,2.48,Subtropical,2438.55,0.3456171123466596,27.79378,0.014721863402431772,38.93
City 1180,10.36,176.44,5.35,4.42,921.65,1721.23,79.31,41.25,2.72,Equatorial,2642.88,0.5351491961004047,32.715375,0.015607973120232472,10.36
City 1181,65.19,-67.72,2.37,11.35,421.11,26547.04,71.66,381.29,4.45,Polar,26968.15,0.015862187943064723,273.232414,0.014138530080854637,65.19
City 1182,-15.56,-57.61,5.92,8.8,1006.67,12668.72,71.44,186.07,4.03,Tropical,13675.39,0.07945479458109572,132.928408,0.013606193315144942,15.56
City 1183,22.24,-151.58,5.55,7.89,973.86,9089.95,75.41,150.69,3.74,Tropical,10063.810000000001,0.10712411794146925,113.635329,0.014973454387553022,22.24
City 1184,61.16,-20.59,2.5,8.33,444.02,10696.13,76.14,153.79,3.42,Polar,11140.15,0.04150832980434939,117.09570599999999,0.013805020578717521,61.16
City 1185,-46.67,-86.02,3.63,11.61,627.2,29380.12,74.8,409.11,4.77,Temperate,30007.32,0.021347041909906772,306.01428,0.013633673383694379,46.67
City 1186,61.84,-56.38,2.85,9.44,502.57,16493.35,75.99,247.89,3.89,Polar,16995.92,0.03046922127880153,188.37161099999997,0.01458526516952304,61.84
City 1187,29.43,120.45,5.46,3.85,964.8,1134.26,71.8,28.2,2.5,Tropical,2099.06,0.8498493737117488,20.2476,0.013434585004716396,29.43
City 1188,-51.18,156.77,2.44,8.69,430.75,12069.35,74.8,176.97,3.53,Temperate,12500.1,0.03568662052053172,132.37356,0.01415748674010608,51.18
City 1189,-20.87,-113.14,5.35,9.68,934.1,17327.21,76.58,260.9,4.33,Tropical,18261.309999999998,0.05390631807901682,199.79721999999998,0.014287036362670587,20.87
City 1190,32.06,-45.9,4.86,7.62,843.48,8525.48,74.33,130.98,3.53,Subtropical,9368.96,0.09892476144903876,97.357434,0.013980206981351185,32.06
City 1191,-51.24,154.31,2.95,9.16,526.86,14616.1,76.79,228.45,3.81,Temperate,15142.960000000001,0.036044085352087626,175.426755,0.015086218282290911,51.24
City 1192,15.68,-157.75,6.77,9.66,1201.86,17014.87,74.51,260.44,4.51,Tropical,18216.73,0.07063171027987403,194.05384400000003,0.014296748099137441,15.68
City 1193,-15.04,-146.75,5.63,1.93,975.16,131.17,73.34,16.22,2.04,Tropical,1106.33,7.378073692971174,11.895748,0.014661086655880253,15.04
City 1194,20.72,-121.4,5.53,2.86,945.63,442.95,73.04,19.85,2.26,Tropical,1388.58,2.1300371663475617,14.498440000000002,0.014295179247864727,20.72
City 1195,-54.05,34.28,3.49,5.37,596.53,2904.71,74.11,48.13,2.65,Temperate,3501.24,0.20529577968895724,35.669143000000005,0.013746558362180257,54.05
City 1196,53.3,-125.83,2.97,10.26,508.28,21169.2,70.23,282.09,4.1,Temperate,21677.48,0.024009220508072665,198.111807,0.01301304395160323,53.3
City 1197,66.55,168.51,1.5,11.07,263.74,26501.48,76.69,383.24,4.31,Polar,26765.22,0.009951521517986242,293.906756,0.014318582100203174,66.55
City 1198,65.95,-19.18,2.17,14.45,369.83,55143.92,78.45,857.37,5.96,Polar,55513.75,0.006706510771980447,672.606765,0.015444281822071108,65.95
City 1199,37.45,0.55,4.89,8.35,848.28,10598.19,73.55,151.99,3.74,Subtropical,11446.470000000001,0.08003253078773,111.788645,0.01327832947624901,37.45
City 1200,-43.09,-91.2,3.82,7.3,677.34,7704.09,70.46,109.02,3.23,Subtropical,8381.43,0.08790812307189144,76.81549199999999,0.013007326911994731,43.09
City 1201,38.57,-10.45,3.88,7.86,670.43,9267.4,79.87,157.23,3.55,Subtropical,9937.83,0.07233503085753744,125.579601,0.01582136140384772,38.57
City 1202,-56.8,58.29,3.49,9.97,619.33,19565.98,72.64,282.68,4.13,Temperate,20185.31,0.03165179296958447,205.33875200000003,0.01400424368018128,56.8
City 1203,-57.12,90.42,2.84,5.53,503.25,3068.66,71.27,46.98,2.57,Temperate,3571.91,0.16394323801333047,33.482645999999995,0.013152627025876912,57.12
City 1204,-17.93,91.39,5.49,12.57,946.76,37831.67,73.7,526.94,5.43,Tropical,38778.43,0.02502493215519814,388.35478,0.013588482050459497,17.93
City 1205,3.52,28.04,6.83,5.65,1210.54,3444.83,77.39,71.06,3.27,Equatorial,4655.37,0.35130578119059847,54.993334000000004,0.015264092864799147,3.52
City 1206,40.15,145.57,4.57,8.54,811.9,12284.57,72.94,189.02,3.79,Subtropical,13096.47,0.06608565984321443,137.871188,0.014432896803489796,40.15
City 1207,28.83,114.27,6.17,8.42,1073.92,10864.5,75.75,167.41,3.99,Tropical,11938.42,0.09883760526436888,126.81307499999998,0.014022793636008784,28.83
City 1208,-2.03,92.54,7.27,5.98,1251.43,3945.73,74.16,72.61,3.38,Equatorial,5197.16,0.31708021577356443,53.847576,0.013971091904039898,2.03
City 1209,-24.43,-159.98,5.87,6.09,1028.49,4252.32,71.18,73.93,3.18,Tropical,5280.8099999999995,0.2418087517515729,52.62337400000001,0.013999746251048611,24.43
City 1210,69.63,-177.52,1.87,9.38,335.7,16307.96,73.3,238.42,3.69,Polar,16643.66,0.020583777261088385,174.76185999999998,0.014324974194377919,69.63
City 1211,-4.6,-103.52,6.17,5.96,1087.54,4204.63,77.25,80.24,3.26,Equatorial,5292.17,0.25859145954351664,61.9854,0.015162022384012605,4.6
City 1212,-1.32,58.87,6.94,5.1,1191.59,2645.24,76.12,55.6,3.11,Equatorial,3836.83,0.4502955136344398,42.32272,0.014491129395881496,1.32
City 1213,-38.73,-31.97,4.34,5.85,767.88,3983.94,71.2,67.07,2.89,Subtropical,4751.82,0.19269549855204846,47.75384,0.014114591882689159,38.73
City 1214,43.33,-35.13,3.43,11.88,597.4,30200.97,71.63,411.5,4.78,Subtropical,30798.370000000003,0.019780166658002772,294.75745,0.013361096707390682,43.33
City 1215,30.18,138.45,4.8,7.75,844.37,8427.21,76.41,129.73,3.58,Subtropical,9271.58,0.10018378754207596,99.12669299999999,0.013992221390528905,30.18
City 1216,-31.3,142.4,5.01,8.95,888.24,13136.14,78.13,212.77,4.05,Subtropical,14024.38,0.06761288986796213,166.237201,0.015171437168701934,31.3
City 1217,-49.29,147.3,3.73,12.41,653.28,35725.9,73.49,510.1,5.11,Temperate,36379.18,0.018285381603217743,374.87248999999997,0.014021756400226723,49.29
City 1218,28.46,-67.0,5.26,6.9,936.94,6461.84,75.95,110.76,3.4,Tropical,7398.780000000001,0.1449734172592854,84.12222000000001,0.014970035600463859,28.46
City 1219,25.09,68.78,5.39,7.3,955.12,7700.07,71.71,112.72,3.48,Tropical,8655.19,0.12402432389265389,80.83151199999999,0.01302339983293261,25.09
City 1220,-24.48,-82.21,5.03,8.47,886.59,11175.33,73.11,173.62,3.82,Tropical,12061.92,0.0793274715402999,126.933582,0.01439405998381684,24.48
City 1221,63.61,-111.38,2.29,8.55,392.79,12021.18,70.2,161.98,3.4,Polar,12413.970000000001,0.03267211104807947,113.70996,0.013048202951996822,63.61
City 1222,-40.36,-113.53,3.58,8.17,637.66,10822.11,77.68,171.9,3.58,Subtropical,11459.77,0.05891652214566792,133.53192,0.015000301053162498,40.36
City 1223,-3.8,-56.84,7.5,4.69,1345.19,1956.99,74.01,44.19,3.05,Equatorial,3302.1800000000003,0.6870259807251314,32.705019,0.013382068815146355,3.8
City 1224,62.67,-25.22,2.62,7.88,448.96,8898.15,78.16,140.41,3.33,Polar,9347.109999999999,0.05044976205592669,109.74445599999999,0.015021755387494104,62.67
City 1225,-5.44,119.14,6.51,10.34,1137.98,20897.03,77.08,330.1,4.77,Equatorial,22035.01,0.05445393656722668,254.44108,0.014980705704240663,5.44
City 1226,23.01,-136.84,4.93,2.78,850.0,404.01,78.29,18.4,2.21,Tropical,1254.01,2.09871361200958,14.40536,0.014672929242988492,23.01
City 1227,-8.31,84.57,7.5,1.59,1331.59,76.42,72.86,18.91,2.22,Equatorial,1408.01,17.199560836993022,13.777826,0.013430302341602687,8.31
City 1228,-24.35,11.32,4.76,9.72,843.32,17339.72,71.85,249.21,4.19,Tropical,18183.04,0.048632352059199385,179.05738499999998,0.013705628981732427,24.35
City 1229,67.92,-76.34,2.03,12.57,348.2,35860.78,79.72,567.68,5.06,Polar,36208.979999999996,0.009709501313097118,452.5544959999999,0.01567787880244072,67.92
City 1230,-6.79,-2.58,6.73,2.11,1203.63,188.77,77.17,20.04,2.29,Equatorial,1392.4,6.342572587869527,15.464868,0.014392415972421716,6.79
City 1231,56.23,-72.02,3.36,11.14,577.93,26398.05,78.34,391.07,4.62,Temperate,26975.98,0.021892075661813587,306.364238,0.014496971009023583,56.23
City 1232,-30.11,34.59,5.37,10.68,955.99,23082.7,70.13,312.86,4.59,Subtropical,24038.690000000002,0.0414140714010319,219.40871800000002,0.013014852306843676,30.11
City 1233,-32.3,-23.82,5.64,7.15,985.11,7289.5,73.54,121.09,3.51,Subtropical,8274.61,0.13512241958713395,89.04958600000002,0.014633922323831575,32.3
City 1234,-55.95,-120.81,3.34,16.09,578.14,76310.56,77.43,1114.38,6.9,Temperate,76888.7,0.007576047455981768,862.8644340000002,0.014493417108105614,55.95
City 1235,24.72,-138.03,4.74,2.16,813.61,185.6,70.78,12.74,1.94,Tropical,999.21,4.3601822079314045,9.017372,0.012750072557320283,24.72
City 1236,-12.09,16.81,6.03,6.94,1034.37,6567.3,75.67,112.54,3.52,Equatorial,7601.67,0.15747910418220845,85.15901800000002,0.014804641611645863,12.09
City 1237,52.37,144.87,3.49,12.15,616.09,33245.14,74.29,487.99,4.99,Temperate,33861.229999999996,0.018531173844542555,362.5277710000001,0.014411467037671108,52.37
City 1238,1.52,-56.18,7.5,6.38,1316.28,5089.81,70.18,82.08,3.49,Equatorial,6406.09,0.25856003268635047,57.603744000000006,0.012812807812565856,1.52
City 1239,65.87,83.88,1.69,10.08,289.46,18966.95,72.36,278.26,3.89,Polar,19256.41,0.015260478860393452,201.34893599999998,0.014450253188418817,65.87
City 1240,-35.88,57.12,5.09,6.86,870.96,5837.61,72.85,93.91,3.31,Subtropical,6708.57,0.14917249139778133,68.41343499999999,0.013998512350620176,35.88
City 1241,52.92,155.36,3.39,10.4,577.98,21425.92,71.12,297.35,4.23,Temperate,22003.899999999998,0.026974478833168745,211.47532000000004,0.013513513513513516,52.92
City 1242,40.96,115.55,4.55,10.14,807.68,19149.23,76.32,285.79,4.36,Subtropical,19956.91,0.042175994753065625,218.114928,0.014320353200971494,40.96
City 1243,40.22,23.98,4.13,9.53,732.14,16881.54,72.42,252.55,4.06,Subtropical,17613.68,0.04336669719129941,182.89671,0.014338287058695288,40.22
City 1244,49.82,56.53,3.09,11.58,527.32,29960.46,72.78,410.21,4.66,Temperate,30487.78,0.01759994339394676,298.550838,0.013454898979197567,49.82
City 1245,38.93,143.42,4.65,5.35,816.57,3032.63,78.98,56.46,2.87,Subtropical,3849.2000000000003,0.269172575429436,44.59210800000001,0.01466798295749766,38.93
City 1246,21.41,-36.17,5.83,5.57,995.8,3383.79,74.67,59.67,3.06,Tropical,4379.59,0.29419845839771447,44.555589,0.01362456302987266,21.41
City 1247,-42.94,-62.35,4.48,5.94,802.15,3855.64,73.92,67.2,2.96,Subtropical,4657.79,0.20799193079986725,49.67424,0.014427443057759153,42.94
City 1248,-55.77,-176.11,3.09,8.61,553.21,12518.63,77.24,193.76,3.65,Temperate,13071.84,0.044187408094328674,149.66022399999997,0.014822702848260075,55.77
City 1249,59.71,117.56,2.52,12.51,446.06,37745.12,79.1,580.54,5.12,Temperate,38191.18,0.011817373547267904,459.2071399999999,0.015200891933687306,59.71
City 1250,20.16,108.35,4.81,6.29,862.09,4804.17,70.25,73.39,3.07,Tropical,5666.26,0.17940884505647042,51.556475,0.012952105974664063,20.16
City 1251,43.55,-142.4,4.36,14.87,776.79,64684.95,74.48,941.13,6.46,Subtropical,65461.74,0.01200863556923876,700.953624,0.014376794750643658,43.55
City 1252,2.6,27.67,7.03,4.74,1253.36,2043.43,76.11,49.01,3.02,Equatorial,3296.79,0.6130608531473319,37.301511,0.01486597569150598,2.6
City 1253,-44.75,-12.97,3.38,8.62,594.67,12143.86,73.19,174.48,3.63,Subtropical,12738.53,0.04896474722639865,127.701912,0.013697027836021895,44.75
City 1254,-43.73,-137.26,3.67,8.64,635.12,12422.29,77.72,198.94,3.75,Subtropical,13057.410000000002,0.05112333367409116,154.616168,0.015235793315826031,43.73
City 1255,29.12,173.0,4.73,5.32,814.05,2796.53,79.71,53.81,2.88,Tropical,3610.58,0.2909888365808409,42.891951,0.014903422718787564,29.12
City 1256,-4.06,-102.71,5.97,4.26,1035.18,1421.22,79.43,38.08,2.77,Equatorial,2456.4,0.7278620747844918,30.246944000000003,0.01550236117896108,4.06
City 1257,-33.93,-155.8,4.22,10.21,743.21,20486.42,72.66,278.7,4.29,Subtropical,21229.629999999997,0.03627640766870597,202.50341999999998,0.013127878347385236,33.93
City 1258,3.91,34.15,6.16,4.68,1057.76,1887.73,72.26,40.66,2.83,Equatorial,2945.49,0.5600376972886543,29.380916,0.013804154826531408,3.91
City 1259,-51.65,85.99,3.18,7.18,548.49,6726.38,79.57,115.43,3.21,Temperate,7274.87,0.0815309972084229,91.847651,0.015866950199797385,51.65
City 1260,15.66,-168.32,5.53,3.25,966.81,619.61,74.59,23.62,2.38,Tropical,1586.42,1.5578382559095083,17.618158,0.014888869277997,15.66
City 1261,-25.03,57.14,4.43,5.38,764.17,2988.4,72.08,50.21,2.77,Tropical,3752.57,0.255626547133204,36.191368,0.01338016346130785,25.03
City 1262,43.68,11.63,4.95,8.55,871.25,11715.2,77.07,183.17,3.88,Subtropical,12586.45,0.07436284802239633,141.16911899999997,0.014552951785451813,43.68
City 1263,-19.65,-142.82,6.25,8.95,1120.3,13979.74,72.84,199.38,4.15,Tropical,15100.039999999999,0.08013166685025255,145.228392,0.013203938532613159,19.65
City 1264,-0.82,-117.89,6.55,1.0,1163.03,18.75,72.67,16.96,1.94,Equatorial,1181.78,58.88759493670886,12.324832,0.014351232885985549,0.82
City 1265,-58.49,24.47,3.04,9.05,537.41,14059.44,78.79,220.1,3.81,Temperate,14596.85,0.0382214212357508,173.41679,0.015078595724419995,58.49
City 1266,-50.58,-73.31,3.67,9.42,644.93,15721.53,71.62,220.03,3.92,Temperate,16366.460000000001,0.04101947968933752,157.58548600000003,0.01344395794814517,50.58
City 1267,-8.98,157.79,6.97,1.0,1218.43,19.3,70.64,15.94,1.97,Equatorial,1237.73,60.02118226600985,11.260016,0.01287841451689787,8.98
City 1268,2.39,114.75,6.42,2.16,1103.94,187.32,72.69,18.67,2.21,Equatorial,1291.26,5.862043330501275,13.571223,0.014458745721233525,2.39
City 1269,18.0,174.08,6.29,4.1,1124.84,1373.97,76.07,36.23,2.74,Tropical,2498.81,0.8180833036357156,27.560160999999994,0.0144989014771031,18.0
City 1270,-22.08,-86.52,5.18,4.22,893.5,1491.8,71.23,31.54,2.55,Tropical,2385.3,0.5985396570203644,22.465942,0.013222655431182659,22.08
City 1271,30.35,169.1,4.21,7.51,719.16,8357.52,74.72,126.82,3.41,Subtropical,9076.68,0.08603915525715078,94.75990399999999,0.01397206908252797,30.35
City 1272,51.82,-24.76,3.73,8.78,662.95,13429.72,76.27,199.3,3.78,Temperate,14092.67,0.049360719306187614,152.00611,0.014142103660981205,51.82
City 1273,41.38,-54.89,4.75,6.75,815.62,5811.71,78.49,99.89,3.3,Subtropical,6627.33,0.1403166509252999,78.403661,0.015072434902140077,41.38
City 1274,-54.85,-161.87,4.45,10.55,773.83,22427.12,72.3,333.13,4.48,Temperate,23200.95,0.03450266897091687,240.85298999999998,0.01435846376980253,54.85
City 1275,2.47,-161.0,6.23,8.55,1060.44,12196.41,78.17,204.3,4.11,Equatorial,13256.85,0.08693976836066018,159.70131,0.015410900779596963,2.47
City 1276,-46.36,69.12,4.1,12.73,703.36,40043.19,72.35,557.78,5.31,Temperate,40746.55,0.017564595513106896,403.55382999999995,0.013689011707739672,46.36
City 1277,-28.53,-15.15,4.8,2.05,823.92,169.54,76.77,14.99,1.99,Tropical,993.4599999999999,4.831241937375395,11.507822999999998,0.015088679966984077,28.53
City 1278,68.27,-98.45,2.61,12.27,445.64,35891.45,74.31,508.86,4.92,Polar,36337.09,0.012415981634020527,378.13386600000007,0.014003873177516418,68.27
City 1279,-41.48,41.03,3.36,7.7,593.52,9137.62,71.15,128.11,3.3,Subtropical,9731.140000000001,0.06494634857341698,91.15026500000002,0.013164952924323358,41.48
City 1280,4.86,-88.97,6.03,4.87,1075.35,2164.1,77.14,49.9,2.92,Equatorial,3239.45,0.4966745184979908,38.49286,0.015403849418882835,4.86
City 1281,20.36,27.95,5.19,5.04,901.13,2518.2,72.18,45.92,2.79,Tropical,3419.33,0.35770482692918387,33.145056000000004,0.013429531516408187,20.36
City 1282,31.32,-50.68,4.85,7.43,866.39,7942.61,71.77,117.89,3.44,Subtropical,8809.0,0.1090675398213155,84.609653,0.013382903848336928,31.32
City 1283,12.75,116.48,5.79,5.65,996.08,3503.26,73.58,66.15,3.07,Equatorial,4499.34,0.2842483149081404,48.67317,0.014702156316259719,12.75
City 1284,-58.73,115.45,3.22,8.43,557.61,11156.3,76.53,163.77,3.57,Temperate,11713.91,0.04997714500820091,125.33318100000001,0.013980814262701353,58.73
City 1285,-17.56,-8.15,6.28,3.52,1077.79,850.01,72.34,27.22,2.54,Tropical,1927.8,1.2664833550722083,19.690948000000002,0.014119721962859218,17.56
City 1286,7.3,-53.71,6.79,3.61,1196.19,930.39,71.84,30.36,2.63,Equatorial,2126.58,1.2843062519460162,21.810624000000004,0.01427644386761843,7.3
City 1287,-48.58,-49.48,4.41,9.44,768.04,15526.57,70.1,217.3,4.01,Temperate,16294.61,0.04946298744748856,152.3273,0.013335698123489914,48.58
City 1288,-14.42,110.06,6.2,6.94,1091.78,6432.91,74.72,101.23,3.51,Equatorial,7524.69,0.1696915250601889,75.639056,0.013453045906210092,14.42
City 1289,-55.68,-61.86,2.49,11.7,442.92,30098.49,74.29,425.41,4.64,Temperate,30541.41,0.014715199493413343,316.03708900000004,0.013928957438441775,55.68
City 1290,-49.78,-104.74,4.2,7.74,736.35,9274.8,72.34,131.97,3.45,Temperate,10011.15,0.07938398844304535,95.46709800000001,0.013182301733567074,49.78
City 1291,-8.4,-149.51,6.11,5.55,1076.95,3240.2,70.54,57.35,3.05,Equatorial,4317.15,0.33226891274836484,40.45469000000001,0.013284226862629282,8.4
City 1292,-42.75,-11.99,4.46,10.68,800.44,22489.64,74.29,338.79,4.54,Subtropical,23290.079999999998,0.03558991651638193,251.68709100000004,0.014546536551184026,42.75
City 1293,13.78,-6.43,6.82,8.29,1180.18,10697.93,77.88,174.63,4.08,Equatorial,11878.11,0.11030822708439068,136.00184399999998,0.014701833877611842,13.78
City 1294,29.63,122.73,5.15,6.82,894.73,6113.81,77.15,102.0,3.36,Tropical,7008.540000000001,0.14632179904199802,78.693,0.014553673090258455,29.63
City 1295,44.08,-100.35,3.17,7.86,561.05,8798.66,78.61,140.63,3.41,Subtropical,9359.71,0.06375814520106458,110.54924299999999,0.015025038168917627,44.08
City 1296,-33.98,-42.84,4.16,7.88,733.03,9383.34,70.1,135.89,3.46,Subtropical,10116.37,0.07811204623873388,95.25888999999998,0.01343268385794509,33.98
City 1297,-38.23,111.03,4.99,4.95,856.43,2406.81,79.66,51.25,2.82,Subtropical,3263.24,0.35568836411510873,40.82575,0.015705249996935563,38.23
City 1298,-46.41,116.5,3.67,8.16,637.18,10690.77,73.41,154.82,3.52,Temperate,11327.95,0.05959537101901742,113.653362,0.013667080098340828,46.41
City 1299,22.74,-41.54,5.45,8.14,951.7,9763.56,79.9,168.18,3.86,Tropical,10715.26,0.09746470911131686,134.37582000000003,0.01569537276743635,22.74
City 1300,31.84,-14.72,5.15,8.79,897.18,13569.66,72.53,200.74,3.95,Subtropical,14466.84,0.06611174401245039,145.596722,0.013875870611688525,31.84
City 1301,-55.89,-70.82,3.44,8.91,590.18,13737.9,74.72,199.13,3.76,Temperate,14328.08,0.04295685971948263,148.789936,0.013897884433922758,55.89
City 1302,61.71,155.72,2.82,10.72,505.45,22543.26,73.54,315.1,4.28,Polar,23048.71,0.022420341142268586,231.72454000000005,0.013671047099816,61.71
City 1303,-53.24,-137.29,3.17,7.26,562.82,6905.16,73.56,102.85,3.15,Temperate,7467.98,0.08149536066352359,75.65646,0.013772131151931313,53.24
City 1304,10.37,156.15,6.12,6.8,1069.49,5756.26,78.42,103.02,3.51,Equatorial,6825.75,0.18576371398894612,80.78828399999999,0.015092846939896714,10.37
City 1305,32.18,66.19,5.18,7.02,915.21,6816.41,77.46,110.57,3.43,Subtropical,7731.62,0.13424599664682044,85.647522,0.01430101324172683,32.18
City 1306,53.23,11.37,3.55,8.63,635.53,11608.03,79.92,194.15,3.75,Temperate,12243.560000000001,0.05474445324027933,155.16468,0.01585731600939596,53.23
City 1307,32.83,-168.24,4.57,6.38,783.66,4792.93,76.14,81.31,3.13,Subtropical,5576.59,0.16346922045169618,61.909434000000005,0.014580594951395028,32.83
City 1308,44.22,-8.79,4.45,8.27,766.84,11018.56,74.63,174.51,3.7,Subtropical,11785.4,0.06958898540413593,130.23681299999998,0.01480730395234782,44.22
City 1309,-15.87,-33.21,5.82,4.47,1021.77,1709.43,70.9,35.04,2.71,Tropical,2731.2,0.5973760984080027,24.843360000000004,0.012829525483304042,15.87
City 1310,45.93,-121.96,3.36,10.24,597.92,20996.48,79.97,322.66,4.31,Temperate,21594.399999999998,0.02847579804814673,258.031202,0.014941836772496575,45.93
City 1311,-49.59,56.31,3.15,7.97,536.57,9869.31,75.52,141.8,3.4,Temperate,10405.88,0.05436202105101056,107.08736,0.013626910938815365,49.59
City 1312,56.33,169.61,2.57,13.62,461.79,45683.87,77.0,658.97,5.5,Temperate,46145.66,0.010108160535424529,507.4069,0.014280216167674272,56.33
City 1313,11.19,22.39,6.08,8.78,1061.38,13399.12,74.07,211.25,4.11,Equatorial,14460.5,0.07920675337235786,156.472875,0.01460876179938453,11.19
City 1314,46.25,77.31,4.38,6.4,760.24,4828.59,75.48,76.24,3.09,Temperate,5588.83,0.15741294809704343,57.545952,0.013641495626097054,46.25
City 1315,-1.2,-155.36,6.51,4.29,1126.37,1512.9,79.43,39.56,2.86,Equatorial,2639.27,0.744018759495343,31.422508000000004,0.014988993168565551,1.2
City 1316,23.67,-29.64,5.44,4.74,933.89,2053.99,71.66,39.05,2.74,Tropical,2987.8799999999997,0.4544498999995134,27.98323,0.013069467314617722,23.67
City 1317,8.43,-138.11,6.08,4.03,1081.98,1197.17,72.92,31.3,2.65,Equatorial,2279.15,0.9030271163524374,22.823960000000003,0.013733190005045741,8.43
City 1318,35.11,40.61,4.41,12.52,792.26,39126.36,71.52,561.8,5.29,Subtropical,39918.62,0.02024823550579441,401.7993599999999,0.014073632805943691,35.11
City 1319,-49.39,157.85,2.79,8.17,485.46,10348.06,77.92,162.47,3.46,Temperate,10833.519999999999,0.04690860812479587,126.596624,0.014996972359860878,49.39
City 1320,-52.15,58.24,3.24,10.12,581.47,18752.97,70.62,265.89,4.09,Temperate,19334.440000000002,0.03100516850565507,187.771518,0.01375214384280072,52.15
City 1321,-27.88,-152.35,4.95,8.14,882.6,10723.18,70.82,153.68,3.67,Tropical,11605.78,0.08229999869453888,108.836176,0.013241677853621212,27.88
City 1322,-39.26,-52.32,4.52,5.42,790.49,3060.0,72.98,55.89,2.81,Subtropical,3850.49,0.25824567134923226,40.788522,0.01451503574869692,39.26
City 1323,53.33,18.24,3.38,7.2,597.1,7226.68,75.14,114.16,3.2,Temperate,7823.780000000001,0.08261295464104665,85.77982399999999,0.014591412335213922,53.33
City 1324,-31.5,-34.85,4.2,4.14,731.51,1347.04,74.06,29.01,2.42,Subtropical,2078.55,0.5426471024598677,21.484806000000003,0.013956844915926967,31.5
City 1325,66.86,120.11,2.86,8.47,502.48,11957.66,70.45,165.49,3.47,Polar,12460.14,0.042018085638357475,116.587705,0.013281552213699045,66.86
City 1326,-16.2,113.28,5.97,1.0,1018.52,18.07,79.57,16.36,1.92,Tropical,1036.59,53.40954378605139,13.017651999999998,0.015782517678156263,16.2
City 1327,-36.32,40.26,4.56,8.99,806.32,13485.94,79.53,217.7,4.01,Subtropical,14292.26,0.05978524409539896,173.13681,0.015232020688120702,36.32
City 1328,42.66,-45.56,4.01,13.4,683.67,45585.89,72.79,653.85,5.6,Subtropical,46269.56,0.014997074816904597,475.93741500000004,0.014131320894341767,42.66
City 1329,25.63,-88.08,4.95,6.93,881.39,6048.82,77.32,100.91,3.36,Tropical,6930.21,0.14568863205847446,78.023612,0.014560886322348096,25.63
City 1330,4.77,-141.89,6.78,1.0,1207.7,19.41,75.79,17.16,2.0,Equatorial,1227.1100000000001,59.171974522293,13.005564000000001,0.01398407640716806,4.77
City 1331,12.2,-52.24,6.38,3.61,1100.41,885.91,72.37,27.96,2.58,Equatorial,1986.3200000000002,1.2407234104926093,20.234652,0.014076281767288252,12.2
City 1332,33.5,-31.26,3.78,6.2,655.15,4425.07,72.62,70.89,2.92,Subtropical,5080.219999999999,0.14802070459798422,51.480318000000004,0.01395412009716115,33.5
City 1333,-30.3,63.3,4.61,4.49,805.81,1625.74,74.91,34.61,2.58,Subtropical,2431.55,0.49535266852723847,25.926351,0.014233719232588265,30.3
City 1334,69.52,56.94,2.01,13.1,352.97,43730.13,74.19,629.53,5.22,Polar,44083.1,0.00807136701018245,467.04830699999997,0.014280529273122806,69.52
City 1335,66.72,-154.76,2.46,12.7,424.83,40267.42,72.91,546.41,5.05,Polar,40692.25,0.010549954530125593,398.38753099999997,0.01342786402816261,66.72
City 1336,24.54,-37.71,5.88,3.57,1034.21,851.78,78.08,28.84,2.55,Tropical,1885.99,1.2127512371303268,22.518271999999996,0.015291703561524716,24.54
City 1337,-34.06,-114.56,4.23,9.22,731.69,14985.86,74.81,233.96,4.0,Subtropical,15717.550000000001,0.04882210149424229,175.02547600000003,0.014885271559498776,34.06
City 1338,28.43,-123.55,4.76,10.66,812.0,22356.01,76.55,350.83,4.62,Tropical,23168.01,0.036319704647446154,268.560365,0.015142862939026702,28.43
City 1339,-50.61,117.83,3.2,13.82,544.21,50771.79,71.89,687.78,5.63,Temperate,51316.0,0.010718536444422298,494.44504199999994,0.01340283732169304,50.61
City 1340,-56.02,-164.91,2.68,16.76,458.0,84924.56,75.34,1210.05,7.09,Temperate,85382.56,0.005392958256619091,911.65167,0.014172097908519024,56.02
City 1341,-26.5,-29.09,4.97,4.4,884.51,1611.21,73.18,35.83,2.59,Tropical,2495.7200000000003,0.5486320020344744,26.220394000000002,0.014356578462327503,26.5
City 1342,0.14,-119.45,7.38,11.07,1324.75,26199.1,75.26,397.54,5.15,Equatorial,27523.85,0.05056278411151103,299.18860400000005,0.014443473569286274,0.14
City 1343,52.88,136.56,2.77,8.4,483.04,11765.62,77.81,181.99,3.54,Temperate,12248.660000000002,0.04105172088501201,141.60641900000002,0.014857951808606001,52.88
City 1344,34.53,20.53,4.8,5.97,840.03,3996.33,77.69,74.6,3.06,Subtropical,4836.36,0.21014777363890397,57.95673999999999,0.015424823627686938,34.53
City 1345,36.55,-96.7,3.59,8.47,615.64,11879.6,73.54,175.26,3.62,Subtropical,12495.24,0.051818931703786,128.886204,0.014026141154551653,36.55
City 1346,-4.69,0.87,6.39,3.01,1121.74,525.27,76.94,24.12,2.47,Equatorial,1647.01,2.131491439755259,18.557928,0.014644719825623403,4.69
City 1347,-15.03,83.34,5.78,6.5,991.52,5453.56,79.41,92.56,3.38,Tropical,6445.08,0.18177818192484818,73.501896,0.014361342295208128,15.03
City 1348,-11.76,164.92,7.01,1.88,1235.23,124.16,76.26,18.8,2.26,Equatorial,1359.39,9.869207414509429,14.33688,0.01382973245352695,11.76
City 1349,68.39,-100.64,2.07,10.24,372.11,20027.63,71.48,262.7,3.95,Polar,20399.74,0.018578904298496703,187.77795999999998,0.012877615106859204,68.39
City 1350,-54.79,139.03,2.06,12.69,354.98,40433.93,76.8,621.06,5.14,Temperate,40788.91,0.008779043267788519,476.97407999999996,0.015226197513000467,54.79
City 1351,52.71,156.35,2.31,9.13,410.46,13768.2,71.05,189.56,3.6,Temperate,14178.66,0.02981001074862737,134.68238,0.013369387516168665,52.71
City 1352,15.23,149.91,5.95,5.88,1013.08,3708.69,78.72,70.39,3.21,Tropical,4721.77,0.2730902043027854,55.411008,0.014907545263746432,15.23
City 1353,-2.98,48.75,7.1,5.49,1233.36,2999.39,75.17,62.65,3.23,Equatorial,4232.75,0.41106656134702485,47.094004999999996,0.014801252141043057,2.98
City 1354,34.28,46.74,4.79,10.36,819.24,21858.13,73.85,321.86,4.48,Subtropical,22677.370000000003,0.03747816129919169,237.69361,0.014193003862440838,34.28
City 1355,3.27,-34.84,6.86,1.0,1189.53,18.02,70.57,16.38,1.96,Equatorial,1207.55,62.541009463722396,11.559365999999997,0.013564655707838184,3.27
City 1356,53.55,90.86,3.83,10.82,658.26,24954.98,73.81,351.49,4.5,Temperate,25613.239999999998,0.026376844347527125,259.434769,0.01372298077088256,53.55
City 1357,57.09,11.27,2.73,9.04,474.95,13958.83,79.03,224.36,3.77,Temperate,14433.78,0.034022620619305534,177.311708,0.015544091707092667,57.09
City 1358,-5.18,63.88,7.09,4.93,1234.05,2163.33,70.21,43.73,3.01,Equatorial,3397.38,0.570176451834979,30.702832999999995,0.012871683473735643,5.18
City 1359,-24.01,-25.76,4.5,9.05,779.07,13942.48,74.75,199.24,3.94,Tropical,14721.55,0.055873426146127086,148.9319,0.013533900981893892,24.01
City 1360,17.01,83.34,5.36,2.72,945.89,367.74,79.31,19.15,2.27,Tropical,1313.63,2.565194988338667,15.187864999999999,0.014577925290987566,17.01
City 1361,58.61,116.81,1.99,7.33,357.3,7578.06,73.95,108.77,3.02,Temperate,7935.360000000001,0.047143049401904724,80.435415,0.013707002580853294,58.61
City 1362,-32.61,-127.28,4.58,2.42,796.88,275.32,74.28,14.79,2.02,Subtropical,1072.2,2.883902721482339,10.986012,0.01379406827084499,32.61
City 1363,20.99,119.85,5.51,4.73,946.93,2002.5,75.79,43.23,2.79,Tropical,2949.43,0.47263788370351884,32.764016999999996,0.014657069332040428,20.99
City 1364,22.1,14.51,5.51,9.54,951.59,15680.93,74.63,228.84,4.25,Tropical,16632.52,0.06068066876972414,170.783292,0.013758588596316132,22.1
City 1365,35.3,124.08,4.56,7.23,814.07,7295.72,71.69,112.51,3.34,Subtropical,8109.79,0.11156656689581072,80.65841900000001,0.013873355536949785,35.3
City 1366,-42.9,-24.73,3.53,4.94,620.89,2371.99,70.19,38.19,2.5,Subtropical,2992.8799999999997,0.2616488059368139,26.805560999999997,0.012760284408329102,42.9
City 1367,33.06,-43.55,4.59,6.09,801.34,4394.3,76.1,72.33,3.05,Subtropical,5195.64,0.18231747548517735,55.04312999999999,0.013921287849042658,33.06
City 1368,58.17,149.42,2.18,6.1,373.7,4457.53,79.21,72.78,2.73,Temperate,4831.23,0.08381686340565164,57.649038,0.01506448668351538,58.17
City 1369,-36.64,-89.58,5.12,4.85,892.86,2100.76,71.06,42.22,2.72,Subtropical,2993.6200000000003,0.4248153928136419,30.001532,0.014103326407493268,36.64
City 1370,-29.12,123.92,4.81,7.88,831.07,9692.03,72.11,149.63,3.6,Tropical,10523.1,0.08573892786878819,107.89819299999999,0.014219193963755927,29.12
City 1371,66.28,-5.75,2.12,7.69,379.65,8490.08,73.7,130.34,3.15,Polar,8869.73,0.044711626789525005,96.06058000000002,0.014694923069811596,66.28
City 1372,-36.47,5.07,5.24,10.43,937.37,20447.14,78.09,322.3,4.61,Subtropical,21384.51,0.04584133324595782,251.68407000000002,0.015071657007806119,36.47
City 1373,51.07,-68.95,2.8,8.93,479.03,14015.65,72.69,203.9,3.66,Temperate,14494.68,0.034175783799980736,148.21491,0.014067230183763975,51.07
City 1374,4.0,26.3,6.16,4.61,1078.58,1952.61,78.82,45.99,2.89,Equatorial,3031.1899999999996,0.5520958635551619,36.249317999999995,0.015172259079767355,4.0
City 1375,-27.86,-62.92,4.5,6.09,775.42,4361.87,70.55,69.75,2.97,Tropical,5137.29,0.17773163078432316,49.208625000000005,0.013577197316094672,27.86
City 1376,53.2,-165.86,3.24,11.25,564.5,26301.06,79.41,390.29,4.64,Temperate,26865.56,0.02146219725755321,309.929289,0.014527521481033711,53.2
City 1377,-2.11,-82.08,7.07,6.17,1263.55,4343.94,75.61,80.92,3.43,Equatorial,5607.49,0.2908095393722353,61.183612000000004,0.014430698940167528,2.11
City 1378,6.93,-177.7,6.88,5.53,1206.77,3202.29,76.59,63.39,3.22,Equatorial,4409.0599999999995,0.376728301215313,48.550401,0.014377214190779896,6.93
City 1379,-13.3,172.21,7.36,6.74,1274.94,6066.31,73.68,102.15,3.62,Equatorial,7341.25,0.21013266175619838,75.26412,0.01391452409330836,13.3
City 1380,17.08,167.67,4.68,5.18,805.23,2540.7,77.82,49.6,2.81,Tropical,3345.93,0.316807648424283,38.59872,0.014823980178903923,17.08
City 1381,-38.74,-37.74,4.59,9.23,817.47,15451.4,71.67,212.86,3.99,Subtropical,16268.869999999999,0.05290246175351402,152.55676200000002,0.013083883514958324,38.74
City 1382,-9.16,82.21,6.08,4.07,1071.62,1253.97,70.49,30.69,2.64,Equatorial,2325.59,0.8539008900611169,21.633381,0.013196651172390663,9.16
City 1383,66.02,-55.51,2.09,10.61,364.23,23416.9,73.96,318.8,4.15,Polar,23781.13,0.015553486862613642,235.78448,0.013405586698361264,66.02
City 1384,-26.44,61.59,4.84,5.96,833.18,4195.46,78.54,78.83,3.08,Tropical,5028.64,0.19854353431225366,61.913082,0.015676206688090617,26.44
City 1385,25.38,109.95,4.77,5.39,826.72,2959.97,77.55,53.55,2.88,Tropical,3786.6899999999996,0.2792058008017643,41.528025,0.014141638211736371,25.38
City 1386,-17.73,160.83,6.6,4.05,1185.62,1244.01,75.17,33.82,2.76,Tropical,2429.63,0.9522975719070529,25.422494,0.01391981495124772,17.73
City 1387,40.55,-35.92,4.58,9.22,802.87,15387.41,75.72,242.52,4.07,Subtropical,16190.28,0.05217368136149219,183.63614400000003,0.014979357985161467,40.55
City 1388,-42.99,101.99,4.0,11.58,696.47,29558.34,71.3,409.11,4.77,Subtropical,30254.81,0.02356175746819787,291.69543,0.013522147387473265,42.99
City 1389,66.08,-84.27,3.05,13.54,534.43,48030.92,78.41,695.74,5.62,Polar,48565.35,0.011126559171484295,545.529734,0.01432585166173002,66.08
City 1390,-1.01,176.52,6.17,1.0,1097.54,19.25,77.87,16.32,1.93,Equatorial,1116.79,54.199506172839506,12.708384,0.014613311365610367,1.01
City 1391,-29.31,-170.72,4.28,10.15,742.63,19166.59,76.56,277.91,4.32,Tropical,19909.22,0.03874404659114682,212.76789600000004,0.013958859262191085,29.31
City 1392,-50.45,37.27,2.38,8.25,408.83,11052.57,74.66,157.46,3.38,Temperate,11461.4,0.03698624064442529,117.55963600000001,0.013738286771249587,50.45
City 1393,-37.93,57.42,4.0,9.29,702.53,14769.43,79.64,223.09,4.02,Subtropical,15471.960000000001,0.04756327337795853,177.668876,0.014418987639575076,37.93
City 1394,7.57,67.7,6.55,2.49,1157.23,307.24,78.79,21.78,2.38,Equatorial,1464.47,3.7543148196210745,17.160462000000003,0.014872274611292823,7.57
City 1395,-16.19,-136.66,5.92,5.97,1048.27,3944.34,76.44,74.86,3.21,Tropical,4992.610000000001,0.2656982668160412,57.222984,0.014994161370505606,16.19
City 1396,47.75,157.87,3.73,9.56,667.33,17008.32,73.72,249.81,4.02,Temperate,17675.65,0.0392331968591337,184.159932,0.01413300218096647,47.75
City 1397,-3.98,-114.77,6.02,1.0,1044.97,18.57,76.18,15.57,1.89,Equatorial,1063.54,53.39652529381707,11.861226000000002,0.014639787878218027,3.98
City 1398,-27.67,44.19,5.46,8.29,933.15,10607.06,75.75,160.87,3.84,Tropical,11540.21,0.08796613141328387,121.859025,0.013939954298925238,27.67
City 1399,20.23,-99.84,5.7,9.39,1024.31,15404.96,73.94,227.02,4.23,Tropical,16429.27,0.06648790468104551,167.85858800000003,0.013818021129362413,20.23
City 1400,31.88,-69.4,5.13,6.75,895.26,5999.82,73.07,99.2,3.3,Subtropical,6895.08,0.14918961075319706,72.48544,0.014387070200780847,31.88
City 1401,-38.28,16.73,3.37,11.23,594.56,27061.51,74.07,372.33,4.57,Subtropical,27656.07,0.021969876408359755,275.784831,0.013462867283746389,38.28
City 1402,-38.21,-29.81,4.48,7.35,791.64,7837.84,75.74,128.86,3.42,Subtropical,8629.48,0.10098943210985298,97.59856400000001,0.014932533594144724,38.21
City 1403,-55.23,-122.32,2.54,11.65,445.65,29412.05,74.28,420.67,4.63,Temperate,29857.7,0.015151437882164548,312.473676,0.014089162929495575,55.23
City 1404,35.73,-118.46,4.3,2.03,739.84,161.39,72.64,12.88,1.87,Subtropical,901.23,4.555945563150441,9.356032,0.014291579286086794,35.73
City 1405,26.29,-29.47,5.43,12.68,963.49,39733.25,77.61,588.61,5.58,Tropical,40696.74,0.024248349975147385,456.820221,0.014463320649270679,26.29
City 1406,1.7,92.62,6.93,7.91,1233.16,9054.43,75.31,144.72,3.93,Equatorial,10287.59,0.13617906604103835,108.988632,0.014067434646987292,1.7
City 1407,49.74,143.27,3.09,8.26,542.79,10605.8,70.68,153.67,3.44,Temperate,11148.59,0.051173775313949545,108.613956,0.013783805844505895,49.74
City 1408,44.74,-149.71,3.87,3.54,677.08,843.84,73.68,21.93,2.21,Subtropical,1520.92,0.8014298565408835,16.158024,0.014418904347368698,44.74
City 1409,16.1,-38.48,5.11,6.33,874.1,4745.16,78.85,81.79,3.22,Tropical,5619.26,0.18416993948792287,64.491415,0.014555297316728538,16.1
City 1410,52.88,-143.91,3.87,5.68,661.81,3412.44,77.55,63.02,2.84,Temperate,4074.25,0.19388358957532575,48.87201,0.015467877523470577,52.88
City 1411,-33.24,-174.03,4.57,8.44,792.51,11631.44,73.23,165.31,3.74,Subtropical,12423.95,0.0681293004735034,121.05651300000001,0.01330575219636267,33.24
City 1412,-45.45,58.22,4.38,9.57,757.82,16174.87,79.38,243.79,4.17,Temperate,16932.690000000002,0.04684879391340311,193.52050199999996,0.014397594239308696,45.45
City 1413,-24.93,36.88,4.99,4.14,896.15,1377.66,70.77,30.88,2.5,Tropical,2273.81,0.6500152321819738,21.853775999999996,0.013580730140161227,24.93
City 1414,-52.58,-121.31,3.06,12.06,543.77,34855.63,79.61,548.02,5.05,Temperate,35399.399999999994,0.015600188543757674,436.27872199999996,0.015481053351186744,52.58
City 1415,9.05,-95.83,5.98,6.92,1056.82,6336.95,72.46,106.73,3.46,Equatorial,7393.7699999999995,0.1667447676299119,77.336558,0.014435125788332611,9.05
City 1416,61.76,-171.47,3.11,12.62,545.67,38594.43,70.09,516.02,5.05,Polar,39140.1,0.014138202372664327,361.678418,0.013183921349204524,61.76
City 1417,-54.89,120.58,2.8,9.51,481.25,15603.45,74.34,215.83,3.84,Temperate,16084.7,0.03084056150649334,160.448022,0.013418341653869827,54.89
City 1418,-44.13,170.89,4.23,4.87,761.12,2284.0,73.59,43.04,2.62,Subtropical,3045.12,0.3330940919037199,31.673136,0.014134089953762086,44.13
City 1419,-1.21,-131.23,6.72,6.57,1168.26,5257.19,75.39,90.0,3.49,Equatorial,6425.45,0.22217911486652253,67.851,0.014006801080079994,1.21
City 1420,61.4,-96.67,1.71,9.46,293.17,16302.99,77.97,244.12,3.75,Polar,16596.16,0.01798148796705592,190.34036400000002,0.014709426758961109,61.4
City 1421,-18.9,132.63,5.39,2.42,943.24,281.29,78.42,18.22,2.18,Tropical,1224.53,3.3413865174111725,14.288124,0.014879178133651277,18.9
City 1422,5.94,153.53,5.99,7.97,1071.48,9730.86,74.01,144.94,3.8,Equatorial,10802.34,0.11010022750019009,107.27009400000001,0.013417463253332148,5.94
City 1423,-54.6,-28.93,3.2,14.71,571.55,61883.35,74.3,880.36,6.16,Temperate,62454.9,0.009235776088784967,654.10748,0.014095931624260066,54.6
City 1424,-40.72,-161.78,3.55,7.97,604.69,9557.91,71.48,136.95,3.41,Subtropical,10162.6,0.06325930466967469,97.89186,0.013475882156141143,40.72
City 1425,68.26,-165.82,2.68,16.22,480.19,77383.63,70.48,1065.95,6.7,Polar,77863.82,0.006205237396625143,751.28156,0.013689926849209298,68.26
City 1426,65.47,26.62,2.37,10.77,409.66,24512.12,76.41,367.37,4.33,Polar,24921.78,0.016711866951248964,280.70741699999996,0.014740921394860239,65.47
City 1427,-59.36,-38.56,2.76,8.98,469.62,13105.7,70.64,176.18,3.6,Temperate,13575.320000000002,0.03583052942388244,124.453552,0.012977962950412954,59.36
City 1428,63.74,-169.69,2.87,8.8,511.6,13209.77,77.34,195.39,3.67,Polar,13721.37,0.03872597887935374,151.114626,0.014239831736918396,63.74
City 1429,23.09,29.97,5.87,10.4,1047.89,20306.53,75.39,297.87,4.63,Tropical,21354.42,0.05160105635692771,224.56419300000002,0.013948868665128813,23.09
City 1430,52.83,-175.93,3.29,7.33,579.25,7776.4,71.99,110.42,3.18,Temperate,8355.65,0.0744786175328516,79.49135799999999,0.013215010202677232,52.83
City 1431,-0.88,103.45,6.55,5.93,1151.57,3812.59,75.4,72.29,3.28,Equatorial,4964.16,0.30196481530526353,54.50666000000001,0.014562383162508866,0.88
City 1432,7.03,-69.68,5.62,3.3,1001.29,686.84,71.83,24.24,2.38,Equatorial,1688.13,1.4557019074203301,17.411592,0.014359083719855696,7.03
City 1433,3.55,-165.51,6.41,3.2,1139.83,631.46,74.39,25.44,2.5,Equatorial,1771.29,1.8022167409796666,18.924816,0.0143624138339854,3.55
City 1434,26.69,31.81,4.82,9.24,862.83,14945.46,78.0,236.9,4.13,Tropical,15808.289999999999,0.05772805065547294,184.782,0.01498580807917871,26.69
City 1435,-41.85,-36.83,4.12,7.23,723.94,7073.39,74.62,109.5,3.3,Subtropical,7797.33,0.1023324979256162,81.7089,0.014043268657348092,41.85
City 1436,-56.1,170.57,2.9,8.6,521.1,12037.21,71.49,167.21,3.52,Temperate,12558.31,0.04328716644750341,119.538429,0.013314689635786981,56.1
City 1437,-19.97,15.91,5.95,8.83,1070.07,12816.48,77.24,212.61,4.14,Tropical,13886.55,0.08348520926110281,164.219964,0.015310498287911686,19.97
City 1438,31.61,-80.91,4.48,11.15,766.98,26196.76,71.87,386.36,4.71,Subtropical,26963.739999999998,0.029276548834709534,277.676932,0.014328872775067555,31.61
City 1439,-33.76,75.4,4.61,8.99,822.57,13589.11,77.39,211.83,3.99,Subtropical,14411.68,0.06052710390129293,163.93523700000003,0.014698494554416974,33.76
City 1440,27.55,-82.26,5.66,5.12,991.15,2564.45,74.79,49.41,2.91,Tropical,3555.6,0.38634547545264963,36.953739,0.01389638879514006,27.55
City 1441,66.09,145.53,2.54,9.33,442.46,15016.73,74.54,225.16,3.77,Polar,15459.189999999999,0.029462508648111264,167.834264,0.014564799320016121,66.09
City 1442,-47.79,-45.1,3.62,8.98,638.38,14462.14,78.51,216.55,3.86,Temperate,15100.519999999999,0.044138409778236264,170.01340500000003,0.014340565755351474,47.79
City 1443,27.44,17.95,4.78,7.55,814.99,8165.26,77.09,135.21,3.54,Tropical,8980.25,0.09979966349344743,104.233389,0.015056373708972469,27.44
City 1444,-2.31,-161.79,6.52,1.76,1141.69,100.52,70.33,17.16,2.1,Equatorial,1242.21,11.245961386918834,12.068627999999999,0.013814089405173037,2.31
City 1445,52.86,-26.6,2.87,11.09,513.72,25876.36,72.96,351.39,4.43,Temperate,26390.08,0.01985210237829516,256.374144,0.013315230571487466,52.86
City 1446,-36.97,119.65,4.14,7.91,712.91,9769.14,78.71,164.62,3.6,Subtropical,10482.05,0.0729682481520224,129.572402,0.01570494321244413,36.97
City 1447,30.04,110.03,5.27,2.71,919.23,361.05,70.18,17.94,2.16,Subtropical,1280.28,2.538958707360862,12.590292000000002,0.014012559752554131,30.04
City 1448,48.95,-99.25,3.46,6.57,621.1,5498.1,75.45,91.76,3.03,Temperate,6119.200000000001,0.11294575475986979,69.23292000000001,0.014995424238462543,48.95
City 1449,62.8,-98.61,1.93,9.02,336.22,14012.38,77.28,210.59,3.61,Polar,14348.599999999999,0.023992784039253916,162.743952,0.014676693196548794,62.8
City 1450,28.82,114.23,5.87,6.7,1018.33,5515.93,76.22,92.1,3.41,Tropical,6534.26,0.18458272988781804,70.19861999999999,0.014094939595302298,28.82
City 1451,4.63,154.94,6.84,9.19,1192.18,15222.14,77.61,244.12,4.4,Equatorial,16414.32,0.07831367247492962,189.461532,0.014872379726970109,4.63
City 1452,20.32,-145.67,4.87,6.63,853.92,5454.51,77.26,91.82,3.26,Tropical,6308.43,0.15652432128251986,70.940132,0.014555127028436551,20.32
City 1453,52.96,-17.98,3.07,7.19,541.66,6919.98,76.92,105.68,3.16,Temperate,7461.639999999999,0.07826348291715914,81.28905600000002,0.014163106234018261,52.96
City 1454,14.18,-58.52,6.06,5.97,1079.24,4181.34,78.22,77.55,3.25,Equatorial,5260.58,0.25804693066560824,60.659609999999994,0.014741720494698303,14.18
City 1455,-56.05,133.45,3.93,8.72,685.66,12802.64,76.46,199.32,3.8,Temperate,13488.3,0.053551958661755564,152.400072,0.014777251395654011,56.05
City 1456,61.02,-149.93,2.17,10.91,387.41,25737.59,74.02,350.84,4.29,Polar,26125.0,0.015051718062255937,259.69176799999997,0.013429282296650717,61.02
City 1457,29.64,-103.99,5.41,8.42,949.16,11477.7,74.72,173.33,3.88,Tropical,12426.86,0.08268880622370128,129.512176,0.013948012611391777,29.64
City 1458,27.95,90.89,5.74,9.82,995.83,18435.78,77.17,270.44,4.44,Tropical,19431.61,0.054013227906391466,208.69854800000002,0.013917529221716574,27.95
City 1459,-31.96,-161.53,4.45,7.14,785.48,7147.31,78.76,121.83,3.38,Subtropical,7932.790000000001,0.10988331507727,95.95330799999999,0.015357774503043695,31.96
City 1460,25.66,-2.69,5.07,10.66,897.47,21955.0,72.72,320.43,4.58,Tropical,22852.47,0.04087584259427947,233.01669600000002,0.014021679057012218,25.66
City 1461,-8.8,-20.84,5.87,7.15,1029.96,7146.26,73.42,108.81,3.52,Equatorial,8176.22,0.14410557332460272,79.88830200000001,0.013308105701656756,8.8
City 1462,24.66,-59.62,5.17,4.7,882.18,1992.97,79.31,45.44,2.77,Tropical,2875.15,0.4424239080828698,36.038464,0.01580439281428795,24.66
City 1463,-46.14,-37.95,3.75,14.14,644.16,51270.0,75.79,709.96,5.86,Temperate,51914.16,0.012563827504827289,538.0786840000001,0.013675652269053375,46.14
City 1464,25.52,10.78,5.54,7.37,958.2,7611.24,71.79,117.99,3.52,Tropical,8569.44,0.12587622040293003,84.705021,0.013768694337086202,25.52
City 1465,69.92,-121.91,2.65,8.9,458.06,12825.43,76.64,199.05,3.66,Polar,13283.49,0.035712197392415504,152.55192,0.014984766804506949,69.92
City 1466,-53.73,25.92,2.86,13.51,506.29,47967.02,79.91,758.25,5.69,Temperate,48473.31,0.010554740429144251,605.9175749999999,0.015642628902379475,53.73
City 1467,67.03,109.96,1.5,15.9,255.28,76714.57,78.23,1088.04,6.56,Polar,76969.85,0.003327616545115939,851.173692,0.014135924651015949,67.03
City 1468,-7.1,93.66,6.49,4.63,1152.74,1972.81,77.46,47.97,2.93,Equatorial,3125.55,0.5840177119378258,37.157562,0.015347698805010317,7.1
City 1469,53.2,-124.6,3.42,8.06,590.98,9619.1,72.08,145.99,3.44,Temperate,10210.08,0.06143179384829679,105.22959200000001,0.014298614702333382,53.2
City 1470,41.71,-126.27,4.21,7.74,727.89,8908.6,78.76,145.14,3.53,Subtropical,9636.49,0.08169727036006105,114.312264,0.015061500608624094,41.71
City 1471,13.71,-83.46,5.88,7.16,1030.08,6756.89,75.26,111.14,3.54,Equatorial,7786.97,0.15242627506514606,83.64396400000001,0.014272560443921063,13.71
City 1472,36.0,-50.01,4.54,10.79,782.03,24184.79,78.89,356.31,4.66,Subtropical,24966.82,0.032334275622173184,281.092959,0.0142713409236739,36.0
City 1473,54.21,-32.96,3.96,10.85,708.8,24816.13,73.3,357.8,4.53,Temperate,25524.93,0.028560917398587182,262.2674,0.014017668216915776,54.21
City 1474,-7.46,64.69,6.67,5.0,1139.35,2431.28,70.62,47.45,2.98,Equatorial,3570.63,0.46842879931586817,33.509190000000004,0.013288971414008173,7.46
City 1475,-17.49,-159.6,5.59,9.49,975.02,16796.4,74.76,259.68,4.3,Tropical,17771.420000000002,0.05804588805410361,194.13676800000002,0.014612225697214966,17.49
City 1476,26.79,-167.52,4.87,5.9,870.12,4040.48,72.7,67.14,3.0,Tropical,4910.6,0.2152973663113513,48.81078,0.013672463650063128,26.79
City 1477,45.02,-38.91,3.76,11.08,663.0,24690.04,77.15,378.83,4.63,Temperate,25353.04,0.02685184585177457,292.26734500000003,0.014942192336698083,45.02
City 1478,39.1,70.98,5.08,7.19,878.72,6944.39,79.57,113.31,3.48,Subtropical,7823.110000000001,0.12651845324740582,90.16076699999999,0.014484009556301776,39.1
City 1479,43.72,-110.36,3.85,9.45,670.39,16345.6,76.91,239.05,4.03,Subtropical,17015.99,0.041010974759277154,183.85335500000002,0.01404855080427292,43.72
City 1480,-3.37,50.94,6.75,4.05,1195.89,1265.27,78.87,35.48,2.82,Equatorial,2461.16,0.9444194366130447,27.983076,0.014415966454842432,3.37
City 1481,46.32,-86.46,3.52,8.49,632.04,11257.46,74.53,160.31,3.6,Temperate,11889.5,0.05613911671756173,119.479043,0.013483325623449262,46.32
City 1482,-44.37,138.99,4.44,7.49,795.06,8040.18,77.72,131.03,3.48,Subtropical,8835.24,0.09887354840956177,101.83651599999999,0.01483038378131211,44.37
City 1483,10.78,142.45,7.23,8.44,1253.0,11313.7,78.43,193.06,4.21,Equatorial,12566.7,0.11074089458845572,151.41695800000002,0.0153628239712892,10.78
City 1484,-59.25,-72.98,3.08,8.09,553.93,9953.99,77.11,155.74,3.46,Temperate,10507.92,0.05564345117373297,120.091114,0.014821201531796968,59.25
City 1485,-17.8,-97.2,5.8,3.93,985.37,1190.7,75.08,31.29,2.61,Tropical,2176.07,0.82686078711085,23.492532,0.014379133024213373,17.8
City 1486,-12.36,-31.93,6.15,10.54,1047.74,22021.31,76.26,340.61,4.77,Equatorial,23069.050000000003,0.047576298762482226,259.74918600000007,0.014764803925605951,12.36
City 1487,-8.5,-93.41,5.21,7.29,929.16,7006.66,77.01,114.15,3.5,Equatorial,7935.82,0.13259204927179685,87.90691500000001,0.014384146817846171,8.5
City 1488,30.41,62.06,5.24,1.08,901.91,22.71,72.53,12.56,1.76,Subtropical,924.62,38.039223956136645,9.109768,0.0135839588155134,30.41
City 1489,-9.49,117.38,6.4,3.54,1092.39,871.22,78.1,28.57,2.62,Equatorial,1963.6100000000001,1.2524248469422852,22.31317,0.014549732380666222,9.49
City 1490,-1.67,62.31,7.1,1.0,1223.37,19.92,79.5,19.2,2.09,Equatorial,1243.29,58.4784894837476,15.264,0.015442897473638492,1.67
City 1491,-29.12,116.77,4.61,4.54,802.63,1807.47,74.65,35.7,2.59,Tropical,2610.1,0.443817149303002,26.650050000000007,0.013677636872150494,29.12
City 1492,-11.48,-37.08,6.0,1.0,1064.61,18.73,77.01,15.04,1.9,Equatorial,1083.34,53.95894576786619,11.582303999999999,0.013882991489283143,11.48
City 1493,-30.45,-123.73,4.66,6.7,821.76,5986.42,77.37,101.1,3.26,Subtropical,6808.18,0.13724776280935694,78.22107,0.014849783642618143,30.45
City 1494,-50.48,85.66,3.98,6.19,685.52,4591.58,76.62,80.4,3.0,Temperate,5277.1,0.14926686089300567,61.60248000000001,0.01523564078755377,50.48
City 1495,18.45,-50.23,5.52,5.99,966.05,4241.27,75.47,75.53,3.15,Tropical,5207.320000000001,0.22772006496521907,57.002491,0.014504582011476152,18.45
City 1496,26.87,61.66,6.16,2.62,1104.36,352.87,78.82,22.47,2.36,Tropical,1457.23,3.120807076044875,17.710853999999998,0.015419666078793326,26.87
City 1497,20.53,-82.57,5.78,6.26,1029.36,4603.12,74.49,81.17,3.25,Tropical,5632.48,0.22357366880098692,60.463533,0.014411058716586655,20.53
City 1498,0.25,-150.76,6.34,2.99,1099.05,505.8,70.61,21.52,2.39,Equatorial,1604.85,2.168606945540647,15.195272,0.013409352899024831,0.25
City 1499,-10.63,177.33,6.19,8.82,1113.42,12595.74,78.45,209.03,4.18,Equatorial,13709.16,0.08838953570526978,163.984035,0.015247469575087023,10.63
City 1500,52.23,-123.77,3.02,12.75,534.42,38534.27,76.74,589.08,5.24,Temperate,39068.689999999995,0.013868334126113558,452.05999199999997,0.01507805867051084,52.23
City 1501,7.48,175.83,5.38,6.71,917.82,5911.94,78.49,98.9,3.38,Equatorial,6829.759999999999,0.15522227521334567,77.62661,0.01448074310078246,7.48
City 1502,2.29,171.82,7.5,3.41,1277.64,786.58,71.39,27.51,2.68,Equatorial,2064.2200000000003,1.6222352015033394,19.639389,0.01332706785129492,2.29
City 1503,-56.67,105.77,3.38,14.63,581.14,60902.87,70.31,797.44,6.01,Temperate,61484.01,0.009541922377018078,560.680064,0.012969876232861196,56.67
City 1504,-15.64,57.39,6.17,1.68,1094.16,89.95,79.34,17.76,2.12,Tropical,1184.1100000000001,12.030346344145135,14.090784000000001,0.014998606548378106,15.64
City 1505,-10.57,28.01,6.34,1.55,1089.88,67.49,71.48,16.35,2.03,Equatorial,1157.3700000000001,15.91297999707987,11.68698,0.014126856580004666,10.57
City 1506,-8.15,131.8,5.74,4.61,1004.86,1769.86,78.1,40.5,2.81,Equatorial,2774.72,0.5674418079351276,31.630499999999998,0.014596067350939915,8.15
City 1507,15.42,-75.8,5.68,11.18,970.66,26180.92,78.23,398.25,4.97,Tropical,27151.579999999998,0.037073675269040623,311.550975,0.014667654700021142,15.42
City 1508,9.37,-11.63,6.77,4.43,1212.37,1646.64,77.09,43.46,2.91,Equatorial,2859.01,0.7358221456143331,33.503314,0.015201066103301492,9.37
City 1509,19.03,42.98,5.14,5.44,891.91,3101.87,71.31,54.2,2.89,Tropical,3993.7799999999997,0.2874467831394805,38.650020000000005,0.013571103065266491,19.03
City 1510,39.43,-31.97,2.97,4.34,532.53,1471.18,76.67,29.3,2.32,Subtropical,2003.71,0.3617288646768737,22.46431,0.014622874567676959,39.43
City 1511,45.69,-26.1,3.69,10.93,661.86,26114.25,78.89,416.6,4.66,Temperate,26776.11,0.025343812523334067,328.65574,0.015558645374552166,45.69
City 1512,33.36,-61.1,4.59,9.72,781.3,17190.63,74.26,253.3,4.2,Subtropical,17971.93,0.04544653415644705,188.10058,0.014094201346210452,33.36
City 1513,64.22,23.12,2.57,12.39,449.27,37503.24,74.14,544.8,5.0,Polar,37952.509999999995,0.01197917888750712,403.91471999999993,0.01435478180494518,64.22
City 1514,-57.63,126.21,3.33,8.19,566.95,10475.84,74.43,149.35,3.49,Temperate,11042.79,0.05411459944028925,111.16120500000001,0.013524661792898351,57.63
City 1515,-34.55,-107.45,4.9,5.69,877.59,3360.68,70.82,55.1,2.91,Subtropical,4238.2699999999995,0.2610569715142429,39.02182,0.013000587503863606,34.55
City 1516,-59.02,156.4,3.0,6.67,525.24,5811.74,78.92,94.07,3.02,Temperate,6336.98,0.09036013996841422,74.240044,0.014844610524256034,59.02
City 1517,24.17,68.07,5.91,6.63,1008.4,5651.5,78.69,99.52,3.43,Tropical,6659.9,0.17839893852277752,78.312288,0.014943167314824547,24.17
City 1518,56.74,116.38,2.27,6.97,388.14,6461.54,79.98,109.19,3.03,Temperate,6849.68,0.06005997641794093,87.330162,0.015940890669345138,56.74
City 1519,-28.35,20.23,5.27,3.89,915.76,1121.15,75.85,30.81,2.53,Tropical,2036.91,0.8160762821369691,23.369384999999998,0.015125852394067484,28.35
City 1520,60.51,100.63,3.08,8.99,552.07,13215.22,77.51,210.25,3.77,Polar,13767.289999999999,0.04177215572985317,162.964775,0.015271705615266331,60.51
City 1521,-52.17,-174.17,2.73,7.99,482.78,9864.0,72.03,138.85,3.31,Temperate,10346.78,0.0489386720729853,100.013655,0.01341963393442211,52.17
City 1522,61.48,114.62,1.95,8.8,347.56,13521.01,76.68,211.91,3.55,Polar,13868.57,0.02570327932016024,162.492588,0.015279873844239168,61.48
City 1523,-14.29,-165.55,5.63,6.6,977.17,5216.71,76.5,91.82,3.35,Equatorial,6193.88,0.18727947701194583,70.2423,0.014824310448378075,14.29
City 1524,-46.82,140.37,3.39,8.88,578.13,12969.39,79.01,201.09,3.79,Temperate,13547.519999999999,0.04457306218240161,158.881209,0.014843307114512474,46.82
City 1525,3.16,177.11,7.16,3.6,1286.11,920.88,78.31,33.53,2.75,Equatorial,2206.99,1.3950948062654573,26.257343000000002,0.015192637936737368,3.16
City 1526,-26.62,-74.14,4.83,7.12,821.83,6700.67,79.38,107.69,3.42,Tropical,7522.5,0.12263062788827263,85.48432199999999,0.01431571950814224,26.62
City 1527,-22.97,-104.29,4.96,3.82,890.95,1074.45,78.69,28.29,2.49,Tropical,1965.4,0.8284439072016365,22.261401,0.014394016485193853,22.97
City 1528,-20.05,95.53,5.29,6.27,918.89,4696.97,78.69,86.87,3.24,Tropical,5615.860000000001,0.19559299016383672,68.358003,0.015468690458807733,20.05
City 1529,44.39,-88.91,4.45,8.82,757.25,13150.03,70.64,189.51,3.82,Subtropical,13907.28,0.05758104118080485,133.869864,0.013626676100574662,44.39
City 1530,10.09,131.6,6.3,1.25,1114.44,36.91,78.46,16.92,2.02,Equatorial,1151.3500000000001,29.39699287786864,13.275432,0.014695791896469362,10.09
City 1531,-19.53,-142.98,5.54,8.44,996.71,11191.41,76.07,176.18,3.92,Tropical,12188.119999999999,0.08905231313005868,134.020126,0.014455059516972266,19.53
City 1532,19.34,-134.66,5.59,3.73,1004.45,939.72,73.8,28.43,2.51,Tropical,1944.17,1.0677459818011736,20.98134,0.014623206818333788,19.34
City 1533,33.1,172.49,5.33,7.54,914.52,8339.81,70.57,125.79,3.53,Subtropical,9254.33,0.10964402737863589,88.770003,0.013592556133183062,33.1
City 1534,-24.56,62.58,4.91,9.37,842.96,16019.56,76.78,243.35,4.16,Tropical,16862.52,0.05261738665814429,186.84413,0.014431413572823041,24.56
City 1535,-6.24,124.88,7.22,6.94,1268.42,6459.55,73.28,103.3,3.65,Equatorial,7727.97,0.19633312953231535,75.69824,0.013367029116313857,6.24
City 1536,-44.15,-63.24,4.01,8.5,708.03,11850.29,74.68,174.32,3.7,Subtropical,12558.320000000002,0.05974286343511971,130.182176,0.013880837564260185,44.15
City 1537,-36.45,63.53,4.37,6.74,774.9,5657.52,76.82,98.61,3.22,Subtropical,6432.42,0.13694393587015685,75.75220199999998,0.015330155680132827,36.45
City 1538,28.55,33.93,6.25,9.22,1074.21,14158.27,79.12,227.47,4.32,Tropical,15232.48,0.07586619931677269,179.974264,0.014933221642175141,28.55
City 1539,-36.41,37.13,3.92,9.33,704.58,15922.57,78.25,246.49,4.03,Subtropical,16627.15,0.0442476153274674,192.87842500000002,0.014824549005692496,36.41
City 1540,8.27,65.71,6.24,3.28,1101.39,670.58,74.51,25.08,2.49,Equatorial,1771.9700000000003,1.639998213168945,18.687108000000002,0.014153738494444033,8.27
City 1541,32.18,27.13,4.13,5.23,737.34,2663.35,73.88,49.66,2.71,Subtropical,3400.69,0.276742920412108,36.688807999999995,0.014602918819416059,32.18
City 1542,-46.11,-25.54,4.25,3.43,745.24,734.41,72.4,20.58,2.22,Temperate,1479.65,1.0133666934091188,14.89992,0.013908694623728582,46.11
City 1543,13.75,-80.67,6.88,5.76,1198.46,3464.08,73.72,66.64,3.26,Equatorial,4662.54,0.345867916469461,49.127008,0.01429263877628932,13.75
City 1544,-26.65,96.69,5.97,6.46,1073.18,5035.83,71.11,81.58,3.3,Tropical,6109.01,0.21306655177959155,58.011538,0.013354045909238976,26.65
City 1545,65.18,-98.54,3.05,13.36,536.14,46745.71,79.71,680.59,5.56,Polar,47281.85,0.011469042420311505,542.498289,0.014394318327222815,65.18
City 1546,2.86,69.25,6.7,5.18,1197.25,2763.21,75.74,59.58,3.1,Equatorial,3960.46,0.4331255584778291,45.12589199999999,0.015043707044131237,2.86
City 1547,44.78,-96.0,3.68,11.81,661.19,32632.91,71.28,472.21,4.88,Subtropical,33294.1,0.02026082685157862,336.59128799999996,0.01418299338321204,44.78
City 1548,11.53,45.12,5.36,3.41,946.93,786.37,73.53,25.36,2.39,Equatorial,1733.3,1.202649326237982,18.647208,0.014631050597126868,11.53
City 1549,-54.36,88.95,4.21,12.28,739.34,36703.42,75.47,561.98,5.25,Temperate,37442.759999999995,0.020143078136093694,424.12630600000006,0.015009043136777313,54.36
City 1550,22.31,-101.26,5.67,4.91,964.58,2253.67,75.33,47.59,2.86,Tropical,3218.25,0.4278142699375075,35.849547,0.014787539812009634,22.31
City 1551,63.68,-158.42,2.3,12.31,391.28,34414.7,70.36,474.31,4.8,Polar,34805.979999999996,0.011369229741077473,333.724516,0.013627256006008165,63.68
City 1552,18.21,-132.85,6.39,2.17,1099.02,201.36,79.51,20.36,2.28,Tropical,1300.38,5.431014034394148,16.188236000000003,0.01565696181116289,18.21
City 1553,46.49,38.16,3.26,9.24,560.09,14524.42,72.75,210.72,3.81,Temperate,15084.51,0.03855929811323872,153.2988,0.013969296980810116,46.49
City 1554,54.95,125.8,3.36,4.53,579.25,1726.34,70.16,29.55,2.36,Temperate,2305.59,0.33534220246158836,20.73228,0.012816675991828555,54.95
City 1555,-30.35,-163.8,4.79,6.37,828.77,4766.66,70.76,74.37,3.09,Subtropical,5595.43,0.17383160711963522,52.62421200000001,0.013291203714459836,30.35
City 1556,-32.43,84.29,5.05,8.34,876.5,11056.25,75.8,180.39,3.83,Subtropical,11932.75,0.07926925772683081,136.73561999999998,0.015117219417150279,32.43
City 1557,19.43,-57.13,5.61,4.64,976.99,1862.85,71.38,37.91,2.73,Tropical,2839.84,0.5241784478364676,27.060157999999998,0.013349343624992956,19.43
City 1558,-6.57,-7.73,5.81,2.03,994.28,153.28,70.42,15.95,2.07,Equatorial,1147.56,6.44464609800363,11.231990000000001,0.013899055387082157,6.57
City 1559,49.18,154.39,3.6,11.03,612.68,25394.91,73.8,349.05,4.52,Temperate,26007.59,0.024125144560679258,257.5989,0.013421082076424614,49.18
City 1560,57.0,-60.49,3.53,9.44,624.64,16621.18,76.23,245.42,3.99,Temperate,17245.82,0.037578705079598464,187.08366600000002,0.014230694742262183,57.0
City 1561,-14.06,-12.48,6.0,4.18,1052.51,1399.56,71.12,32.61,2.66,Equatorial,2452.0699999999997,0.7514922602387617,23.192232,0.013298967810870001,14.06
City 1562,-29.21,-175.07,5.34,7.03,932.05,6850.64,73.13,103.04,3.4,Tropical,7782.6900000000005,0.13603312491607847,75.353152,0.013239638222773874,29.21
City 1563,41.47,-150.62,3.57,14.74,630.33,58882.09,74.18,805.12,6.11,Subtropical,59512.42,0.010704771098120023,597.238016,0.013528604617321898,41.47
City 1564,-24.28,-86.91,5.29,9.31,942.66,14800.76,71.59,207.24,4.1,Tropical,15743.42,0.06368566981223854,148.36311600000002,0.013163594695434665,24.28
City 1565,46.94,-169.97,3.4,11.6,592.88,29896.21,75.06,450.28,4.79,Temperate,30489.09,0.019830612956861192,337.980168,0.01476856147559668,46.94
City 1566,-4.91,47.3,7.03,5.58,1240.08,3288.81,70.85,58.17,3.19,Equatorial,4528.889999999999,0.3769457810633441,41.213445,0.012844206858634237,4.91
City 1567,26.78,-26.5,5.14,7.09,923.0,6898.5,70.47,102.5,3.36,Tropical,7821.5,0.1337778099862309,72.23175,0.013104903151569392,26.78
City 1568,-47.58,17.33,4.01,2.77,716.16,415.37,75.2,15.33,2.04,Temperate,1131.53,1.720008646156063,11.52816,0.013548027891439026,47.58
City 1569,21.1,-117.13,6.07,4.41,1057.19,1675.76,72.48,38.41,2.75,Tropical,2732.95,0.6304957179322026,27.839568,0.014054410069704898,21.1
City 1570,-1.27,-73.46,7.26,2.93,1280.46,497.91,70.95,24.28,2.51,Equatorial,1778.3700000000001,2.566515002705899,17.226660000000003,0.0136529518604115,1.27
City 1571,16.26,58.98,6.0,1.0,1030.35,18.8,74.24,15.02,1.87,Tropical,1049.1499999999999,52.03787878787878,11.150847999999998,0.014316351332030693,16.26
City 1572,-38.16,167.51,3.83,4.92,672.54,2195.92,79.15,42.57,2.63,Subtropical,2868.46,0.3061285800120168,33.694155,0.014840715924224148,38.16
City 1573,35.79,-161.85,4.49,2.63,807.91,346.41,77.24,16.42,2.1,Subtropical,1154.32,2.3255231570766526,12.682808,0.014224825005197868,35.79
City 1574,52.16,140.54,3.08,9.12,539.91,13824.43,78.16,218.25,3.82,Temperate,14364.34,0.039051949921268266,170.58419999999998,0.015193875945570768,52.16
City 1575,-31.82,27.68,4.6,9.23,824.73,14604.88,78.72,238.33,4.1,Subtropical,15429.609999999999,0.05646561521798071,187.613376,0.015446275051670136,31.82
City 1576,-47.56,23.01,3.48,11.52,606.43,28173.89,79.73,419.38,4.79,Temperate,28780.32,0.02152377524810212,334.371674,0.01457176292688893,47.56
City 1577,-56.93,0.1,2.53,10.73,454.5,23214.37,77.63,348.64,4.33,Temperate,23668.87,0.019577547116414688,270.649232,0.014729896273037116,56.93
City 1578,23.46,-155.02,4.38,3.94,769.86,1112.11,76.08,26.49,2.41,Tropical,1881.9699999999998,0.6916297580652407,20.153592,0.014075676020340388,23.46
City 1579,18.92,-147.64,5.34,1.06,910.29,21.64,73.65,12.59,1.78,Tropical,931.93,40.2071554770318,9.272535,0.013509598360391875,18.92
City 1580,11.07,36.33,6.32,1.0,1111.79,19.31,71.82,15.81,1.89,Equatorial,1131.1,54.74101427868045,11.354741999999998,0.013977543983732651,11.07
City 1581,-29.85,-57.25,4.24,3.81,731.86,1064.88,76.87,26.35,2.37,Tropical,1796.7400000000002,0.6866251360378278,20.255245000000002,0.01466544964769527,29.85
City 1582,-9.18,150.22,6.37,2.7,1084.13,380.51,79.95,21.58,2.41,Equatorial,1464.64,2.8416817383554824,17.25321,0.014733996067292985,9.18
City 1583,17.28,-33.63,6.74,5.33,1201.2,2923.6,74.67,57.35,3.13,Tropical,4124.8,0.4107228338918143,42.82324500000001,0.013903704422032584,17.28
City 1584,4.58,-128.42,7.19,1.92,1242.29,129.54,77.24,21.12,2.31,Equatorial,1371.83,9.51654665236709,16.313088,0.015395493610724363,4.58
City 1585,68.41,77.3,3.03,11.69,539.76,29674.91,74.95,446.07,4.75,Polar,30214.67,0.018188490260281825,334.32946499999997,0.014763358328917708,68.41
City 1586,-42.26,-74.39,4.24,7.65,732.53,8160.43,74.32,130.6,3.45,Subtropical,8892.960000000001,0.0897551041912998,97.06191999999999,0.014685773915546678,42.26
City 1587,30.37,9.17,5.46,7.06,938.46,6936.95,74.1,110.42,3.45,Subtropical,7875.41,0.1352647395844594,81.82122,0.014020857326793146,30.37
City 1588,-7.44,71.22,6.12,7.59,1099.52,8538.69,75.05,139.22,3.73,Equatorial,9638.210000000001,0.1287540882631571,104.48460999999999,0.014444590852450817,7.44
City 1589,-4.33,144.1,6.37,1.48,1106.71,60.0,73.67,16.12,2.04,Equatorial,1166.71,18.1427868852459,11.875604000000001,0.013816629668040903,4.33
City 1590,33.29,105.19,3.3,8.38,580.9,10976.78,77.49,162.6,3.58,Subtropical,11557.68,0.05291598119109692,125.99873999999998,0.014068567394148307,33.29
City 1591,30.02,63.49,5.49,6.97,967.12,6740.09,78.74,114.11,3.48,Subtropical,7707.21,0.1434664127018034,89.850214,0.014805617078034723,30.02
City 1592,68.86,64.67,2.95,10.05,517.99,19492.78,78.83,302.68,4.16,Polar,20010.77,0.026572065551165553,238.602644,0.015125854727229387,68.86
City 1593,-43.31,160.53,3.69,10.54,661.37,22978.69,72.28,317.37,4.35,Subtropical,23640.059999999998,0.028780631940639758,229.395036,0.013425092829713632,43.31
City 1594,-46.47,-73.5,3.62,10.84,639.89,23628.6,78.96,377.42,4.57,Temperate,24268.489999999998,0.027080018282154585,298.010832,0.015551853452769417,46.47
City 1595,34.16,-179.6,4.23,5.05,736.45,2372.53,73.42,41.77,2.66,Subtropical,3108.9800000000005,0.3102762551979541,30.667534000000003,0.01343527459166672,34.16
City 1596,15.19,-82.1,6.13,5.06,1094.61,2540.55,73.09,49.78,2.94,Tropical,3635.16,0.4306859987015797,36.384202,0.01369403272483192,15.19
City 1597,-24.36,-101.56,5.86,7.14,1006.35,7048.07,77.27,113.58,3.56,Tropical,8054.42,0.14276351348475758,87.76326599999999,0.014101574042575381,24.36
City 1598,-49.68,58.26,2.65,8.29,465.16,11011.12,73.05,157.68,3.41,Temperate,11476.28,0.042240731121709535,115.18524,0.013739643856720121,49.68
City 1599,-48.86,48.14,3.78,10.35,679.29,21176.19,70.53,278.69,4.24,Temperate,21855.48,0.032076493623563844,196.56005700000003,0.012751492989401285,48.86
City 1600,56.24,33.65,2.92,10.33,515.46,21068.38,73.74,295.15,4.17,Temperate,21583.84,0.024464886959179626,217.64360999999997,0.013674582465400039,56.24
City 1601,-35.06,-174.15,4.6,12.09,820.06,34384.79,77.21,511.09,5.2,Subtropical,35204.85,0.023848804986013116,394.61258899999996,0.014517601978136535,35.06
City 1602,-17.96,82.36,5.97,1.97,1054.3,141.85,73.27,16.61,2.1,Tropical,1196.1499999999999,7.380469023451172,12.170147,0.013886218283660077,17.96
City 1603,-30.53,-63.53,4.77,6.75,850.67,5746.12,76.3,96.07,3.27,Subtropical,6596.79,0.14801674577875526,73.30140999999999,0.014563143589533697,30.53
City 1604,-13.85,59.42,5.98,3.11,1072.84,596.06,76.6,23.71,2.43,Equatorial,1668.8999999999999,1.7968713362141158,18.16186,0.014206962670022171,13.85
City 1605,-50.97,20.37,3.32,10.61,574.29,22222.74,77.34,335.79,4.39,Temperate,22797.030000000002,0.025841285040231747,259.699986,0.014729550296683384,50.97
City 1606,7.48,-56.62,6.96,1.0,1195.3,19.09,78.97,18.24,2.06,Equatorial,1214.3899999999999,59.49726231956197,14.404127999999998,0.015019886527392353,7.48
City 1607,-51.21,-131.55,3.62,9.99,633.73,19328.64,74.33,276.45,4.16,Temperate,19962.37,0.03278540107317053,205.485285,0.013848556058223547,51.21
City 1608,44.05,-146.01,4.03,6.83,712.86,6370.83,71.66,99.81,3.14,Subtropical,7083.69,0.11187680776166345,71.52384599999999,0.0140901140507278,44.05
City 1609,-29.62,119.35,4.29,5.13,739.27,2542.18,73.19,45.85,2.69,Tropical,3281.45,0.2906872498210901,33.557615,0.013972481677307289,29.62
City 1610,10.2,150.62,6.1,1.4,1036.67,52.18,74.32,15.1,1.99,Equatorial,1088.8500000000001,19.493606619029713,11.22232,0.013867842218854754,10.2
City 1611,54.41,53.92,3.64,8.28,631.39,11167.83,77.14,181.08,3.62,Temperate,11799.22,0.05653143614863867,139.685112,0.015346777159846161,54.41
City 1612,24.61,-142.76,5.3,9.17,951.61,15135.1,70.13,222.14,4.07,Tropical,16086.710000000001,0.06287022416606655,155.786782,0.01380891431498423,24.61
City 1613,9.28,-35.27,6.68,4.87,1182.0,2241.65,73.16,50.01,2.98,Equatorial,3423.65,0.5270550464851849,36.587315999999994,0.01460721744337184,9.28
City 1614,-17.84,82.42,6.63,7.35,1154.52,7523.82,77.8,130.88,3.75,Tropical,8678.34,0.15342825476224017,101.82464,0.015081225211273122,17.84
City 1615,-16.71,100.74,6.35,9.83,1091.66,17726.86,76.71,270.76,4.53,Tropical,18818.52,0.06157878051834796,207.699996,0.01438795399425672,16.71
City 1616,27.03,-137.44,5.15,7.36,894.58,7670.27,77.32,122.92,3.53,Tropical,8564.85,0.11661432852708874,95.041744,0.014351681582281067,27.03
City 1617,69.24,-179.99,1.9,9.53,325.86,17079.05,78.12,262.77,3.82,Polar,17404.91,0.019078398482440043,205.275924,0.015097463876572759,69.24
City 1618,26.04,76.37,3.9,7.77,667.23,9280.21,77.83,154.55,3.5,Tropical,9947.439999999999,0.07189041084082788,120.286265,0.015536660688579175,26.04
City 1619,12.51,-51.63,6.04,3.89,1081.56,1072.69,76.82,31.86,2.65,Equatorial,2154.25,1.0073298624370162,24.474851999999995,0.014789369850295926,12.51
City 1620,34.98,-88.39,4.39,6.24,789.75,4575.9,74.4,78.89,3.05,Subtropical,5365.65,0.17255129017457232,58.694160000000004,0.014702785310260641,34.98
City 1621,0.48,-175.36,7.16,1.0,1229.26,18.93,79.84,18.59,2.1,Equatorial,1248.19,61.67887606623181,14.842255999999999,0.014893565883399162,0.48
City 1622,-52.18,14.51,3.27,11.53,557.74,30617.75,75.69,443.95,4.75,Temperate,31175.49,0.018215635844049807,336.025755,0.0142403535597997,52.18
City 1623,13.1,126.41,5.92,4.34,1026.42,1587.6,72.03,37.3,2.71,Equatorial,2614.02,0.646116077048974,26.86719,0.014269209875976465,13.1
City 1624,64.49,164.75,1.6,10.9,278.67,24394.66,72.93,351.13,4.19,Polar,24673.329999999998,0.011422933423403999,256.079109,0.01423115566484135,64.49
City 1625,-37.21,23.67,3.93,5.13,675.34,2438.79,76.94,47.83,2.68,Subtropical,3114.13,0.27680251169158004,36.800402,0.015359024831975543,37.21
City 1626,29.7,5.21,5.16,8.06,892.63,10016.75,79.25,169.01,3.79,Tropical,10909.38,0.0891048389109331,133.940425,0.015492172790754379,29.7
City 1627,-33.88,-149.38,5.49,5.48,943.72,2998.75,71.79,53.48,2.95,Subtropical,3942.4700000000003,0.3145995499624969,38.393292,0.013565100051490562,33.88
City 1628,9.66,17.59,6.28,4.61,1115.37,1928.87,70.82,41.1,2.82,Equatorial,3044.24,0.5779508464300704,29.10702,0.013500906630226265,9.66
City 1629,-47.43,-43.21,3.84,10.94,680.81,25523.09,78.82,408.94,4.67,Temperate,26203.9,0.026673233012420812,322.32650799999993,0.015606073905029404,47.43
City 1630,-1.45,38.57,7.37,6.12,1300.51,4341.51,79.15,85.31,3.5,Equatorial,5642.02,0.29948347844909967,67.52286500000001,0.015120471036969028,1.45
City 1631,38.3,-40.06,3.91,7.78,680.44,8863.69,72.76,128.55,3.42,Subtropical,9544.130000000001,0.07675846532704471,93.53298000000001,0.013469011842881436,38.3
City 1632,-14.82,-93.49,6.15,1.06,1100.74,23.66,73.77,15.65,1.9,Equatorial,1124.4,44.636658556366584,11.545004999999998,0.013918534329420135,14.82
City 1633,26.44,-145.81,4.78,14.13,858.77,52362.46,76.6,775.93,6.11,Tropical,53221.229999999996,0.016400176764484242,594.3623799999999,0.01457933234538172,26.44
City 1634,43.41,-66.63,4.39,12.71,754.58,37940.29,73.3,516.02,5.29,Subtropical,38694.87,0.019888095528644387,378.24265999999994,0.013335617873893877,43.41
City 1635,60.53,-145.21,2.84,11.86,488.86,33161.58,78.77,516.56,4.91,Polar,33650.44,0.014741313854350294,406.8943119999999,0.015350765101437007,60.53
City 1636,-29.5,-116.32,5.08,5.07,891.09,2551.68,71.08,44.58,2.77,Tropical,3442.77,0.34908018239654015,31.687464,0.01294887546946209,29.5
City 1637,-8.09,175.44,6.04,4.52,1032.73,1819.7,70.38,37.76,2.75,Equatorial,2852.4300000000003,0.5672159059702312,26.575487999999996,0.013237835810168871,8.09
City 1638,-40.19,-20.12,4.54,6.66,791.7,5432.77,72.08,87.98,3.16,Subtropical,6224.47,0.1456999468140904,63.415984,0.014134536755739845,40.19
City 1639,69.02,11.47,3.21,14.06,564.51,50847.21,72.86,709.29,5.74,Polar,51411.72,0.011101865729393425,516.788694,0.01379627057799272,69.02
City 1640,60.51,134.5,2.26,10.71,396.06,22159.65,71.13,315.8,4.17,Polar,22555.710000000003,0.017872219452046756,224.62854,0.014000889353516248,60.51
City 1641,10.19,178.4,6.12,3.06,1060.05,528.83,70.66,20.98,2.38,Equatorial,1588.88,2.0007360851593905,14.824468,0.013204269674235939,10.19
City 1642,49.46,29.78,3.65,7.77,640.88,9168.48,77.56,151.51,3.46,Temperate,9809.359999999999,0.06989273110361766,117.51115599999999,0.015445452098811749,49.46
City 1643,7.72,112.49,6.85,7.58,1230.62,8033.87,71.64,122.25,3.77,Equatorial,9264.49,0.15315991422387668,87.5799,0.013195545572395244,7.72
City 1644,21.07,-62.3,5.25,10.11,902.56,20088.68,79.14,300.29,4.5,Tropical,20991.24,0.04492654935270248,237.649506,0.014305491243013752,21.07
City 1645,-48.41,-69.93,2.19,12.66,387.44,37565.57,73.68,552.14,5.02,Temperate,37953.01,0.0103134249413774,406.81675200000006,0.01454798973783634,48.41
City 1646,38.19,-35.03,5.01,9.71,853.3,17208.58,76.71,270.22,4.3,Subtropical,18061.88,0.04958284862268573,207.285762,0.014960790349620307,38.19
City 1647,-43.4,62.1,4.34,7.71,741.1,9144.31,72.25,131.88,3.46,Subtropical,9885.41,0.08103607204129767,95.2833,0.01334087306444548,43.4
City 1648,47.39,65.59,2.81,1.0,493.44,18.49,72.4,7.4,1.39,Temperate,511.93,25.317598768599282,5.3576000000000015,0.014455101283378588,47.39
City 1649,41.66,-66.51,3.78,8.91,646.53,13261.43,75.75,200.21,3.82,Subtropical,13907.960000000001,0.04874898491452923,151.659075,0.014395353452267622,41.66
City 1650,32.14,-132.04,5.53,7.21,942.1,6969.61,75.61,119.05,3.52,Subtropical,7911.71,0.1351531645006678,90.01370499999999,0.015047315940548882,32.14
City 1651,-55.3,47.66,3.85,9.88,661.61,17570.5,77.69,269.26,4.19,Temperate,18232.11,0.03765244856728225,209.18809399999998,0.014768449729625368,55.3
City 1652,-20.59,-133.8,6.03,6.19,1058.77,4510.46,77.58,81.85,3.3,Tropical,5569.23,0.23468455887894385,63.49923,0.014696825234368126,20.59
City 1653,-25.8,28.26,5.11,3.26,903.98,652.19,76.71,22.56,2.35,Tropical,1556.17,1.3839464780538586,17.305775999999998,0.014497130776200542,25.8
City 1654,-13.18,69.63,6.12,6.71,1052.57,5862.46,74.49,96.17,3.44,Equatorial,6915.03,0.17951346133511611,71.63703299999999,0.013907387241993167,13.18
City 1655,-48.61,72.22,3.53,10.44,624.06,22350.36,78.91,345.66,4.41,Temperate,22974.420000000002,0.027920448688580915,272.760306,0.015045428785579788,48.61
City 1656,61.8,91.25,3.24,11.89,556.33,32056.18,76.23,469.96,4.88,Polar,32612.510000000002,0.017354302530665517,358.25050799999997,0.014410421031683853,61.8
City 1657,11.99,134.23,5.72,7.57,1007.93,7823.49,79.9,127.54,3.69,Equatorial,8831.42,0.12881734144973025,101.90446000000001,0.014441618675139446,11.99
City 1658,-20.28,-0.01,5.18,7.54,901.48,8240.98,78.19,132.4,3.6,Tropical,9142.46,0.10937663037279878,103.52356,0.014481879056621525,20.28
City 1659,-8.39,82.89,6.92,3.81,1221.23,1004.93,70.44,28.9,2.69,Equatorial,2226.16,1.2140307973715865,20.35716,0.012981995903259425,8.39
City 1660,-1.86,42.9,6.85,4.01,1232.19,1239.48,73.21,35.71,2.76,Equatorial,2471.67,0.9933171030568813,26.143290999999998,0.014447721580955386,1.86
City 1661,18.08,-112.81,6.42,6.04,1152.29,4258.72,75.72,78.66,3.3,Tropical,5411.01,0.2705083902228315,59.561352,0.01453702728326135,18.08
City 1662,7.04,-170.75,6.17,4.97,1049.43,2262.5,77.21,49.94,2.97,Equatorial,3311.9300000000003,0.4636315440689198,38.558673999999996,0.015078821110349553,7.04
City 1663,59.52,-77.57,2.81,12.45,501.89,37876.83,75.5,577.04,5.11,Temperate,38378.72,0.013250231071843343,435.66519999999997,0.015035415459400417,59.52
City 1664,4.61,-20.51,6.22,6.07,1060.93,4432.54,77.86,82.5,3.3,Equatorial,5493.47,0.2392963636281617,64.2345,0.015017830260290854,4.61
City 1665,68.98,42.16,2.18,16.09,390.49,81774.55,72.83,1194.68,6.8,Polar,82165.04000000001,0.004775143670693746,870.0854439999999,0.014540003875127426,68.98
City 1666,50.69,125.99,2.71,14.58,468.81,57735.6,71.84,778.72,5.89,Temperate,58204.409999999996,0.00811980615415525,559.432448,0.013379054954770611,50.69
City 1667,-32.89,-109.35,4.45,7.49,774.13,8051.54,70.54,114.38,3.38,Subtropical,8825.67,0.09613488414835568,80.683652,0.012959922589446466,32.89
City 1668,60.98,-134.8,2.01,1.0,344.13,19.83,75.73,5.18,1.3,Polar,363.96,16.520883341334613,3.9228140000000002,0.014232333223431147,60.98
City 1669,-44.87,166.85,4.21,11.58,719.72,28941.82,76.89,431.97,4.89,Subtropical,29661.54,0.024866961823346863,332.14173300000004,0.014563303186550665,44.87
City 1670,46.27,-141.1,4.12,7.28,730.25,7564.91,73.26,120.27,3.32,Temperate,8295.16,0.09651846241892911,88.109802,0.014498816177144262,46.27
City 1671,-10.52,-7.74,5.4,3.05,968.73,510.33,76.14,21.53,2.33,Equatorial,1479.06,1.8945299513034637,16.392942,0.01455654266899247,10.52
City 1672,54.14,30.8,3.88,8.42,682.84,10740.04,70.52,149.71,3.58,Temperate,11422.880000000001,0.06357298734573189,105.575492,0.013106151863628086,54.14
City 1673,52.85,14.89,4.55,8.17,805.96,10637.38,70.99,158.3,3.63,Temperate,11443.34,0.07575965513546236,112.37717,0.013833373822677646,52.85
City 1674,44.77,-149.03,3.89,10.01,690.78,19568.06,77.02,296.64,4.26,Subtropical,20258.84,0.03529960049179674,228.47212799999997,0.014642496806332445,44.77
City 1675,42.7,-159.47,3.69,4.37,637.03,1635.87,73.68,30.69,2.4,Subtropical,2272.8999999999996,0.3891756828581378,22.612392000000003,0.013502573804390869,42.7
City 1676,-20.39,-142.03,6.98,3.34,1190.57,743.22,76.71,28.41,2.64,Tropical,1933.79,1.5997554486576548,21.793311,0.014691357386272553,20.39
City 1677,-49.48,30.81,2.88,9.81,489.12,17194.66,78.32,274.53,4.05,Temperate,17683.78,0.028444386548698915,215.01189599999995,0.015524395802254948,49.48
City 1678,-7.61,15.96,6.48,6.32,1123.83,4657.91,78.53,89.37,3.42,Equatorial,5781.74,0.2412216591434477,70.18226100000001,0.015457284485293356,7.61
City 1679,-37.44,-95.85,4.47,9.35,770.5,16180.41,71.72,233.1,4.03,Subtropical,16950.91,0.04761636964887485,167.17932000000002,0.01375147410964957,37.44
City 1680,30.34,49.6,5.55,5.07,946.71,2387.46,74.86,46.81,2.88,Subtropical,3334.17,0.39636837125176894,35.041966,0.014039476091501033,30.34
City 1681,-15.01,115.22,6.13,3.06,1053.0,552.15,77.34,22.56,2.45,Tropical,1605.15,1.9036427732079906,17.447904,0.014054761237267543,15.01
City 1682,66.83,-165.03,2.07,9.42,354.93,15914.43,77.74,239.54,3.78,Polar,16269.36,0.022300999721653766,186.21839599999998,0.014723381866281155,66.83
City 1683,23.33,-0.67,4.89,6.93,876.32,6052.07,77.85,105.2,3.36,Tropical,6928.389999999999,0.14477281776024398,81.8982,0.015183902753742214,23.33
City 1684,46.92,68.15,3.54,12.41,607.54,35457.93,72.28,488.02,5.04,Temperate,36065.47,0.01713362473148513,352.740856,0.01353150257018694,46.92
City 1685,-42.77,-89.17,3.5,3.16,614.26,600.02,71.93,16.13,2.03,Subtropical,1214.28,1.0220292169977705,11.602309,0.013283591922785519,42.77
City 1686,52.06,-69.2,3.38,8.65,594.57,12772.49,75.9,201.52,3.7,Temperate,13367.06,0.046547184833588946,152.95368000000002,0.015075865597969937,52.06
City 1687,59.96,40.91,2.52,6.66,442.24,5746.1,77.41,94.1,2.94,Temperate,6188.34,0.07695011397052426,72.84280999999999,0.015206016476147076,59.96
City 1688,3.32,143.26,6.02,1.0,1029.49,19.24,73.19,14.8,1.86,Equatorial,1048.73,50.864130434782616,10.83212,0.014112307266884708,3.32
City 1689,18.81,111.57,6.31,8.3,1092.93,10854.24,71.05,155.11,3.91,Tropical,11947.17,0.10068225115243883,110.20565500000001,0.01298299095099509,18.81
City 1690,39.43,29.93,3.99,9.3,680.58,14978.66,77.17,221.01,3.99,Subtropical,15659.24,0.04543360797241059,170.553417,0.014113711776561315,39.43
City 1691,-37.27,82.88,3.76,8.85,653.55,12645.01,73.0,176.74,3.74,Subtropical,13298.56,0.051680332373610326,129.02020000000002,0.013290160739207855,37.27
City 1692,5.33,-48.66,6.54,6.84,1124.57,6011.3,71.66,98.35,3.5,Equatorial,7135.87,0.1870448913061557,70.47761,0.013782482023915793,5.33
City 1693,-8.17,50.75,6.46,3.62,1134.84,855.23,71.48,25.93,2.58,Equatorial,1990.07,1.3253915419922215,18.534764,0.013029692422879597,8.17
City 1694,-40.97,-12.17,3.26,7.02,576.57,6360.97,73.15,99.9,3.1,Subtropical,6937.54,0.09062758862427833,73.07685000000001,0.014399916973451686,40.97
City 1695,-12.22,-111.62,6.31,10.69,1106.34,23022.25,75.93,366.14,4.87,Equatorial,24128.59,0.048053163649788795,278.010102,0.015174529468982645,12.22
City 1696,-51.14,72.63,2.9,8.5,505.03,11557.51,73.58,166.27,3.52,Temperate,12062.54,0.04369334801804038,122.341466,0.013783995742190285,51.14
City 1697,-56.64,20.33,3.89,11.5,676.44,27526.82,70.21,374.38,4.68,Temperate,28203.26,0.024572959282645704,262.852198,0.013274351972076987,56.64
City 1698,-42.43,-50.9,4.29,8.26,765.76,10803.28,70.97,159.47,3.62,Subtropical,11569.04,0.0708756159596012,113.175859,0.013784203356544707,42.43
City 1699,65.2,148.08,2.24,5.9,384.97,3922.31,72.91,62.41,2.61,Polar,4307.28,0.09812377813631858,45.503130999999996,0.014489422559016363,65.2
City 1700,11.44,-172.46,5.83,1.0,1033.32,18.16,76.6,15.94,1.87,Equatorial,1051.48,53.93110647181628,12.21004,0.015159584585536576,11.44
City 1701,65.56,-66.32,2.36,9.11,418.82,15026.44,70.99,198.61,3.61,Polar,15445.26,0.02787034917457664,140.993239,0.012858961260606814,65.56
City 1702,-3.78,-159.52,7.04,7.02,1226.68,6289.86,75.61,104.22,3.67,Equatorial,7516.54,0.19499400717866874,78.800742,0.013865422122412705,3.78
City 1703,-19.46,95.95,5.62,7.92,972.94,9780.95,71.2,149.37,3.71,Tropical,10753.890000000001,0.09946278604981625,106.35144,0.0138898575306238,19.46
City 1704,5.8,72.76,6.49,6.87,1133.06,5823.93,72.12,97.22,3.51,Equatorial,6956.99,0.19451907576571734,70.115064,0.013974434345888093,5.8
City 1705,-2.86,-60.71,6.83,1.82,1167.25,118.9,71.72,16.85,2.17,Equatorial,1286.15,9.735195996663887,12.08482,0.013101115733001593,2.86
City 1706,-46.26,63.24,3.46,12.67,589.72,36656.05,70.67,500.24,5.1,Temperate,37245.770000000004,0.016087492037684427,353.519608,0.013430786905466043,46.26
City 1707,23.31,-37.46,5.2,3.92,889.27,1174.21,76.71,30.97,2.53,Tropical,2063.48,0.7566902936496456,23.757087,0.01500862620427627,23.31
City 1708,-31.92,92.25,3.72,7.72,639.89,8626.56,74.63,127.51,3.39,Subtropical,9266.449999999999,0.07416813096634506,95.160713,0.013760393678269459,31.92
City 1709,20.55,-16.49,6.05,6.03,1058.76,4267.7,78.31,82.35,3.27,Tropical,5326.46,0.24802867383512545,64.48828499999999,0.015460549783533529,20.55
City 1710,24.53,-31.58,5.43,6.02,969.67,4098.07,70.99,65.14,3.09,Tropical,5067.74,0.2365585364485115,46.242886,0.01285385595946122,24.53
City 1711,-40.24,156.5,3.8,11.37,654.39,26667.37,71.45,381.91,4.66,Subtropical,27321.76,0.024538057631568785,272.87469500000003,0.013978235662709872,40.24
City 1712,-52.02,-89.68,4.31,7.44,772.58,8044.08,73.06,123.89,3.39,Temperate,8816.66,0.0960313632679849,90.51403400000001,0.014051806466394303,52.02
City 1713,41.5,-136.64,4.14,4.78,743.08,1976.33,77.66,39.34,2.62,Subtropical,2719.41,0.37579968948025877,30.551444,0.014466373220661837,41.5
City 1714,-0.23,30.44,6.47,4.07,1161.24,1340.43,73.06,35.53,2.72,Equatorial,2501.67,0.8656731994960601,25.958218000000002,0.014202512721502037,0.23
City 1715,-52.44,168.96,3.76,8.24,670.27,10143.49,74.08,156.74,3.57,Temperate,10813.76,0.06607232103338857,116.11299200000002,0.014494495901518066,52.44
City 1716,69.33,-43.98,2.35,19.38,407.31,137926.65,73.02,2006.77,8.83,Polar,138333.96,0.002953069960954167,1465.3434539999998,0.014506705367214242,69.33
City 1717,-52.49,-157.67,3.52,10.94,601.49,25462.34,70.8,345.74,4.45,Temperate,26063.83,0.023621802952794094,244.78392,0.013265126422325498,52.49
City 1718,30.35,-57.85,4.66,6.01,819.11,4082.5,79.39,75.39,3.07,Subtropical,4901.61,0.20059017999265336,59.852121,0.015380660640075405,30.35
City 1719,67.88,2.14,2.47,8.15,434.36,9970.37,75.49,150.84,3.36,Polar,10404.730000000001,0.0435607143251128,113.86911599999999,0.014497252691804591,67.88
City 1720,-28.91,-121.71,4.85,2.19,864.95,204.99,77.88,15.87,2.04,Tropical,1069.94,4.198990242244769,12.359555999999998,0.014832607435930985,28.91
City 1721,-41.51,56.92,4.37,5.59,786.86,3413.98,76.58,63.64,2.88,Subtropical,4200.84,0.23041423375832362,48.735512,0.015149351082164518,41.51
City 1722,-44.22,179.19,2.95,8.71,516.86,13110.43,75.14,184.38,3.62,Subtropical,13627.29,0.039420566635370816,138.543132,0.013530202997074251,44.22
City 1723,-20.57,-17.37,5.34,9.63,926.73,16724.7,70.9,232.32,4.22,Tropical,17651.43,0.05540754647040184,164.71488000000002,0.013161539886570097,20.57
City 1724,-46.86,-52.3,4.58,11.49,787.22,28845.0,76.43,432.03,4.92,Temperate,29632.22,0.027290438882340708,330.200529,0.014579737866417027,46.86
City 1725,29.98,-35.75,4.52,7.57,768.24,8126.1,71.55,116.83,3.42,Tropical,8894.34,0.0945281834848839,83.591865,0.01313531976515402,29.98
City 1726,-51.9,-138.55,3.06,8.38,536.64,10904.15,74.14,168.09,3.52,Temperate,11440.789999999999,0.04920977703195279,124.621926,0.01469216723670306,51.9
City 1727,6.22,137.98,6.34,5.29,1113.07,2894.41,76.29,58.99,3.08,Equatorial,4007.4799999999996,0.3844256944612335,45.00347100000001,0.014719973649275856,6.22
City 1728,69.57,-30.66,1.52,9.66,271.41,16840.49,77.82,252.43,3.78,Polar,17111.9,0.016115557471458878,196.441026,0.01475172248552177,69.57
City 1729,45.82,-40.58,2.69,12.88,470.65,40267.39,76.85,614.55,5.27,Temperate,40738.04,0.011687827598769159,472.28167499999995,0.015085409116393424,45.82
City 1730,19.98,57.49,5.49,5.52,982.94,3171.72,76.72,60.24,3.02,Tropical,4154.66,0.3098098792203535,46.216128,0.014499381417492649,19.98
City 1731,-20.19,-20.87,5.65,5.8,996.84,3795.72,71.49,65.5,3.07,Tropical,4792.5599999999995,0.26255294043279465,46.82594999999999,0.013667017210008849,20.19
City 1732,21.11,53.36,5.5,1.0,980.56,19.84,73.46,13.23,1.79,Tropical,1000.4,47.051823416506714,9.718758,0.013224710115953619,21.11
City 1733,8.52,-157.88,6.33,4.36,1085.74,1605.65,70.43,35.51,2.75,Equatorial,2691.3900000000003,0.6757787943858339,25.009693000000002,0.013193925815285036,8.52
City 1734,-4.61,112.94,6.7,6.55,1196.11,5328.43,77.19,92.06,3.5,Equatorial,6524.54,0.22443488328020067,71.061114,0.014109806974897847,4.61
City 1735,-43.01,158.58,4.5,5.63,795.54,3492.98,79.53,66.09,2.94,Subtropical,4288.52,0.22768876753730702,52.561377,0.015410910990271701,43.01
City 1736,55.26,53.56,3.04,7.65,521.4,8629.27,72.64,126.02,3.26,Temperate,9150.67,0.060415259314019136,91.54092800000001,0.013771669178322461,55.26
City 1737,-1.53,163.64,6.61,6.13,1135.56,4183.52,70.88,70.14,3.29,Equatorial,5319.08,0.2713716268532591,49.71523199999999,0.013186490896922025,1.53
City 1738,-34.7,-125.48,4.43,3.78,794.23,981.16,74.76,25.13,2.36,Subtropical,1775.3899999999999,0.8086564307241183,18.787188,0.014154636446076637,34.7
City 1739,-12.19,-8.13,6.44,7.86,1096.24,8789.57,78.57,143.06,3.88,Equatorial,9885.81,0.12470636147599075,112.40224199999999,0.014471247171450798,12.19
City 1740,-6.16,36.65,7.27,3.29,1270.33,671.06,75.52,29.1,2.66,Equatorial,1941.3899999999999,1.890203255661697,21.97632,0.014989260272279143,6.16
City 1741,47.58,29.43,3.36,7.79,580.92,9277.68,70.47,125.8,3.31,Temperate,9858.6,0.06260804338548155,88.65126000000001,0.01276043251577303,47.58
City 1742,35.37,-35.47,4.57,4.73,807.93,1967.71,79.74,43.67,2.7,Subtropical,2775.64,0.4103854808478648,34.822458,0.015733308354109323,35.37
City 1743,40.01,-58.29,4.37,8.95,779.32,13437.66,78.29,211.72,3.95,Subtropical,14216.98,0.057990900878510214,165.75558800000002,0.01489205161715076,40.01
City 1744,-58.57,-134.34,2.4,16.01,417.36,81273.96,71.32,1120.78,6.69,Temperate,81691.32,0.0051351609400976635,799.340296,0.01371969506674638,58.57
City 1745,-5.9,-38.97,6.6,6.54,1149.69,5512.73,79.22,98.2,3.51,Equatorial,6662.42,0.20851401864073868,77.79404000000001,0.014739388990787132,5.9
City 1746,2.57,-121.44,6.09,2.1,1094.55,178.19,74.51,18.9,2.17,Equatorial,1272.74,6.108320776829064,14.08239,0.014849851501484984,2.57
City 1747,-57.51,84.37,2.09,12.59,371.71,36982.03,73.72,511.18,4.93,Temperate,37353.74,0.010050826013985333,376.84189599999996,0.013684841196624489,57.51
City 1748,-26.22,-104.82,5.35,5.83,957.08,3614.54,74.61,65.41,3.06,Tropical,4571.62,0.26471287829757106,48.802401,0.014307838359268705,26.22
City 1749,38.84,-158.92,4.09,11.32,713.15,26156.75,78.35,420.75,4.81,Subtropical,26869.9,0.027263430532060286,329.657625,0.015658785481151773,38.84
City 1750,-42.18,18.85,4.15,10.23,715.01,19524.31,76.59,306.36,4.36,Subtropical,20239.32,0.036619649060629506,234.64112400000002,0.015136872187405507,42.18
City 1751,9.59,34.28,6.32,1.0,1100.38,18.59,70.59,15.07,1.88,Equatorial,1118.97,56.17049515058704,10.637913000000001,0.013467742656192749,9.59
City 1752,-32.02,133.89,4.27,4.69,756.5,1973.5,79.58,43.41,2.64,Subtropical,2730.0,0.38313497087870346,34.545677999999995,0.0159010989010989,32.02
City 1753,-58.42,27.71,2.89,12.2,494.06,32945.17,71.48,463.76,4.85,Temperate,33439.229999999996,0.01499597677059276,331.495648,0.0138687403986276,58.42
City 1754,-28.64,-55.63,4.38,7.24,756.17,6944.59,77.46,109.85,3.37,Tropical,7700.76,0.1088705207189022,85.08981,0.01426482580940063,28.64
City 1755,66.86,109.08,3.02,8.13,513.96,9856.2,76.36,148.96,3.44,Polar,10370.16,0.05214056730105912,113.745856,0.014364291389911053,66.86
City 1756,44.2,14.5,3.23,6.84,562.72,6153.94,71.88,90.13,3.02,Subtropical,6716.66,0.09142574907310226,64.78544399999998,0.013418871879773578,44.2
City 1757,64.74,-151.46,2.37,5.71,422.5,3578.27,71.71,53.61,2.56,Polar,4000.77,0.11804082955462986,38.443731,0.013399920515300805,64.74
City 1758,3.42,23.71,6.24,4.12,1062.24,1336.99,78.7,36.86,2.76,Equatorial,2399.23,0.7939072788286908,29.00882,0.015363262380013587,3.42
City 1759,-45.73,146.89,4.08,14.1,721.83,51864.1,74.2,747.9,5.94,Temperate,52585.93,0.01391745123406684,554.9418000000001,0.014222435545021263,45.73
City 1760,11.23,-37.33,6.05,7.14,1084.53,6810.06,76.55,109.23,3.57,Equatorial,7894.59,0.15923072179660727,83.615565,0.013836057350666722,11.23
City 1761,-0.93,-73.32,6.68,9.57,1150.65,15941.59,75.04,253.38,4.47,Equatorial,17092.24,0.07217459647397317,190.13635200000002,0.0148242711312268,0.93
City 1762,49.77,-128.35,3.94,11.18,697.65,25804.63,77.27,380.78,4.69,Temperate,26502.280000000002,0.02703479822038834,294.22870599999993,0.014367820429034783,49.77
City 1763,-47.25,-125.48,3.71,11.29,666.38,28514.42,74.79,436.37,4.74,Temperate,29180.8,0.02336911046724895,326.361123,0.01495401085645356,47.25
City 1764,3.47,-24.2,7.02,9.28,1260.11,15963.14,72.87,249.87,4.42,Equatorial,17223.25,0.07893378534640763,182.08026900000002,0.01450771486217758,3.47
City 1765,-40.49,34.44,3.67,8.99,633.35,14031.27,73.63,214.68,3.82,Subtropical,14664.62,0.04513524896542042,158.068884,0.014639315577219184,40.49
City 1766,-17.79,-150.98,5.05,5.31,863.93,2971.44,78.59,59.15,2.92,Tropical,3835.37,0.29064674139763963,46.485985,0.015422240878976473,17.79
City 1767,35.86,158.24,4.54,10.17,779.16,20269.62,74.68,289.88,4.36,Subtropical,21048.78,0.038437896818153565,216.48238400000002,0.013771819554387476,35.86
City 1768,1.88,91.85,6.71,7.82,1187.6,8648.97,72.13,135.28,3.83,Equatorial,9836.57,0.1372952738564411,97.577464,0.013752761379220603,1.88
City 1769,-11.13,31.18,6.53,3.91,1158.17,1198.39,79.35,34.5,2.76,Equatorial,2356.5600000000004,0.9656325298693502,27.375749999999996,0.014639983705061612,11.13
City 1770,-8.72,118.24,6.35,3.07,1122.28,525.46,77.97,23.79,2.49,Equatorial,1647.74,2.131747901075105,18.549063,0.014437957444742496,8.72
City 1771,-0.27,-151.13,7.08,4.37,1228.0,1620.91,70.56,38.64,2.87,Equatorial,2848.91,0.7571320233551799,27.264384,0.01356308202084306,0.27
City 1772,42.05,-8.34,3.24,10.28,557.1,20127.34,79.99,299.17,4.27,Subtropical,20684.44,0.0276773941616646,239.306083,0.014463529106903548,42.05
City 1773,55.97,46.83,4.03,11.59,707.85,29261.68,76.95,459.82,4.91,Temperate,29969.53,0.02418951374241867,353.83149,0.015342916622316067,55.97
City 1774,64.19,118.32,2.42,6.86,423.86,6225.06,71.6,94.44,2.91,Polar,6648.92,0.06807836737840625,67.61904,0.014203810543667242,64.19
City 1775,42.3,102.05,4.39,13.01,777.94,41547.8,72.37,574.7,5.44,Subtropical,42325.740000000005,0.018723525107825014,415.91039000000006,0.013578026042781532,42.3
City 1776,-19.0,-80.26,5.25,4.3,916.05,1467.68,76.92,34.9,2.64,Tropical,2383.73,0.6237233434104092,26.84508,0.014640919902841344,19.0
City 1777,29.46,158.72,5.09,6.28,882.88,4630.61,77.8,81.21,3.19,Tropical,5513.49,0.19062054015774213,63.18137999999999,0.01472932752213208,29.46
City 1778,-3.11,-135.24,6.13,2.05,1060.22,162.03,72.39,17.49,2.14,Equatorial,1222.25,6.5032202662086736,12.661010999999998,0.014309674780118633,3.11
City 1779,-26.89,135.05,5.34,13.44,919.7,48303.98,72.57,692.18,5.86,Tropical,49223.68,0.01903944479430485,502.31502599999993,0.014061931168088203,26.89
City 1780,49.31,169.54,3.37,9.54,581.87,16996.62,73.07,238.35,3.94,Temperate,17578.489999999998,0.034232439600367585,174.162345,0.01355918511772058,49.31
City 1781,-55.0,-116.22,3.16,7.37,540.93,7582.12,75.98,116.61,3.22,Temperate,8123.05,0.07133343531422422,88.600278,0.01435544530687365,55.0
City 1782,57.23,79.94,3.34,11.88,579.9,30871.4,71.72,425.37,4.79,Temperate,31451.300000000003,0.018783768025809458,305.07536400000004,0.013524719169000962,57.23
City 1783,-0.01,-165.5,6.38,5.92,1087.47,4078.57,71.04,73.1,3.21,Equatorial,5166.04,0.2665648585512689,51.930240000000005,0.014150103367376172,0.01
City 1784,22.84,-34.05,5.06,5.81,869.5,3599.85,76.79,62.98,3.04,Tropical,4469.35,0.2414707638474249,48.362342,0.014091534563191514,22.84
City 1785,25.72,5.86,5.43,8.67,963.39,12018.14,77.79,183.58,3.99,Tropical,12981.529999999999,0.08015465332794193,142.80688200000003,0.014141630454961782,25.72
City 1786,56.37,29.03,4.1,7.57,710.96,8136.55,75.01,131.14,3.42,Temperate,8847.51,0.08736781955256803,98.368114,0.014822249423849194,56.37
City 1787,22.77,156.94,5.34,5.04,943.0,2536.49,73.64,50.72,2.83,Tropical,3479.49,0.3716270803037648,37.350207999999995,0.014576848906017837,22.77
City 1788,19.81,62.01,5.91,1.0,1046.85,18.26,74.32,15.63,1.86,Tropical,1065.11,54.353582554517125,11.616216,0.014674540657772439,19.81
City 1789,-51.34,-6.74,3.35,5.82,589.51,3603.43,73.88,58.93,2.76,Temperate,4192.94,0.16355151854800898,43.53748399999999,0.014054577456390983,51.34
City 1790,7.39,111.48,7.45,9.26,1338.57,15068.96,79.6,252.32,4.54,Equatorial,16407.53,0.08882372614127708,200.84671999999998,0.015378304961197695,7.39
City 1791,-40.48,162.19,3.29,12.15,560.5,33287.88,77.68,502.91,5.02,Subtropical,33848.38,0.01683745442922682,390.66048800000004,0.01485772731220815,40.48
City 1792,35.87,-172.06,4.54,7.75,804.74,8912.02,72.08,127.04,3.49,Subtropical,9716.76,0.09028814027119876,91.570432,0.013074316953387755,35.87
City 1793,6.59,173.71,5.73,8.82,1028.32,12953.39,73.84,198.14,4.05,Equatorial,13981.71,0.0793800402797816,146.306576,0.014171371026862951,6.59
City 1794,28.43,-148.99,3.76,6.44,671.02,5046.48,75.44,77.76,3.02,Tropical,5717.5,0.1329415866927655,58.662144,0.01360034980323568,28.43
City 1795,-54.58,113.18,3.33,8.85,571.34,12630.83,76.13,187.45,3.72,Temperate,13202.17,0.04523018438341871,142.705685,0.014198423440994926,54.58
City 1796,-48.98,-79.08,3.64,9.04,630.93,13501.57,74.68,209.66,3.83,Temperate,14132.5,0.046726660183950164,156.57408800000002,0.014835308685653635,48.98
City 1797,33.12,-132.42,4.54,7.0,779.46,6736.97,78.1,109.24,3.34,Subtropical,7516.43,0.11568172609851335,85.31643999999999,0.014533495289652134,33.12
City 1798,-50.63,-21.65,3.4,8.52,598.95,12249.41,77.68,198.4,3.68,Temperate,12848.36,0.048892241157642895,154.11712,0.015441659480276081,50.63
City 1799,-50.74,51.82,5.0,11.93,885.18,31376.82,75.05,447.95,5.1,Temperate,32262.0,0.02821037280473914,336.186475,0.013884756059760708,50.74
City 1800,-58.43,-42.86,2.78,10.22,481.61,19444.73,78.54,291.56,4.16,Temperate,19926.34,0.024766876841342548,228.991224,0.014631889248100756,58.43
City 1801,64.35,-160.36,2.75,12.22,482.49,33006.54,77.51,499.86,4.95,Polar,33489.03,0.01461756919782571,387.441486,0.014926081764685331,64.35
City 1802,35.88,35.81,4.16,10.17,736.65,20189.91,77.79,317.8,4.38,Subtropical,20926.56,0.036484239690038736,247.21662000000003,0.015186442492220412,35.88
City 1803,-14.08,144.87,6.16,6.38,1073.54,5041.76,79.56,92.46,3.41,Equatorial,6115.3,0.21288738706581314,73.56117599999999,0.015119454483018003,14.08
City 1804,-21.45,-42.04,5.38,3.72,960.43,964.5,72.66,27.65,2.47,Tropical,1924.9299999999998,0.9947488348006214,20.09049,0.01436415869667988,21.45
City 1805,-14.54,-102.12,5.78,2.07,1026.67,172.13,72.68,15.75,2.09,Equatorial,1198.8000000000002,5.9300525616588695,11.4471,0.013138138138138137,14.54
City 1806,40.7,-20.67,5.06,8.44,863.49,11689.25,78.89,196.51,3.91,Subtropical,12552.74,0.07386411753384231,155.026739,0.015654749480989806,40.7
City 1807,25.98,-162.59,5.77,6.17,1016.76,4666.6,77.72,81.24,3.26,Tropical,5683.360000000001,0.21783357614191445,63.139728,0.014294361082176738,25.98
City 1808,-35.92,115.38,4.55,7.81,784.84,8639.75,79.27,147.68,3.61,Subtropical,9424.59,0.09083007840754564,117.06593600000001,0.0156696471676752,35.92
City 1809,-37.37,117.48,3.23,7.7,567.51,8381.54,70.63,118.84,3.27,Subtropical,8949.050000000001,0.06770143655741577,83.93669200000001,0.0132796218593035,37.37
City 1810,-47.21,31.68,3.51,15.18,631.17,63440.13,76.28,961.09,6.46,Temperate,64071.299999999996,0.0099489085393025,733.119452,0.015000319956048965,47.21
City 1811,25.84,-52.88,6.54,3.26,1169.78,682.75,71.45,25.6,2.5,Tropical,1852.53,1.7108299817184642,18.2912,0.013818939504353507,25.84
City 1812,39.37,107.92,4.13,2.96,718.61,508.95,75.04,16.9,2.11,Subtropical,1227.56,1.4091773703304247,12.681759999999999,0.013767147837987551,39.37
City 1813,-25.54,19.69,5.76,7.39,996.6,7713.72,71.56,123.64,3.57,Tropical,8710.32,0.1291816164423336,88.47678400000001,0.014194656453494247,25.54
City 1814,-57.28,117.34,3.71,8.79,639.67,12324.3,71.28,170.87,3.69,Temperate,12963.97,0.051898939579563985,121.796136,0.01318037607307021,57.28
City 1815,-49.32,47.33,3.66,9.72,641.21,17042.11,70.12,229.25,3.99,Temperate,17683.32,0.03762282822794666,160.7501,0.012964194506461456,49.32
City 1816,65.82,102.39,1.97,12.04,337.42,32470.59,76.3,491.36,4.77,Polar,32808.01,0.010391237386281362,374.90767999999997,0.014976830353319204,65.82
City 1817,-21.59,35.48,4.27,9.37,749.51,15727.8,73.59,220.83,4.01,Tropical,16477.309999999998,0.04765207771730838,162.50879700000002,0.013402066235326035,21.59
City 1818,40.0,-30.91,4.54,4.23,772.23,1403.25,71.05,28.51,2.46,Subtropical,2175.48,0.5499234466797223,20.256355,0.013105153805137259,40.0
City 1819,21.21,164.86,5.11,4.73,884.93,1918.85,73.23,39.03,2.7,Tropical,2803.7799999999997,0.4609370523738834,28.581669,0.013920493048670012,21.21
City 1820,-10.35,14.8,6.36,6.11,1095.83,4431.94,71.69,77.91,3.27,Equatorial,5527.7699999999995,0.24720163142293827,55.85367899999999,0.0140942911879474,10.35
City 1821,-33.26,37.83,4.05,9.25,727.27,14730.19,79.42,224.59,4.01,Subtropical,15457.460000000001,0.04936939921350549,178.36937799999998,0.014529554014695816,33.26
City 1822,-44.22,-100.62,3.77,13.91,668.67,50832.34,73.2,719.87,5.8,Subtropical,51501.009999999995,0.013154162209290202,526.94484,0.013977784125010365,44.22
City 1823,19.95,45.23,5.62,8.38,975.09,10759.95,73.34,167.16,3.88,Tropical,11735.04,0.09061374692754821,122.595144,0.01424451897905759,19.95
City 1824,40.7,25.78,4.29,7.93,732.45,9770.21,78.4,162.38,3.61,Subtropical,10502.66,0.0749600100704007,127.30592,0.01546084515732205,40.7
City 1825,23.71,-113.46,4.78,4.14,837.84,1362.1,76.48,33.43,2.53,Tropical,2199.94,0.6146577653877192,25.567264,0.015195868978244861,23.71
City 1826,8.94,-158.55,6.97,3.48,1200.24,836.9,77.1,30.74,2.68,Equatorial,2037.1399999999999,1.4324382384532761,23.700539999999997,0.015089782734618142,8.94
City 1827,-54.55,37.57,2.88,7.97,505.63,9624.8,76.36,149.34,3.39,Temperate,10130.429999999998,0.052528620997735254,114.036024,0.014741723697809473,54.55
City 1828,65.9,94.93,1.55,12.23,276.36,36357.3,79.46,549.22,4.87,Polar,36633.66,0.007601015449017143,436.41021199999994,0.014992222999285355,65.9
City 1829,43.83,8.42,3.88,9.03,683.0,14546.63,72.07,200.03,3.82,Subtropical,15229.63,0.046949228156063914,144.161621,0.01313426524478927,43.83
City 1830,-21.93,-98.36,5.48,2.88,966.66,459.52,79.89,22.13,2.34,Tropical,1426.1799999999998,2.0990619299921827,17.679657,0.015516975416847805,21.93
City 1831,67.4,59.95,2.36,9.65,414.42,17853.06,78.31,285.9,3.95,Polar,18267.48,0.023211527238062378,223.88828999999998,0.0156507629952243,67.4
City 1832,18.24,-151.16,6.4,8.02,1148.05,9612.61,75.89,159.03,3.91,Tropical,10760.66,0.11941924001493714,120.68786700000001,0.014778833268591331,18.24
City 1833,15.71,-20.94,5.78,6.45,1036.77,5027.8,76.62,83.8,3.33,Tropical,6064.57,0.2061664810690423,64.20756,0.013817962361717319,15.71
City 1834,37.25,-121.19,4.33,9.15,758.78,13843.16,76.49,212.12,3.98,Subtropical,14601.94,0.054808670226290365,162.250588,0.014526836844967176,37.25
City 1835,45.53,-113.59,3.26,9.51,564.39,16496.68,70.58,231.57,3.89,Temperate,17061.07,0.034210264716008555,163.442106,0.013573005679010753,45.53
City 1836,25.34,-107.17,5.64,10.6,984.08,23159.89,72.18,337.73,4.67,Tropical,24143.97,0.042488868087538954,243.77351400000003,0.01398817178782114,25.34
City 1837,-43.35,-40.79,4.06,8.92,697.4,13895.87,79.61,225.86,3.94,Subtropical,14593.27,0.05018396228791087,179.807146,0.015476997273400685,43.35
City 1838,-16.03,-161.59,5.67,4.64,999.67,1825.09,75.34,40.68,2.78,Tropical,2824.7599999999998,0.5474374209376318,30.648312,0.0144012234667724,16.03
City 1839,60.65,-36.79,1.8,7.78,315.37,8879.97,73.78,125.15,3.12,Polar,9195.34,0.03551076064889309,92.33567000000001,0.013610154708798153,60.65
City 1840,-30.8,4.21,5.57,7.7,952.01,8392.21,77.62,144.22,3.71,Subtropical,9344.22,0.11342620999593721,111.94356400000001,0.015434140035230337,30.8
City 1841,-11.62,-6.01,5.57,1.0,958.4,19.32,75.25,14.27,1.82,Equatorial,977.72,47.16535433070866,10.738174999999998,0.014595180624309617,11.62
City 1842,-3.83,-42.2,6.44,3.92,1125.03,1105.21,70.13,28.89,2.64,Equatorial,2230.24,1.0170130445394636,20.260557,0.012953762823731977,3.83
City 1843,-2.88,122.09,6.98,3.77,1248.15,1064.03,77.36,33.35,2.76,Equatorial,2312.1800000000003,1.1719388186248276,25.79956,0.014423617538426938,2.88
City 1844,19.68,-127.68,5.02,2.56,882.53,308.65,77.32,18.28,2.16,Tropical,1191.1799999999998,2.850088809946714,14.134096,0.015346127369499155,19.68
City 1845,62.6,2.05,1.87,7.94,330.87,9299.54,71.65,136.45,3.17,Polar,9630.410000000002,0.03557535368914063,97.766425,0.014168659485940885,62.6
City 1846,-28.71,-157.67,3.93,8.9,681.13,13866.42,79.57,217.73,3.9,Tropical,14547.55,0.049117283532192725,173.247761,0.014966781348062045,28.71
City 1847,-44.2,-154.38,4.27,9.0,749.62,13777.86,72.24,189.71,3.86,Subtropical,14527.480000000001,0.054403629908424934,137.046504,0.013058699788263345,44.2
City 1848,-34.33,26.59,4.32,7.69,754.49,8198.98,74.58,120.84,3.46,Subtropical,8953.47,0.09201120002731715,90.122472,0.013496443278416079,34.33
City 1849,55.3,23.77,4.59,10.3,811.02,20725.17,71.15,284.5,4.36,Temperate,21536.19,0.03913023969213801,202.42175000000003,0.013210321788580061,55.3
City 1850,23.96,136.09,4.83,6.63,822.85,5288.17,76.03,89.48,3.24,Tropical,6111.02,0.15557261347243517,68.031644,0.01464240012305638,23.96
City 1851,-22.83,20.83,4.94,9.39,864.35,16536.4,73.75,246.0,4.15,Tropical,17400.75,0.05226637802798505,181.425,0.014137321667169519,22.83
City 1852,46.07,165.52,3.49,8.92,604.01,13591.15,73.53,201.11,3.76,Temperate,14195.16,0.0444381499615587,147.87618300000003,0.014167504980570844,46.07
City 1853,51.98,-162.47,3.48,5.55,603.49,3168.78,78.27,57.38,2.75,Temperate,3772.2700000000004,0.1903886074112399,44.911326,0.015211000273045141,51.98
City 1854,50.05,-144.72,3.26,13.08,585.82,42803.68,70.1,548.61,5.24,Temperate,43389.5,0.01368588668341873,384.5756099999999,0.012643842404268314,50.05
City 1855,59.46,-164.14,3.14,10.87,540.21,23328.23,77.98,338.94,4.44,Temperate,23868.44,0.02315592927842025,264.305412,0.014200341538868901,59.46
City 1856,-27.21,-113.3,4.61,5.25,797.37,2832.48,75.71,51.45,2.8,Tropical,3629.85,0.2814101387692872,38.952795,0.014174139427249061,27.21
City 1857,38.16,14.86,3.64,4.68,637.07,2037.42,79.86,39.11,2.55,Subtropical,2674.4900000000002,0.31253127422219174,31.233245999999998,0.014623348750602918,38.16
City 1858,-0.13,52.41,6.09,5.0,1088.18,2472.72,75.89,49.05,2.95,Equatorial,3560.8999999999996,0.43989618873599284,37.224045,0.013774607543036874,0.13
City 1859,49.46,-163.59,2.43,8.65,422.53,12105.04,70.55,170.43,3.46,Temperate,12527.570000000002,0.03490241234953791,120.23836499999999,0.013604394148266582,49.46
City 1860,34.7,160.55,4.31,11.41,765.06,27674.88,70.51,393.63,4.75,Subtropical,28439.940000000002,0.027643565443989493,277.548513,0.013840746499465187,34.7
City 1861,40.94,123.18,3.98,7.23,711.37,6826.62,78.83,115.91,3.33,Subtropical,7537.99,0.10419003986747945,91.37185299999999,0.015376778159695091,40.94
City 1862,25.3,-73.22,4.91,4.44,850.48,1685.72,78.41,39.05,2.65,Tropical,2536.2,0.5042212103965092,30.619104999999994,0.015397050705780301,25.3
City 1863,-36.93,-152.21,5.04,9.93,875.95,18688.6,73.46,277.83,4.34,Subtropical,19564.55,0.04686831178837429,204.09391799999997,0.01420068440112346,36.93
City 1864,10.85,-118.84,6.85,7.4,1189.67,7661.82,76.18,131.29,3.78,Equatorial,8851.49,0.1552522439519655,100.01672200000002,0.014832531020201118,10.85
City 1865,68.01,-134.3,2.07,11.22,369.52,28005.9,74.9,394.09,4.42,Polar,28375.420000000002,0.01319389150530762,295.17341,0.013888428788014414,68.01
City 1866,61.86,-135.62,1.77,11.88,302.16,30719.37,79.67,493.96,4.74,Polar,31021.53,0.009835819034731678,393.537932,0.01592313467453088,61.86
City 1867,-54.39,6.68,2.91,9.34,503.59,14703.14,79.5,222.04,3.87,Temperate,15206.73,0.03424817772409675,176.5218,0.014601429761691041,54.39
City 1868,-38.57,-91.49,4.0,8.44,707.16,10918.0,79.84,171.05,3.73,Subtropical,11625.16,0.06476417254327319,136.56632000000002,0.014713775982438093,38.57
City 1869,-42.88,-51.07,3.67,11.2,644.68,25916.37,78.66,388.17,4.68,Subtropical,26561.05,0.024874437491149756,305.334522,0.014614256590006796,42.88
City 1870,34.38,176.22,4.24,9.0,740.12,13175.07,79.1,219.58,3.97,Subtropical,13915.19,0.056171529143363694,173.68777999999998,0.015779877960703376,34.38
City 1871,46.31,66.35,3.43,8.21,601.87,10509.92,72.17,160.21,3.5,Temperate,11111.79,0.057261400524407,115.623557,0.014418019059035492,46.31
City 1872,-32.24,161.63,4.55,10.61,782.44,22219.5,78.31,352.87,4.6,Subtropical,23001.94,0.035212528970995256,276.332497,0.015340879943170013,32.24
City 1873,5.76,-128.68,6.28,1.0,1094.47,18.36,77.09,16.52,1.94,Equatorial,1112.83,56.53254132231405,12.735268000000001,0.014845034731270725,5.76
City 1874,49.29,-42.43,3.65,14.06,639.47,54191.55,79.63,831.31,6.04,Temperate,54831.020000000004,0.01179996143381332,661.9721529999999,0.015161308325105021,49.29
City 1875,35.26,19.7,4.71,3.26,843.45,638.69,75.71,22.38,2.28,Subtropical,1482.14,1.3185292876236927,16.943897999999997,0.015099788144169915,35.26
City 1876,10.49,-152.37,5.81,3.48,1002.91,817.5,70.85,25.01,2.45,Equatorial,1820.4099999999999,1.2253023824068416,17.719585,0.013738663268164865,10.49
City 1877,16.75,-178.49,6.46,5.57,1154.86,3235.14,75.97,66.34,3.17,Tropical,4390.0,0.3568634237084922,50.398498,0.015111617312072894,16.75
City 1878,6.09,61.36,6.08,4.24,1073.46,1452.63,76.87,36.18,2.75,Equatorial,2526.09,0.7384685236270577,27.811566000000003,0.014322530076125552,6.09
City 1879,-21.32,51.06,4.7,8.65,799.75,12849.31,72.2,183.97,3.82,Tropical,13649.06,0.06223585267592766,132.82634,0.013478583873175149,21.32
City 1880,13.45,-32.12,6.25,2.7,1107.56,356.04,73.94,21.33,2.34,Equatorial,1463.6,3.10206139368138,15.771401999999998,0.014573654003826183,13.45
City 1881,29.56,-3.73,4.52,7.61,770.42,8365.25,75.99,127.03,3.49,Tropical,9135.67,0.09208665770207679,96.53009699999998,0.013904836755268086,29.56
City 1882,53.53,-30.44,3.41,7.91,614.32,9745.55,73.74,151.96,3.42,Temperate,10359.869999999999,0.06302948222704445,112.05530399999999,0.01466813772759697,53.53
City 1883,22.72,-171.36,4.21,7.01,752.07,6604.56,73.75,103.17,3.24,Tropical,7356.63,0.11385408655738499,76.087875,0.014024084397339542,22.72
City 1884,38.95,-59.27,4.97,7.73,859.68,8578.6,71.33,133.66,3.55,Subtropical,9438.28,0.10020047554664552,95.339678,0.014161478574486028,38.95
City 1885,-39.19,-116.25,4.59,8.15,792.6,10180.02,79.41,162.7,3.73,Subtropical,10972.62,0.07785074579953678,129.20006999999998,0.014827816875094551,39.19
City 1886,0.0,-144.57,6.25,2.63,1086.27,350.37,77.5,21.64,2.36,Temperate,1436.6399999999999,3.0915274496969007,16.771,0.01506292460184876,0.0
City 1887,-58.79,164.42,2.15,8.6,372.38,12597.72,70.01,172.22,3.41,Temperate,12970.099999999999,0.029556970866881718,120.57122200000002,0.013278232241848561,58.79
City 1888,-27.93,35.77,5.88,7.51,1021.65,7663.1,77.66,129.85,3.68,Tropical,8684.75,0.13330332328649155,100.84151,0.014951495437404646,27.93
City 1889,34.44,82.32,4.22,9.8,730.92,17093.33,77.4,262.24,4.21,Subtropical,17824.25,0.04275803731412696,202.97376000000003,0.014712540499600264,34.44
City 1890,68.94,-66.47,1.76,9.4,309.68,15479.76,70.1,220.63,3.62,Polar,15789.44,0.02000418584100522,154.66162999999997,0.013973263142961372,68.94
City 1891,-47.11,-38.47,2.57,6.54,441.03,5162.38,73.7,80.05,2.86,Temperate,5603.41,0.08541498010992798,58.99685,0.014285943737831071,47.11
City 1892,-7.81,-94.71,6.28,6.31,1120.41,4664.79,76.07,81.42,3.35,Equatorial,5785.2,0.24013296783610066,61.93619399999999,0.014073843600912675,7.81
City 1893,44.01,-145.09,3.81,8.32,677.85,10620.33,74.53,166.88,3.61,Subtropical,11298.18,0.06381969113096006,124.375664,0.01477052056171879,44.01
City 1894,-33.48,-115.55,5.01,9.42,876.35,15392.05,77.78,235.2,4.19,Subtropical,16268.4,0.05693153728468368,182.93856,0.014457475842738068,33.48
City 1895,12.16,107.11,5.45,2.95,972.83,469.58,74.25,20.07,2.29,Equatorial,1442.41,2.067299927748736,14.901975,0.013914213018489888,12.16
City 1896,35.3,63.92,3.77,3.08,650.03,581.25,71.54,16.04,2.05,Subtropical,1231.28,1.1164104765993987,11.475016,0.013027093756091221,35.3
City 1897,20.08,16.89,5.82,4.68,990.42,1868.98,79.76,45.16,2.86,Tropical,2859.4,0.5296420282569867,36.019616,0.015793523116737776,20.08
City 1898,-35.56,-8.97,5.01,5.64,883.5,3302.3,72.42,56.3,2.93,Subtropical,4185.8,0.26745981291435833,40.77246,0.013450236513928042,35.56
City 1899,-13.8,152.08,5.25,5.18,916.27,2574.82,77.18,49.89,2.89,Equatorial,3491.09,0.3557197319688487,38.505102,0.014290665666024077,13.8
City 1900,41.89,-153.82,4.61,6.6,809.54,5704.09,71.43,92.31,3.16,Subtropical,6513.63,0.1418978491136862,65.93703300000001,0.014171821242532965,41.89
City 1901,12.05,-78.98,6.18,7.06,1105.34,6858.66,73.29,114.47,3.55,Equatorial,7964.0,0.16113626622893845,83.89506300000001,0.014373430436966348,12.05
City 1902,-59.32,-54.02,3.39,9.21,609.81,15304.18,74.42,216.52,3.85,Temperate,15913.99,0.039843373289304665,161.134184,0.013605638812139508,59.32
City 1903,38.93,101.67,4.24,8.27,747.68,10295.98,71.92,155.19,3.62,Subtropical,11043.66,0.072611581259748,111.61264800000001,0.014052406539136482,38.93
City 1904,-55.41,177.31,1.86,9.94,330.45,19291.72,74.5,289.83,3.92,Temperate,19622.170000000002,0.017128222459041543,215.92335,0.01477053761128356,55.41
City 1905,36.95,-93.36,4.34,8.18,741.07,10306.31,71.57,143.56,3.59,Subtropical,11047.38,0.07189751739299585,102.74589199999998,0.012994936355950462,36.95
City 1906,-33.68,134.75,5.17,7.31,887.66,7228.82,75.59,120.56,3.5,Subtropical,8116.48,0.12277760718800745,91.131304,0.014853729695631606,33.68
City 1907,64.55,119.02,2.03,11.73,360.81,30921.36,76.64,457.78,4.66,Polar,31282.170000000002,0.011668255592393336,350.842592,0.014633895282840032,64.55
City 1908,-12.17,-99.12,5.95,3.23,1037.91,660.53,70.62,23.2,2.4,Equatorial,1698.44,1.5689537889438123,16.38384,0.01365959350933798,12.17
City 1909,-17.5,-36.24,5.69,9.25,992.15,15470.83,78.71,246.02,4.27,Tropical,16462.98,0.06412622165574466,193.64234199999999,0.014943831554190068,17.5
City 1910,-40.64,-32.52,2.71,7.47,468.22,8255.26,71.85,121.57,3.15,Subtropical,8723.48,0.056710907844471956,87.34804499999998,0.013935952165878755,40.64
City 1911,-20.27,172.16,6.42,2.75,1129.81,412.17,72.25,20.13,2.36,Tropical,1541.98,2.7344918556526365,14.543925,0.013054644029105436,20.27
City 1912,53.96,-114.88,2.77,9.87,476.34,17746.88,76.61,272.6,4.03,Temperate,18223.22,0.02683926192874867,208.83886,0.014958937004546946,53.96
City 1913,69.52,107.7,2.39,8.82,420.62,12951.31,74.69,180.43,3.56,Polar,13371.93,0.03247451612878321,134.76316699999998,0.013493190586549585,69.52
City 1914,-12.12,-59.69,6.11,6.88,1049.02,5859.43,74.99,97.97,3.48,Equatorial,6908.450000000001,0.17900051702690756,73.46770299999999,0.014181183912455035,12.12
City 1915,-1.68,83.11,7.5,9.69,1279.79,17989.02,71.28,251.38,4.57,Equatorial,19268.81,0.0711388870051284,179.183664,0.013045953538386645,1.68
City 1916,33.87,-28.8,4.83,5.42,837.43,2915.98,78.06,57.56,2.91,Subtropical,3753.41,0.28708801568745757,44.931336,0.015335388353523863,33.87
City 1917,55.21,28.21,3.02,10.35,520.06,21876.54,76.17,317.77,4.24,Temperate,22396.600000000002,0.02377141122813625,242.045409,0.0141883142977059,55.21
City 1918,17.1,119.74,5.36,1.32,958.23,42.99,71.35,13.51,1.83,Tropical,1001.22,21.782905205728575,9.639384999999999,0.013493537883781785,17.1
City 1919,-9.1,109.5,6.76,6.04,1153.22,4138.63,73.74,73.59,3.32,Equatorial,5291.85,0.2785804528424038,54.265266000000004,0.013906289860823718,9.1
City 1920,-6.36,131.91,5.62,2.42,965.01,256.73,78.1,18.65,2.22,Equatorial,1221.74,3.7442672564311485,14.565649999999998,0.01526511369031054,6.36
City 1921,30.43,-158.54,5.19,5.48,911.27,3071.38,75.68,57.16,2.95,Subtropical,3982.65,0.29660068090535674,43.258688,0.014352252896940478,30.43
City 1922,-59.58,69.14,2.28,7.2,398.53,7396.85,71.09,108.49,3.0,Temperate,7795.38,0.05387105713146387,77.125541,0.013917217634034517,59.58
City 1923,20.55,-129.6,6.19,7.89,1054.78,8849.43,73.73,132.51,3.79,Tropical,9904.210000000001,0.11917839020250992,97.69962299999999,0.013379158963713408,20.55
City 1924,-13.79,-30.31,6.12,7.9,1040.1,9264.29,72.43,137.2,3.77,Equatorial,10304.390000000001,0.11225768432504539,99.37396000000001,0.013314713437670737,13.79
City 1925,43.25,17.49,4.29,8.38,772.56,10641.13,75.17,163.91,3.7,Subtropical,11413.689999999999,0.07259449001280759,123.211147,0.014360824588717585,43.25
City 1926,-47.91,-35.01,3.69,6.63,651.12,5462.15,78.43,95.39,3.11,Temperate,6113.2699999999995,0.1191839872600972,74.81437700000001,0.015603760344300187,47.91
City 1927,16.47,7.06,4.97,9.62,863.26,16334.61,74.36,232.11,4.2,Tropical,17197.87,0.05284528707529134,172.596996,0.013496438803177371,16.47
City 1928,2.53,178.75,6.39,2.38,1116.85,248.4,74.33,18.35,2.28,Equatorial,1365.25,4.478147554129912,13.639555,0.013440761765244462,2.53
City 1929,23.5,-131.32,5.69,1.0,982.64,19.76,79.05,14.51,1.87,Tropical,1002.4,47.33333333333333,11.470155,0.014475259377494014,23.5
City 1930,-51.57,63.16,3.47,10.3,602.47,20639.33,75.76,310.31,4.28,Temperate,21241.800000000003,0.02918897130036196,235.09085600000003,0.014608460676590494,51.57
City 1931,15.4,-37.44,6.51,2.78,1149.42,397.57,75.66,22.0,2.41,Tropical,1546.99,2.883859798780641,16.6452,0.01422116497197784,15.4
City 1932,12.99,-132.12,6.29,7.77,1125.21,8999.52,72.62,144.48,3.78,Equatorial,10124.73,0.1250161101803007,104.921376,0.014270010163233982,12.99
City 1933,12.89,-122.85,5.61,4.34,964.83,1490.27,76.08,33.89,2.7,Equatorial,2455.1,0.6469854553501379,25.783512,0.013803918373996986,12.89
City 1934,18.45,161.74,5.31,7.35,947.36,7367.05,75.76,115.86,3.52,Tropical,8314.41,0.12857676047258093,87.77553600000002,0.013934843242034011,18.45
City 1935,27.94,136.66,5.1,10.3,872.45,20849.73,73.97,298.86,4.48,Tropical,21722.18,0.04184265970543957,221.066742,0.013758287612016843,27.94
City 1936,44.65,146.54,2.72,5.44,467.83,2978.73,79.91,53.02,2.63,Subtropical,3446.56,0.15700415809486093,42.368282,0.01538345480711202,44.65
City 1937,-24.92,176.95,6.09,5.08,1037.92,2534.04,78.82,54.53,3.01,Tropical,3571.96,0.4094294370108559,42.980546,0.015266128400094066,24.92
City 1938,47.26,-105.01,3.91,8.54,670.71,11808.6,77.5,176.48,3.73,Temperate,12479.310000000001,0.056793625524996616,136.772,0.014141807519806782,47.26
City 1939,4.77,-52.04,7.28,8.32,1304.27,11260.85,75.37,188.35,4.15,Equatorial,12565.12,0.11581312129001896,141.959395,0.014989908572301735,4.77
City 1940,-49.98,60.92,2.71,7.35,473.31,7907.58,74.62,116.84,3.14,Temperate,8380.89,0.0598476591246469,87.186008,0.013941240130821429,49.98
City 1941,-52.39,-5.83,3.96,7.75,675.44,8495.0,71.85,128.0,3.41,Temperate,9170.44,0.0795009416195857,91.96799999999999,0.013957890788228263,52.39
City 1942,-16.55,-29.38,6.96,6.85,1249.52,6001.35,73.06,100.9,3.58,Tropical,7250.870000000001,0.20817179937857672,73.71754000000001,0.013915571510729056,16.55
City 1943,42.04,-51.19,3.4,6.76,607.35,5759.42,77.74,91.3,3.09,Subtropical,6366.77,0.10543502036309853,70.97662,0.014340081391349143,42.04
City 1944,32.0,33.76,5.15,7.58,913.62,7974.72,74.54,130.47,3.57,Subtropical,8888.34,0.1145501597347951,97.252338,0.014678781414752361,32.0
City 1945,42.52,27.21,4.02,4.37,721.67,1640.95,78.82,36.57,2.51,Subtropical,2362.62,0.4395200828283443,28.824473999999995,0.015478578865835388,42.52
City 1946,7.24,-121.88,5.72,10.26,985.1,21084.22,71.48,296.45,4.53,Equatorial,22069.32,0.04671992988453523,211.90246,0.013432674862660018,7.24
City 1947,-2.77,-10.17,7.05,1.0,1257.87,18.97,75.08,18.39,2.04,Equatorial,1276.84,62.98798197295944,13.807212,0.014402744274928731,2.77
City 1948,-40.83,19.25,4.56,7.28,806.42,7356.05,76.47,115.57,3.4,Subtropical,8162.47,0.10961186888766557,88.376379,0.014158704411777316,40.83
City 1949,-17.33,25.3,5.49,5.65,980.33,3271.98,75.17,61.95,3.04,Tropical,4252.31,0.2995221480119035,46.567815,0.014568552151654042,17.33
City 1950,-3.58,-104.36,7.33,9.14,1304.96,14589.71,78.89,233.46,4.46,Equatorial,15894.669999999998,0.08943773126873196,184.176594,0.014687942561877663,3.58
City 1951,-48.48,87.22,2.77,5.54,481.0,3322.61,79.9,59.83,2.67,Temperate,3803.61,0.14472215452474868,47.804170000000006,0.01572979353824393,48.48
City 1952,-31.32,-170.93,4.06,12.09,721.67,33848.16,71.16,453.48,4.97,Subtropical,34569.83,0.021320174562677475,322.696368,0.013117796645225041,31.32
City 1953,17.77,-52.26,5.82,7.67,1005.44,8360.92,71.3,120.4,3.64,Tropical,9366.36,0.12024032758026865,85.8452,0.012854513386203392,17.77
City 1954,35.64,100.88,4.52,8.61,782.93,12325.5,71.3,173.26,3.76,Subtropical,13108.43,0.06351600210927676,123.53437999999998,0.013217448618942161,35.64
City 1955,69.79,23.0,1.76,8.52,300.54,11567.1,76.81,167.57,3.39,Polar,11867.640000000001,0.025980065870799873,128.710517,0.014119909265869202,69.79
City 1956,61.3,-85.98,3.11,11.56,558.4,29477.12,73.73,421.11,4.69,Polar,30035.52,0.018942863384774876,310.48440300000004,0.014020399846581648,61.3
City 1957,23.53,70.18,5.62,4.54,971.43,1781.07,77.33,39.18,2.77,Tropical,2752.5,0.5451132671556111,30.297894,0.01423433242506812,23.53
City 1958,-5.24,24.26,7.06,7.69,1237.38,8533.73,74.05,141.29,3.88,Equatorial,9771.11,0.14498173931688527,104.62524499999999,0.014459974352965015,5.24
City 1959,22.7,106.65,5.35,3.84,930.3,1102.91,76.28,28.66,2.53,Tropical,2033.21,0.8427317444356875,21.861848,0.014095936966668469,22.7
City 1960,42.13,84.61,4.35,7.93,781.59,9859.87,77.7,160.52,3.62,Subtropical,10641.460000000001,0.07926176899198549,124.72404,0.015084396314039614,42.13
City 1961,-44.62,39.64,3.65,7.07,633.43,6374.08,75.48,101.33,3.19,Subtropical,7007.51,0.09936032175282505,76.483884,0.014460200556260355,44.62
City 1962,-6.71,-4.26,7.5,2.2,1333.39,212.25,75.4,23.27,2.41,Equatorial,1545.64,6.252708089097304,17.54558,0.015055252193266219,6.71
City 1963,49.17,-132.05,3.15,10.77,562.72,23769.23,70.88,344.94,4.35,Temperate,24331.95,0.023673309008789566,244.49347199999997,0.014176422358257352,49.17
City 1964,-10.1,-85.92,7.35,6.35,1280.74,4964.93,74.11,91.36,3.51,Equatorial,6245.67,0.25790536717190937,67.706896,0.014627734094180448,10.1
City 1965,14.34,-29.12,6.01,8.46,1045.02,11921.81,75.46,190.99,4.01,Equatorial,12966.83,0.08764880091186558,144.12105400000002,0.014729120378689318,14.34
City 1966,16.41,35.75,5.16,1.19,916.41,32.01,74.62,13.29,1.8,Tropical,948.42,27.761587397758255,9.916998,0.014012779148478522,16.41
City 1967,-36.02,4.93,5.16,10.26,924.8,21258.33,79.01,341.88,4.59,Subtropical,22183.13,0.04350090054578389,270.119388,0.015411711512306874,36.02
City 1968,-12.91,-76.25,6.16,11.55,1093.58,28315.25,79.07,463.03,5.23,Equatorial,29408.83,0.03862022690151415,366.117821,0.01574459099528951,12.91
City 1969,-16.51,-177.67,6.27,4.52,1080.07,1694.14,78.22,39.16,2.87,Tropical,2774.21,0.6371568130065952,30.630951999999997,0.014115730243925297,16.51
City 1970,-56.59,-1.35,3.65,14.4,652.98,57641.85,73.75,820.15,6.05,Temperate,58294.83,0.011328031143498283,604.860625,0.014069000630073027,56.59
City 1971,-56.86,-77.17,3.19,9.03,554.51,14523.49,77.17,214.52,3.8,Temperate,15078.0,0.038177588335287505,165.54508400000003,0.014227351107573949,56.86
City 1972,48.12,84.46,3.34,5.38,586.24,3082.7,73.95,51.87,2.64,Temperate,3668.9399999999996,0.19010928430132634,38.357865000000004,0.014137598325401887,48.12
City 1973,-24.5,-171.38,5.77,5.69,1029.37,3545.65,72.33,62.65,3.06,Tropical,4575.02,0.29023726615256645,45.314744999999995,0.013693929206866854,24.5
City 1974,7.35,30.54,6.49,7.36,1114.82,7581.58,73.43,122.3,3.68,Equatorial,8696.4,0.14702383621405907,89.80489000000001,0.014063290557012097,7.35
City 1975,-21.17,158.93,5.86,4.02,1042.41,1213.44,70.71,30.47,2.59,Tropical,2255.8500000000004,0.8583462336550179,21.545337,0.013507103752465808,21.17
City 1976,62.29,-117.21,1.56,8.73,275.02,13270.96,73.32,197.84,3.43,Polar,13545.98,0.020721882826651074,145.056288,0.014605071024761591,62.29
City 1977,-26.29,-10.21,5.38,8.11,963.21,9953.47,74.61,155.6,3.77,Tropical,10916.68,0.0967615553615612,116.09315999999998,0.014253417705749366,26.29
City 1978,-4.14,-147.09,6.39,4.42,1097.39,1685.25,79.55,43.59,2.88,Equatorial,2782.6400000000003,0.6507872498146776,34.675845,0.015664980018974786,4.14
City 1979,53.45,45.25,4.08,10.81,711.6,24062.17,73.13,337.71,4.51,Temperate,24773.769999999997,0.02957216360105506,246.96732299999996,0.013631756490836882,53.45
City 1980,49.45,18.19,3.85,9.54,686.56,16683.67,79.02,259.11,4.1,Temperate,17370.23,0.041149150687427444,204.74872200000001,0.01491690092762157,49.45
City 1981,-35.81,-33.35,4.61,8.78,785.17,12714.59,72.29,184.84,3.85,Subtropical,13499.76,0.06174860938422833,133.62083600000003,0.013692095266878819,35.81
City 1982,44.34,7.7,4.14,7.35,708.29,7925.04,71.91,115.21,3.32,Subtropical,8633.33,0.08936240543827687,82.847511,0.013344792797217295,44.34
City 1983,-0.44,142.77,6.47,4.62,1164.04,1891.3,75.19,43.1,2.89,Equatorial,3055.34,0.6151455900227236,32.40689,0.014106449691360046,0.44
City 1984,2.79,-109.33,7.5,1.96,1296.03,149.69,76.73,21.29,2.36,Equatorial,1445.72,8.60063706948039,16.335817,0.014726226378551862,2.79
City 1985,-42.65,-171.88,5.01,11.49,900.64,27297.79,70.44,380.6,4.85,Subtropical,28198.43,0.032991938470532944,268.09464,0.013497205340864722,42.65
City 1986,-49.52,130.2,3.73,7.37,640.9,7653.24,72.21,115.43,3.26,Temperate,8294.14,0.0837313698028805,83.35200300000001,0.013917054691625656,49.52
City 1987,34.63,27.76,5.37,10.29,932.46,21145.85,74.56,307.88,4.53,Subtropical,22078.309999999998,0.04409451052993709,229.555328,0.013944907920941415,34.63
City 1988,4.54,140.64,6.4,3.87,1135.76,1129.64,73.31,30.94,2.66,Equatorial,2265.4,1.0045284086888842,22.682114000000002,0.013657632206232895,4.54
City 1989,-3.21,34.9,6.38,4.83,1126.0,2226.53,77.13,49.71,2.96,Equatorial,3352.53,0.5054926308512119,38.341322999999996,0.01482760780664155,3.21
City 1990,34.84,111.66,4.58,6.25,805.56,4388.66,75.11,71.26,3.07,Subtropical,5194.219999999999,0.1835130739054961,53.523386,0.013719095456103133,34.84
City 1991,39.52,-25.32,4.45,5.41,780.31,2852.89,71.6,48.14,2.77,Subtropical,3633.2,0.27341978842912656,34.468239999999994,0.013250027523945834,39.52
City 1992,-39.34,89.95,4.05,3.57,722.49,863.62,78.94,22.64,2.29,Subtropical,1586.1100000000001,0.8356156461798246,17.872016000000002,0.014273915428312033,39.34
City 1993,19.33,148.69,5.92,3.29,1019.59,645.8,72.93,22.04,2.43,Tropical,1665.3899999999999,1.5763605442176873,16.073772,0.013234137349209495,19.33
City 1994,-42.4,25.96,4.18,7.43,729.95,8184.62,77.31,127.41,3.41,Subtropical,8914.57,0.08917467461230794,98.500671,0.014292332664390991,42.4
City 1995,37.68,-114.92,3.86,8.3,662.77,10536.87,77.8,157.18,3.63,Subtropical,11199.640000000001,0.06289411427546553,122.28604,0.0140343796764896,37.68
City 1996,25.4,-83.23,5.48,9.07,964.45,14118.93,79.63,222.1,4.17,Tropical,15083.380000000001,0.06830416298097795,176.85823,0.014724816321010276,25.4
City 1997,64.36,-108.49,2.93,9.32,504.85,14678.57,74.99,219.85,3.82,Polar,15183.42,0.03439133435107432,164.865515,0.014479609995639981,64.36
City 1998,-51.04,-91.13,3.51,6.9,608.98,6252.47,76.16,94.7,3.13,Temperate,6861.450000000001,0.09738273310657923,72.12352,0.01380174744405337,51.04
City 1999,-52.58,-69.69,3.9,5.65,680.6,3386.28,73.35,56.3,2.78,Temperate,4066.88,0.20092817836139912,41.296049999999994,0.01384353607679597,52.58
City 2000,-23.32,19.85,4.76,7.53,810.34,7728.69,76.78,129.99,3.52,Tropical,8539.029999999999,0.10483473464006966,99.806322,0.015223040556128744,23.32
City 2001,-25.98,31.68,5.42,10.06,925.61,18984.61,74.63,290.99,4.46,Tropical,19910.22,0.04875323995383872,217.16583699999998,0.014615107216293943,25.98
City 2002,-27.89,-26.46,4.46,9.96,789.21,18531.01,74.38,267.43,4.26,Tropical,19320.219999999998,0.04258631416667701,198.914434,0.01384197488434397,27.89
City 2003,57.81,41.55,2.4,11.56,417.61,30834.05,78.55,487.3,4.73,Temperate,31251.66,0.013543354072719196,382.77415,0.015592771711966661,57.81
City 2004,-27.56,-150.63,4.76,8.35,849.54,10730.05,70.5,152.33,3.69,Tropical,11579.59,0.07916653076819137,107.39265000000002,0.013155042622407185,27.56
City 2005,-24.65,-148.4,4.8,10.71,850.0,23442.71,78.82,347.43,4.66,Tropical,24292.71,0.03625705999605011,273.84432599999997,0.014301821410620717,24.65
City 2006,38.72,-118.14,4.02,8.7,682.96,13164.16,78.52,217.33,3.85,Subtropical,13847.119999999999,0.051876315973372146,170.647516,0.01569496039609681,38.72
City 2007,-1.53,6.51,6.79,5.77,1195.39,3759.56,75.06,73.42,3.27,Equatorial,4954.95,0.31787552917650563,55.109052,0.014817505726596637,1.53
City 2008,40.97,-102.96,4.55,7.3,777.85,7760.1,74.9,121.07,3.4,Subtropical,8537.95,0.10022419502390124,90.68143,0.014180218905006469,40.97
City 2009,-51.5,-78.02,3.23,5.75,575.08,3780.51,73.62,61.99,2.72,Temperate,4355.59,0.15207681587513983,45.637038000000004,0.01423228540794703,51.5
City 2010,3.38,-35.89,5.97,2.63,1074.15,344.79,79.94,21.94,2.34,Equatorial,1418.94,3.1063651349084704,17.538836,0.015462246465671558,3.38
City 2011,-55.63,112.27,3.68,9.54,644.43,16838.43,71.11,228.62,3.95,Temperate,17482.86,0.03826911005895092,162.571682,0.013076807799181599,55.63
City 2012,-51.86,-175.01,2.95,9.34,521.92,14833.97,75.9,214.46,3.83,Temperate,15355.89,0.03518173612754188,162.77514000000002,0.013965976573158574,51.86
City 2013,57.84,53.78,2.92,14.6,503.68,58757.05,76.82,862.15,6.09,Temperate,59260.73,0.008572102035380684,662.30363,0.014548420176396746,57.84
City 2014,-41.9,60.8,4.29,8.39,748.14,11598.66,79.34,194.19,3.79,Subtropical,12346.8,0.06449671800725193,154.070346,0.015727961901059385,41.9
City 2015,9.21,107.52,6.45,7.87,1152.57,9261.6,77.8,146.01,3.88,Equatorial,10414.17,0.12443266469457819,113.59577999999999,0.014020320390391168,9.21
City 2016,-6.56,155.79,7.09,3.57,1216.84,881.5,76.44,31.38,2.71,Equatorial,2098.34,1.37885552407932,23.986871999999998,0.01495467846011609,6.56
City 2017,-14.85,-172.75,6.2,4.71,1070.52,2030.58,71.17,39.98,2.83,Equatorial,3101.1,0.5269396233473455,28.453766,0.012892199542097964,14.85
City 2018,56.98,-124.64,2.58,6.38,450.24,4795.56,73.74,73.33,2.81,Temperate,5245.8,0.09386727154460696,54.073541999999996,0.01397880208929048,56.98
City 2019,-57.16,139.02,4.09,7.86,724.05,9592.78,71.39,141.97,3.47,Temperate,10316.83,0.0754707737721732,101.352383,0.013761009922621581,57.16
City 2020,26.29,-14.93,5.26,7.95,913.39,9494.6,78.81,158.92,3.76,Tropical,10407.99,0.096190867349088,125.244852,0.01526903849830755,26.29
City 2021,65.24,23.25,2.36,10.54,422.99,21587.11,77.5,309.02,4.2,Polar,22010.100000000002,0.01959365595228114,239.4905,0.014039918037628177,65.24
City 2022,12.82,58.69,6.58,7.64,1125.57,8797.23,77.58,145.0,3.84,Equatorial,9922.8,0.12793141347748355,112.491,0.014612810900149152,12.82
City 2023,61.79,64.46,2.8,10.63,486.32,22636.23,76.52,339.15,4.32,Polar,23122.55,0.02148319383599495,259.51757999999995,0.014667499908098371,61.79
City 2024,-53.21,155.43,3.48,8.44,615.41,11721.97,75.07,167.93,3.6,Temperate,12337.38,0.052496082477392673,126.06505099999998,0.013611479909024445,53.21
City 2025,-5.56,178.9,7.5,9.93,1291.95,18677.68,71.5,260.87,4.65,Equatorial,19969.63,0.06916709317789052,186.52205,0.013063336676743635,5.56
City 2026,-26.18,79.26,5.03,6.38,888.1,4880.15,73.3,81.71,3.17,Tropical,5768.25,0.1819448285752333,59.89342999999999,0.01416547479738222,26.18
City 2027,35.01,-76.6,4.39,10.41,753.62,22121.64,71.37,310.9,4.4,Subtropical,22875.26,0.034065554563108204,221.88933,0.013591102352497851,35.01
City 2028,67.57,136.71,2.33,9.75,397.15,17787.91,77.25,257.41,3.92,Polar,18185.06,0.022325707421084258,198.84922500000002,0.01415502615883588,67.57
City 2029,-26.65,-162.28,5.67,8.44,970.79,11287.85,71.6,167.39,3.88,Tropical,12258.64,0.08599547340960327,119.85123999999998,0.013654858940306592,26.65
City 2030,25.04,-96.81,4.49,8.82,805.73,12519.05,77.02,203.47,3.91,Tropical,13324.779999999999,0.06435517430042213,156.712594,0.015270045734338579,25.04
City 2031,-34.25,143.06,3.62,7.95,635.36,9928.98,76.92,146.53,3.49,Subtropical,10564.34,0.06398401608059634,112.71087600000001,0.013870246508537212,34.25
City 2032,13.49,-87.77,5.76,1.0,1025.41,18.07,74.59,15.01,1.84,Equatorial,1043.48,53.770844257996856,11.195959,0.014384559359067734,13.49
City 2033,0.31,-100.57,6.16,4.08,1067.91,1336.57,71.35,31.13,2.66,Equatorial,2404.48,0.7983955979873951,22.211254999999998,0.012946666223050306,0.31
City 2034,66.36,-130.27,2.14,13.71,376.89,48264.45,73.15,640.9,5.4,Polar,48641.34,0.007808691310243663,468.81835,0.013176035035219014,66.36
City 2035,19.11,129.28,5.91,7.23,1034.59,7284.71,73.2,111.45,3.55,Tropical,8319.3,0.14200263255056816,81.5814,0.013396559806714508,19.11
City 2036,-14.56,0.02,5.54,6.57,993.32,5630.35,77.0,96.12,3.34,Equatorial,6623.67,0.17639109627354008,74.01240000000001,0.014511592515931501,14.56
City 2037,-45.17,62.96,3.12,4.21,554.59,1366.86,71.14,26.8,2.25,Temperate,1921.4499999999998,0.4054435395435206,19.065520000000003,0.01394779983866351,45.17
City 2038,-40.34,-93.94,4.21,6.23,746.64,4632.58,78.29,78.18,3.06,Subtropical,5379.22,0.1611367452380233,61.207122000000005,0.014533705630184303,40.34
City 2039,-30.71,92.89,5.28,8.1,900.33,10375.65,77.61,168.47,3.8,Subtropical,11275.98,0.08676499641020947,130.749567,0.01494060826642119,30.71
City 2040,-27.37,93.6,4.24,7.76,743.46,9131.18,71.86,133.57,3.46,Tropical,9874.64,0.08141101029546068,95.98340199999998,0.013526569069859763,27.37
City 2041,50.58,-67.46,3.87,12.09,675.89,33705.94,77.19,490.16,5.06,Temperate,34381.83,0.02005195369262235,378.354504,0.014256367389403066,50.58
City 2042,12.96,-32.15,6.5,4.93,1165.58,2311.77,76.69,50.74,3.0,Equatorial,3477.35,0.5039757520203046,38.912506,0.014591571167699543,12.96
City 2043,8.04,-104.51,6.91,5.82,1193.2,3844.45,77.48,76.48,3.33,Equatorial,5037.65,0.3102887828472611,59.256704000000006,0.015181681935029232,8.04
City 2044,-45.08,171.56,4.45,8.55,769.14,12297.23,71.89,184.72,3.76,Temperate,13066.369999999999,0.06254070707735991,132.795208,0.014137055662743364,45.08
City 2045,51.82,52.42,4.47,6.71,778.94,5910.08,71.58,94.28,3.17,Temperate,6689.02,0.13177625746902427,67.485624,0.014094740335654549,51.82
City 2046,33.97,156.44,4.44,1.76,766.35,101.49,72.36,11.73,1.81,Subtropical,867.84,7.477314859986341,8.487828,0.013516316371681415,33.97
City 2047,-51.2,-70.78,3.47,10.2,594.48,21203.71,73.66,314.49,4.24,Temperate,21798.19,0.028035280840907516,231.653334,0.014427344655680128,51.2
City 2048,32.02,101.48,4.55,7.64,812.6,8403.7,77.94,132.34,3.53,Subtropical,9216.300000000001,0.09668399823908051,103.14579599999999,0.01435934160129336,32.02
City 2049,10.66,95.71,6.25,3.52,1098.23,787.57,77.38,28.42,2.59,Equatorial,1885.8000000000002,1.39268549399546,21.991395999999998,0.015070527097253155,10.66
City 2050,-49.38,69.0,4.31,4.89,769.85,2189.06,79.25,46.66,2.7,Temperate,2958.91,0.35152004967900424,36.978049999999996,0.01576932045922316,49.38
City 2051,-0.42,167.63,6.3,5.62,1123.01,3234.29,70.59,55.45,3.09,Equatorial,4357.3,0.3471126235978846,39.142155,0.012725770545980309,0.42
City 2052,3.01,-38.32,6.36,3.64,1098.92,877.11,70.12,26.16,2.56,Equatorial,1976.0300000000002,1.2514605231690792,18.343392,0.013238665404877455,3.01
City 2053,-38.45,-132.94,5.0,9.24,876.88,14630.5,76.99,230.38,4.13,Subtropical,15507.38,0.05993097085056214,177.36956199999997,0.01485615236100489,38.45
City 2054,62.94,61.82,3.1,14.95,530.29,60552.19,72.79,862.75,6.17,Polar,61082.48,0.008757424670772918,627.995725,0.014124344656602023,62.94
City 2055,50.5,82.55,3.28,3.7,588.28,978.41,73.34,21.09,2.16,Temperate,1566.69,0.600647328493685,15.467406,0.013461501637209657,50.5
City 2056,26.97,27.02,5.54,4.95,964.04,2198.84,75.47,47.61,2.85,Tropical,3162.88,0.4382318714088297,35.931267,0.015052736746256576,26.97
City 2057,0.1,-105.55,7.16,3.49,1246.03,780.02,71.02,27.67,2.65,Equatorial,2026.05,1.5953880822514148,19.651234,0.013657116063275833,0.1
City 2058,-6.47,1.6,7.3,8.28,1262.62,10338.81,76.43,162.51,4.11,Equatorial,11601.43,0.12211249529730236,124.206393,0.01400775594043148,6.47
City 2059,24.63,-67.61,5.31,2.37,927.75,241.8,73.25,15.46,2.11,Tropical,1169.55,3.8210461285008237,11.324450000000002,0.01321875935188748,24.63
City 2060,10.91,-26.11,6.75,9.93,1164.39,18150.44,76.33,288.46,4.63,Equatorial,19314.829999999998,0.0641486295302191,220.18151799999998,0.014934638306420507,10.91
City 2061,-51.9,52.28,4.69,9.53,814.48,16569.87,78.34,247.31,4.2,Temperate,17384.35,0.04915131191059975,193.74265400000002,0.014226013627199177,51.9
City 2062,6.63,88.28,6.84,4.42,1216.68,1723.88,71.71,38.55,2.86,Equatorial,2940.5600000000004,0.7053708084040629,27.644204999999996,0.013109747803139535,6.63
City 2063,44.83,-96.4,3.89,7.99,693.11,10067.5,79.31,163.43,3.58,Subtropical,10760.61,0.0688394497690818,129.61633300000003,0.01518780069159648,44.83
City 2064,-0.3,-34.08,7.34,2.94,1270.18,501.54,75.31,25.63,2.57,Equatorial,1771.72,2.527520197397222,19.301953,0.014466168469058316,0.3
City 2065,-53.25,-83.1,3.09,11.94,539.82,31277.31,79.23,488.38,4.93,Temperate,31817.13,0.017258605084481866,386.943474,0.015349593127978544,53.25
City 2066,42.22,-108.49,5.24,5.55,936.38,3168.28,72.08,55.58,2.94,Subtropical,4104.66,0.29545511914378025,40.06206399999999,0.013540707391111566,42.22
City 2067,-33.82,102.02,4.72,8.25,805.3,10177.54,76.05,163.26,3.73,Subtropical,10982.84,0.07911743727489404,124.15923,0.014865007593664298,33.82
City 2068,-26.38,147.33,5.02,5.68,897.5,3579.04,74.04,66.12,2.97,Tropical,4476.54,0.25069552295505076,48.95524800000001,0.014770336018442817,26.38
City 2069,-38.59,-46.72,3.88,5.95,668.27,3827.74,77.74,64.81,2.91,Subtropical,4496.01,0.17454044933842466,50.383294,0.01441500352534803,38.59
City 2070,-17.07,90.46,6.35,12.17,1123.22,34469.8,76.06,525.36,5.48,Tropical,35593.020000000004,0.03258468036715133,399.588816,0.01476019736453945,17.07
City 2071,38.38,142.92,4.75,8.89,834.67,12974.85,74.95,205.51,3.95,Subtropical,13809.52,0.06432488045099165,154.029745,0.014881762726003509,38.38
City 2072,7.52,124.6,6.22,6.29,1092.66,4590.05,79.13,87.11,3.38,Equatorial,5682.71,0.23799784363054205,68.930143,0.015328953967385279,7.52
City 2073,-33.37,-114.19,4.95,10.18,884.51,21086.11,73.77,313.82,4.45,Subtropical,21970.62,0.04194552975727826,231.50501399999996,0.014283620580575333,33.37
City 2074,54.12,164.27,2.46,5.86,420.27,3923.53,72.2,57.86,2.62,Temperate,4343.8,0.10708798251000756,41.77492,0.013320134444495603,54.12
City 2075,54.35,-44.4,3.29,13.82,570.42,51876.46,76.08,760.94,5.79,Temperate,52446.88,0.010995526766345153,578.9231520000001,0.014508775355178423,54.35
City 2076,53.18,-57.87,3.5,3.05,614.56,540.57,76.24,16.84,2.05,Temperate,1155.13,1.1347748213527336,12.838816,0.014578445716066589,53.18
City 2077,-28.96,-157.52,5.83,4.97,1037.81,2429.07,74.39,50.03,2.89,Tropical,3466.88,0.42707000209870494,37.217317,0.014430842717371238,28.96
City 2078,-1.34,-4.98,6.52,2.99,1122.66,513.76,74.87,24.49,2.46,Equatorial,1636.42,2.1809386898748935,18.335663,0.014965595629483871,1.34
City 2079,68.05,-140.76,1.6,12.26,284.39,36649.64,79.6,531.14,4.86,Polar,36934.03,0.0077594825083545605,422.78744,0.014380775669484213,68.05
City 2080,40.36,-90.53,3.73,8.58,648.48,11736.85,77.33,173.64,3.7,Subtropical,12385.33,0.05524691489497651,134.27581199999997,0.014019812148727566,40.36
City 2081,-56.47,-65.9,2.38,9.23,408.91,15089.14,71.11,200.08,3.65,Temperate,15498.05,0.027097826792859447,142.27688799999999,0.012910011259481033,56.47
City 2082,-51.52,111.18,4.06,9.12,721.32,14712.26,72.12,216.9,3.9,Temperate,15433.58,0.049025165055195115,156.42828,0.014053771062838305,51.52
City 2083,0.31,135.18,7.5,1.59,1281.82,74.95,79.76,19.77,2.29,Equatorial,1356.77,16.8771560236998,15.768552,0.014571371713702395,0.31
City 2084,58.2,-71.11,3.09,6.08,540.54,4433.99,77.26,73.97,2.84,Temperate,4974.53,0.12188077086983284,57.149222,0.014869746488612995,58.2
City 2085,10.03,129.13,6.91,6.82,1178.85,6329.81,79.15,110.84,3.64,Equatorial,7508.66,0.186208399873002,87.72986,0.014761621913896754,10.03
City 2086,4.72,128.6,6.74,6.21,1169.28,4538.04,73.04,78.85,3.36,Equatorial,5707.32,0.25760513236279037,57.59204,0.013815591205679724,4.72
City 2087,-46.29,95.27,3.71,12.59,653.4,37480.94,77.42,544.15,5.24,Temperate,38134.340000000004,0.017432395441644693,421.28093,0.01426929114283871,46.29
City 2088,25.38,-127.19,5.06,4.56,887.77,1799.9,77.14,40.91,2.69,Tropical,2687.67,0.49295907601754674,31.557973999999998,0.01522136274170564,25.38
City 2089,46.87,68.52,3.56,10.42,620.24,22290.12,72.95,320.42,4.31,Temperate,22910.36,0.02782453281844968,233.74639000000002,0.013985812531972435,46.87
City 2090,-10.55,160.21,5.49,4.35,956.49,1582.72,75.51,38.13,2.68,Equatorial,2539.21,0.6039514560654661,28.791963000000006,0.015016481504089855,10.55
City 2091,40.83,65.71,4.27,11.06,736.28,24467.63,76.27,368.13,4.67,Subtropical,25203.91,0.030090773369820866,280.77275099999997,0.01460606707451344,40.83
City 2092,65.38,-60.62,2.4,13.09,419.48,42835.61,74.81,590.49,5.22,Polar,43255.090000000004,0.009792558281339257,441.74556900000005,0.013651341379708144,65.38
City 2093,-33.51,0.21,5.03,7.88,902.5,8821.24,78.27,139.6,3.67,Subtropical,9723.74,0.1022982825223526,109.26491999999999,0.014356615870025319,33.51
City 2094,8.03,52.46,6.48,3.95,1157.51,1209.39,78.33,37.04,2.75,Equatorial,2366.9,0.9563116020456216,29.013431999999998,0.015649161350289407,8.03
City 2095,-22.67,3.81,5.33,8.67,914.12,12156.84,78.51,199.6,4.0,Tropical,13070.960000000001,0.07518769781474341,156.70596,0.01527049275646165,22.67
City 2096,43.07,-136.82,3.55,9.92,604.46,18517.43,78.03,270.06,4.16,Subtropical,19121.89,0.032640996023961,210.727818,0.014123080929761651,43.07
City 2097,15.09,-67.66,5.98,3.8,1072.42,1073.32,74.88,31.18,2.6,Tropical,2145.74,0.9982314394221462,23.347583999999998,0.014531117469963743,15.09
City 2098,22.5,108.86,5.79,2.93,1015.57,455.14,73.81,20.44,2.33,Tropical,1470.71,2.226443635725874,15.086764,0.013898049241522803,22.5
City 2099,43.73,130.11,3.37,7.65,590.55,8205.5,78.31,128.23,3.36,Subtropical,8796.05,0.07196125022847742,100.41691299999998,0.014578134503555574,43.73
City 2100,-8.52,-130.57,6.45,8.64,1146.34,12126.72,74.9,182.02,4.1,Equatorial,13273.06,0.09452230097660566,136.33298000000002,0.013713491839862098,8.52
City 2101,58.96,162.86,2.99,12.76,517.57,38372.85,72.46,554.61,5.15,Temperate,38890.42,0.013487570311553312,401.870406,0.014260838530414433,58.96
City 2102,9.29,-61.62,5.99,2.15,1047.24,185.23,75.07,16.77,2.17,Equatorial,1232.47,5.623368952370725,12.589238999999997,0.01360682207274822,9.29
City 2103,-39.47,58.43,3.94,5.03,708.59,2540.55,71.42,43.11,2.6,Subtropical,3249.1400000000003,0.27880230567960496,30.789162,0.013268126334968636,39.47
City 2104,30.47,90.66,4.98,10.23,880.54,21059.13,76.92,314.09,4.5,Subtropical,21939.670000000002,0.04181075805325038,241.59802799999997,0.014316076768702534,30.47
City 2105,43.12,112.3,3.41,5.47,585.73,3241.22,73.36,51.44,2.66,Subtropical,3826.95,0.18065708064227598,37.736384,0.01344151347678961,43.12
City 2106,-18.82,160.47,5.86,7.16,1003.58,7280.78,72.61,114.38,3.52,Tropical,8284.36,0.13782069768655467,83.051318,0.013806739446378476,18.82
City 2107,51.43,-67.35,2.95,7.6,507.87,8211.1,79.57,125.03,3.3,Temperate,8718.970000000001,0.06184410808441202,99.486371,0.014339996582165093,51.43
City 2108,57.8,129.06,3.49,13.82,619.26,49105.92,77.77,719.35,5.78,Temperate,49725.18,0.012610442683027159,559.438495,0.014466513746154363,57.8
City 2109,-24.0,-132.59,6.49,4.47,1122.25,1654.1,77.87,42.95,2.89,Tropical,2776.35,0.6780557066038306,33.445165,0.015469951555099323,24.0
City 2110,67.86,73.81,1.82,13.64,309.72,49938.02,76.24,713.33,5.47,Polar,50247.74,0.006201963915190968,543.8427919999999,0.014196260369123071,67.86
City 2111,-41.71,87.11,4.35,8.63,780.14,12455.32,78.39,194.24,3.85,Subtropical,13235.46,0.06263005446231311,152.264736,0.014675727175330515,41.71
City 2112,-33.74,63.98,4.27,8.0,734.0,9473.04,77.59,150.05,3.61,Subtropical,10207.04,0.0774748681660622,116.42379500000001,0.01470063799103364,33.74
City 2113,-36.05,-89.17,5.0,2.68,849.95,360.71,75.99,17.59,2.17,Subtropical,1210.66,2.3498106217688206,13.366641,0.014529265028992449,36.05
City 2114,56.22,134.3,2.43,4.11,419.22,1324.46,79.61,27.23,2.21,Temperate,1743.68,0.31628264904259656,21.677802999999997,0.015616397504129197,56.22
City 2115,25.06,-119.21,5.49,5.95,945.55,4023.0,71.92,65.68,3.09,Tropical,4968.55,0.234977634194831,47.237056,0.013219148443710943,25.06
City 2116,-40.23,-160.69,3.75,8.64,652.92,12755.51,79.43,210.28,3.8,Subtropical,13408.43,0.051183278185020824,167.025404,0.015682671274712998,40.23
City 2117,-2.76,78.29,6.7,1.46,1201.28,58.72,74.01,18.2,2.09,Equatorial,1260.0,20.115204286671133,13.46982,0.014444444444444444,2.76
City 2118,19.99,-8.83,5.09,3.28,909.21,697.47,75.28,23.52,2.33,Tropical,1606.68,1.3017166091600212,17.705855999999997,0.01463888266487415,19.99
City 2119,-49.15,125.68,3.97,10.32,693.16,20745.95,71.23,277.52,4.26,Temperate,21439.11,0.03341021210346581,197.677496,0.012944567195186739,49.15
City 2120,54.71,-41.98,2.75,10.88,479.06,25094.93,75.4,347.93,4.37,Temperate,25573.99,0.019089151109363153,262.33922,0.013604838353342594,54.71
City 2121,44.47,-119.42,4.16,8.1,730.85,10564.44,76.11,164.96,3.62,Subtropical,11295.29,0.06917364539479662,125.551056,0.014604317374764171,44.47
City 2122,5.68,121.12,6.43,6.52,1108.85,5487.56,79.98,104.07,3.5,Equatorial,6596.41,0.20202931187779669,83.235186,0.015776763421315534,5.68
City 2123,65.73,17.61,2.34,7.64,399.35,8068.72,79.75,129.46,3.23,Polar,8468.07,0.0494874667274701,103.24435000000001,0.015288017222342283,65.73
City 2124,-5.69,-111.89,6.68,3.68,1197.53,917.01,79.66,31.04,2.72,Equatorial,2114.54,1.3044847006023899,24.726463999999996,0.014679315595826989,5.69
City 2125,67.93,79.34,1.86,14.91,320.31,62864.11,73.48,844.15,5.96,Polar,63184.42,0.005095195093112857,620.28142,0.013360097315129268,67.93
City 2126,26.83,4.0,5.23,6.85,898.98,6072.97,79.91,108.08,3.42,Tropical,6971.950000000001,0.14800534082321776,86.36672800000001,0.015502119206247892,26.83
City 2127,22.51,37.55,6.19,6.57,1081.49,5459.47,74.55,94.82,3.41,Tropical,6540.96,0.19805804262270463,70.68830999999999,0.014496343044446074,22.51
City 2128,-38.43,-14.08,3.92,13.61,685.87,50113.25,78.52,731.72,5.81,Subtropical,50799.12,0.013686127199349486,574.546544,0.014404186529215466,38.43
City 2129,54.65,118.34,3.76,5.97,639.95,3871.39,72.16,58.78,2.84,Temperate,4511.34,0.16525969749947708,42.415648000000004,0.013029388164048819,54.65
City 2130,-4.43,118.64,7.44,6.43,1275.67,5034.21,75.06,89.12,3.55,Equatorial,6309.88,0.25334990993424306,66.893472,0.014123881912175826,4.43
City 2131,-38.91,75.38,3.87,12.05,672.23,32175.2,79.66,501.49,5.09,Subtropical,32847.43,0.020892150098520024,399.48693399999996,0.01526725226296243,38.91
City 2132,-58.36,-142.06,2.19,9.02,386.78,14541.12,79.47,230.29,3.7,Temperate,14927.900000000001,0.026597222413238232,183.011463,0.015426818239672022,58.36
City 2133,12.77,121.99,6.26,7.43,1078.02,8160.87,76.84,139.28,3.72,Equatorial,9238.89,0.13208002577840616,107.022752,0.015075404079927352,12.77
City 2134,8.56,61.56,6.13,2.4,1067.5,262.44,77.98,19.93,2.28,Equatorial,1329.94,4.052156088672943,15.541414,0.01498563844985488,8.56
City 2135,33.52,70.93,5.59,5.63,981.14,3257.54,71.76,55.43,3.01,Subtropical,4238.68,0.3010980377715173,39.776568000000005,0.013077184406466163,33.52
City 2136,55.73,-49.33,3.12,10.54,557.42,22887.74,77.22,350.58,4.36,Temperate,23445.16,0.024353459386580473,270.717876,0.014953192897809185,55.73
City 2137,-49.68,136.54,3.12,10.96,540.83,25562.09,76.18,397.08,4.53,Temperate,26102.920000000002,0.02115667550362652,302.495544,0.015212091214316251,49.68
City 2138,35.09,81.13,3.97,10.31,680.17,20514.52,70.92,297.77,4.29,Subtropical,21194.69,0.033153924443543224,211.178484,0.014049273662412614,35.09
City 2139,-35.64,-139.47,5.05,11.49,883.28,29978.75,71.13,433.42,4.94,Subtropical,30862.03,0.02946255389054278,308.291646,0.014043794267583825,35.64
City 2140,51.56,-33.2,3.1,8.99,551.04,14485.14,71.08,198.85,3.69,Temperate,15036.18,0.03803911877146017,141.34258,0.013224768524984404,51.56
City 2141,46.48,139.1,3.77,11.63,644.77,30084.12,77.24,462.89,4.89,Temperate,30728.89,0.021431524953199454,357.536236,0.015063674607185615,46.48
City 2142,10.3,-163.01,6.76,4.17,1177.33,1391.81,71.42,36.15,2.78,Equatorial,2569.14,0.8452911739576826,25.81833,0.014070856395525352,10.3
City 2143,32.33,166.11,4.49,9.49,764.89,15884.5,74.68,240.67,4.11,Subtropical,16649.39,0.04815019986780397,179.732356,0.014455184243987318,32.33
City 2144,-19.13,64.5,5.64,6.43,960.29,5101.2,73.57,82.5,3.27,Tropical,6061.49,0.18821096781780408,60.695249999999994,0.013610514906400901,19.13
City 2145,1.25,47.3,6.9,5.24,1207.04,2715.34,75.51,58.96,3.14,Equatorial,3922.38,0.444362635016235,44.52069600000001,0.015031689943350721,1.25
City 2146,46.81,-82.6,4.06,9.74,703.13,17190.9,77.06,260.65,4.17,Temperate,17894.030000000002,0.040898911696787436,200.85689,0.014566310663388848,46.81
City 2147,-0.3,-90.43,7.27,1.0,1298.18,18.13,76.85,18.47,2.08,Equatorial,1316.3100000000002,67.86095138525876,14.194194999999997,0.014031649079624097,0.3
City 2148,-13.49,159.14,5.95,2.54,1046.61,302.65,75.16,18.48,2.26,Equatorial,1349.2599999999998,3.4467643668697514,13.889567999999999,0.013696396543290398,13.49
City 2149,4.25,-72.62,6.73,4.68,1175.43,1886.97,74.64,44.11,2.94,Equatorial,3062.4,0.622589341991663,32.923704,0.014403735632183907,4.25
City 2150,47.67,99.18,3.48,4.55,605.28,1796.52,73.98,33.54,2.42,Temperate,2401.8,0.33673060661355647,24.812892,0.013964526605046214,47.67
City 2151,-16.42,-38.48,5.11,7.72,894.39,8836.56,78.62,139.15,3.65,Tropical,9730.949999999999,0.10120327330168055,109.39973000000002,0.014299734352761037,16.42
City 2152,-37.41,-129.87,4.51,9.92,768.53,18759.55,73.31,278.88,4.26,Subtropical,19528.079999999998,0.04096521690462167,204.446928,0.014280973859181242,37.41
City 2153,32.56,-176.14,5.67,8.07,1013.94,9883.15,72.59,155.04,3.78,Subtropical,10897.09,0.10258241730447232,112.543536,0.014227651602400273,32.56
City 2154,47.38,15.93,3.24,5.93,583.46,3938.89,77.43,68.11,2.82,Temperate,4522.35,0.1480904289206044,52.737573000000005,0.015060753811624486,47.38
City 2155,-46.92,171.28,3.33,12.14,572.02,35208.53,73.6,484.66,4.95,Temperate,35780.549999999996,0.016246169715983146,356.70976,0.013545347961392435,46.92
City 2156,-28.82,-47.11,4.55,11.97,778.55,32542.85,78.47,506.72,5.17,Tropical,33321.4,0.02392310682356267,397.62318400000004,0.015207044121795603,28.82
City 2157,-41.54,-51.41,4.45,8.52,763.62,12363.23,73.28,173.35,3.75,Subtropical,13126.85,0.06176041694468641,127.03088,0.013205757664633937,41.54
City 2158,-14.77,-56.13,6.19,6.75,1093.31,5814.25,77.02,99.01,3.49,Equatorial,6907.5599999999995,0.1880073943510597,76.257502,0.01433357075436189,14.77
City 2159,-1.45,7.4,6.82,4.65,1204.32,1940.16,70.45,41.64,2.9,Equatorial,3144.48,0.6204125368336458,29.33538,0.013242253091131126,1.45
City 2160,37.35,-21.36,3.93,9.06,700.83,13464.07,73.86,205.78,3.86,Subtropical,14164.9,0.05204800272111471,151.989108,0.014527458718381351,37.35
City 2161,24.65,136.77,5.32,6.17,944.53,4526.09,73.43,75.45,3.15,Tropical,5470.62,0.20863954549169553,55.40293500000001,0.013791855402129924,24.65
City 2162,20.72,1.99,4.77,5.99,831.87,4225.38,78.17,71.24,3.06,Tropical,5057.25,0.19682801830408056,55.688308,0.014086707202531018,20.72
City 2163,-14.19,2.79,6.08,7.68,1070.57,9019.6,79.67,150.37,3.8,Equatorial,10090.17,0.11868057557146973,119.799779,0.014902623047976397,14.19
City 2164,49.39,-130.19,3.98,14.8,703.74,64856.3,74.61,929.25,6.37,Temperate,65560.04000000001,0.010850590450111244,693.3134249999999,0.014174030400225501,49.39
City 2165,1.27,173.79,6.29,1.0,1100.8,18.56,78.25,17.43,1.96,Equatorial,1119.36,56.27811860940695,13.638975,0.015571397941680961,1.27
City 2166,67.28,-90.01,1.52,10.47,266.31,21972.55,77.0,340.45,4.1,Polar,22238.86,0.012119571029715271,262.1465,0.015308788310192159,67.28
City 2167,22.44,-153.59,6.22,3.29,1097.35,674.76,79.67,25.93,2.55,Tropical,1772.11,1.6238753403575232,20.658431,0.014632274520204729,22.44
City 2168,-43.59,58.73,3.64,12.34,639.64,35930.32,78.11,524.75,5.15,Subtropical,36569.96,0.017801739540879654,409.88222499999995,0.014349209022924827,43.59
City 2169,27.9,34.33,5.61,5.32,990.66,2759.15,70.77,48.64,2.91,Tropical,3749.81,0.3589152763436769,34.422528,0.012971323880409941,27.9
City 2170,-17.74,-30.55,5.68,2.17,1000.67,200.22,77.13,18.13,2.15,Tropical,1200.8899999999999,4.973014610873671,13.983668999999997,0.015097136290584484,17.74
City 2171,29.22,-28.01,4.87,8.52,863.54,12247.71,75.35,177.96,3.84,Tropical,13111.25,0.07050048535723354,134.09286,0.013573076556392411,29.22
City 2172,-50.95,102.62,3.65,13.46,644.48,46040.52,70.16,597.94,5.46,Temperate,46685.0,0.013997800246386307,419.514704,0.012807968298168578,50.95
City 2173,-37.27,-109.54,3.95,9.39,691.93,15345.3,72.51,221.84,3.96,Subtropical,16037.23,0.04508774101900784,160.856184,0.013832812773777018,37.27
City 2174,51.25,115.29,3.48,9.64,615.16,16360.04,79.22,248.71,4.06,Temperate,16975.2,0.037599076831301675,197.02806199999998,0.01465137376879212,51.25
City 2175,-30.47,53.55,4.68,8.07,816.04,10176.94,79.26,158.45,3.71,Subtropical,10992.98,0.08017732468456289,125.58747,0.014413744043926214,30.47
City 2176,48.82,-29.17,2.92,12.42,503.92,35670.2,77.99,528.12,5.07,Temperate,36174.119999999995,0.01412680257462603,411.88078799999994,0.014599387628503473,48.82
City 2177,-23.69,-15.11,5.51,4.18,936.8,1451.55,79.82,35.36,2.68,Tropical,2388.35,0.6449347698874394,28.224352,0.014805200242845479,23.69
City 2178,23.57,-87.61,5.22,6.08,916.3,4342.61,78.07,78.09,3.16,Tropical,5258.91,0.2109535616687502,60.964862999999994,0.014849084696258352,23.57
City 2179,30.24,90.76,4.8,5.89,845.18,3946.41,70.1,67.04,2.96,Subtropical,4791.59,0.21411001137454685,46.995039999999996,0.013991180380625221,30.24
City 2180,6.65,4.63,5.93,1.74,1065.7,101.56,72.88,15.52,2.03,Equatorial,1167.26,10.390990639625585,11.310975999999998,0.013296095128763086,6.65
City 2181,-20.31,-64.49,6.37,5.21,1106.63,2558.56,70.31,48.3,2.99,Tropical,3665.19,0.43235165419056404,33.95973,0.0131780344265918,20.31
City 2182,-32.36,34.58,5.17,10.0,899.87,19893.21,70.94,293.01,4.38,Subtropical,20793.079999999998,0.04523275867702211,207.861294,0.014091707433434585,32.36
City 2183,-55.69,178.46,3.58,10.99,616.53,25525.17,72.19,372.78,4.52,Temperate,26141.699999999997,0.024152859594682635,269.10988199999997,0.014259975441535937,55.69
City 2184,-20.49,-23.31,5.41,7.66,924.06,8981.91,75.04,139.66,3.64,Tropical,9905.97,0.10286866950687472,104.800864,0.014098568842829123,20.49
City 2185,24.91,151.45,4.39,6.86,780.52,6150.61,78.48,105.51,3.28,Tropical,6931.129999999999,0.12688060523992906,82.804248,0.015222626036447163,24.91
City 2186,61.98,-55.79,3.64,11.51,627.52,29584.08,78.62,431.71,4.81,Polar,30211.600000000002,0.021210691334956674,339.41040200000003,0.014289544413404121,61.98
City 2187,53.26,-160.3,3.24,7.32,570.79,7116.29,76.16,113.73,3.22,Temperate,7687.08,0.08019765950242297,86.616768,0.014794954651180943,53.26
City 2188,39.59,-106.47,3.85,7.19,681.76,7145.41,79.28,123.77,3.32,Subtropical,7827.17,0.09539894856298477,98.124856,0.01581286723042939,39.59
City 2189,42.5,-29.27,4.23,8.73,739.65,12992.82,75.0,196.46,3.82,Subtropical,13732.47,0.05692321426647437,147.345,0.014306239154354607,42.5
City 2190,26.45,-100.93,5.73,7.34,1024.71,7729.32,78.89,131.19,3.63,Tropical,8754.029999999999,0.13255725506835422,103.495791,0.01498624062289026,26.45
City 2191,-26.16,-179.92,5.16,7.42,899.59,7972.03,74.54,121.51,3.51,Tropical,8871.619999999999,0.11282912518829104,90.573554,0.01369648384398791,26.16
City 2192,57.94,149.4,3.58,9.45,619.46,15560.9,72.77,226.87,3.93,Temperate,16180.36,0.039806193331148515,165.093299,0.014021319673975116,57.94
City 2193,27.2,123.8,5.64,5.78,1008.95,3844.44,79.16,73.7,3.15,Tropical,4853.39,0.2623756969293501,58.34092,0.015185262259987349,27.2
City 2194,12.86,87.23,5.56,13.18,993.42,45770.16,73.88,666.92,5.8,Equatorial,46763.58,0.021704059936431583,492.7204959999999,0.0142615257428965,12.86
City 2195,-45.57,-119.59,3.47,10.82,596.13,23018.72,75.03,319.87,4.42,Temperate,23614.850000000002,0.025896492224927146,239.99846100000002,0.013545290357550439,45.57
City 2196,-1.88,-136.67,7.35,5.22,1250.89,2828.52,73.29,57.1,3.17,Equatorial,4079.41,0.4420855834205095,41.84859,0.013997122132857448,1.88
City 2197,-0.15,-155.66,5.63,3.43,962.67,751.25,76.63,25.2,2.47,Equatorial,1713.92,1.2797208374875373,19.31076,0.014703136669156085,0.15
City 2198,52.39,80.65,3.26,8.11,563.15,10341.65,79.95,160.55,3.53,Temperate,10904.8,0.05444929490991187,128.35972500000003,0.014722874330570027,52.39
City 2199,11.06,154.37,5.51,4.78,990.29,2038.99,70.26,39.19,2.74,Equatorial,3029.2799999999997,0.48543865411104953,27.534893999999998,0.012937067554006233,11.06
City 2200,-10.55,-25.01,6.02,5.79,1057.61,3863.29,79.0,72.12,3.2,Equatorial,4920.9,0.27368805136260477,56.9748,0.014655855636164119,10.55
City 2201,66.98,-137.11,2.16,6.0,375.56,3926.57,70.04,58.53,2.59,Polar,4302.13,0.09562146568998134,40.994412000000004,0.01360488874115845,66.98
City 2202,-45.61,4.46,3.63,4.64,649.08,1894.12,73.64,35.98,2.47,Temperate,2543.2,0.3425007387394994,26.495672,0.014147530670022019,45.61
City 2203,-5.07,-54.42,6.37,2.91,1111.6,466.89,71.69,22.28,2.39,Equatorial,1578.4899999999998,2.3757720831819444,15.972532000000001,0.014114755240768079,5.07
City 2204,-54.54,-45.06,2.63,9.97,456.06,18493.18,77.57,273.28,4.04,Temperate,18949.24,0.024659649684387195,211.98329599999997,0.01442168656896002,54.54
City 2205,36.19,43.68,5.61,7.02,1007.01,6675.34,70.51,107.38,3.42,Subtropical,7682.35,0.15083264183669495,75.713638,0.01397749386580929,36.19
City 2206,59.35,78.74,3.78,13.63,674.58,46245.24,75.53,690.65,5.71,Temperate,46919.82,0.014586699372749007,521.6479449999999,0.014719792190166118,59.35
City 2207,-23.6,-140.18,4.77,2.65,850.66,363.09,72.95,16.64,2.1,Tropical,1213.75,2.336400340575133,12.138880000000002,0.013709577754891865,23.6
City 2208,51.58,-167.19,4.18,7.28,732.04,7701.84,71.34,109.44,3.29,Temperate,8433.880000000001,0.09503507797124176,78.074496,0.012976233951633174,51.58
City 2209,-22.01,177.96,5.26,10.0,935.63,19617.31,77.72,295.73,4.46,Tropical,20552.940000000002,0.04769167170872516,229.84135600000002,0.014388695729175484,22.01
City 2210,58.4,-96.22,2.98,10.17,511.36,20729.55,72.17,305.28,4.13,Temperate,21240.91,0.024666976997715934,220.320576,0.01437226559502394,58.4
City 2211,38.02,-160.62,4.31,10.01,756.93,18795.82,72.24,263.0,4.22,Subtropical,19552.75,0.040269045508761585,189.9912,0.013450793366661978,38.02
City 2212,44.64,-111.64,3.55,13.59,637.61,46828.97,72.75,644.37,5.57,Subtropical,47466.58,0.013615426189681522,468.779175,0.013575235460401824,44.64
City 2213,-57.66,-165.98,3.46,8.03,597.54,9860.68,75.87,145.83,3.47,Temperate,10458.220000000001,0.06059211006643898,110.64122100000003,0.01394405548936626,57.66
City 2214,65.17,-38.95,2.5,10.27,445.1,19586.76,76.6,300.95,4.13,Polar,20031.859999999997,0.02272337418877912,230.52769999999998,0.015023567457040936,65.17
City 2215,34.47,108.86,4.35,6.77,760.66,6159.99,70.18,90.1,3.15,Subtropical,6920.65,0.12346392381743843,63.23218,0.0130190083301424,34.47
City 2216,-20.38,-57.15,4.92,1.15,838.52,27.94,72.42,11.71,1.73,Tropical,866.46,28.97442985487215,8.480382,0.013514761212289084,20.38
City 2217,47.82,-20.09,3.21,8.01,569.43,10164.05,74.31,150.18,3.42,Temperate,10733.48,0.05601841604320687,111.59875800000002,0.013991734274438486,47.82
City 2218,-23.4,63.21,4.54,8.54,779.65,11326.61,73.32,167.47,3.76,Tropical,12106.26,0.06882740489829717,122.78900399999999,0.013833339115465883,23.4
City 2219,53.46,3.2,3.26,10.7,575.5,24047.89,78.84,365.41,4.46,Temperate,24623.39,0.02393041841016363,288.089244,0.014839955018378868,53.46
City 2220,-45.36,130.12,3.23,10.08,551.21,18769.98,77.88,286.0,4.18,Temperate,19321.19,0.029365009179062578,222.73680000000002,0.014802400887315948,45.36
City 2221,31.48,131.77,4.66,6.21,836.98,4327.17,76.26,77.3,3.09,Subtropical,5164.15,0.19337965005995605,58.94898,0.014968581470329097,31.48
City 2222,10.29,-176.43,6.96,3.39,1204.32,756.53,73.38,28.26,2.62,Equatorial,1960.85,1.589798423824799,20.737188,0.014412117194074,10.29
City 2223,-47.45,100.1,4.28,11.92,736.97,31421.1,77.01,485.29,5.07,Temperate,32158.07,0.02345387482058806,373.72182900000007,0.015090768817904807,47.45
City 2224,-28.55,-14.14,4.99,5.61,853.9,3434.18,78.44,61.22,2.99,Tropical,4288.08,0.24857503828038124,48.020967999999996,0.014276785880860432,28.55
City 2225,-58.39,175.98,2.87,10.57,514.93,22593.14,75.95,343.97,4.31,Temperate,23108.07,0.022790422649412632,261.24521500000003,0.014885276009636461,58.39
City 2226,0.94,-6.04,7.5,4.5,1328.39,1662.65,77.84,42.47,3.04,Equatorial,2991.04,0.7984792474378626,33.058648,0.01419907456938055,0.94
City 2227,-20.84,175.28,5.8,9.74,1029.35,18342.6,77.49,273.95,4.44,Tropical,19371.949999999997,0.05611493927037223,212.28385499999996,0.014141580997266668,20.84
City 2228,17.79,91.64,5.59,8.21,978.4,10450.8,75.72,172.18,3.86,Tropical,11429.199999999999,0.09361066993245183,130.374696,0.01506492142932139,17.79
City 2229,-21.36,-90.5,4.79,2.9,837.36,473.73,73.12,18.83,2.17,Tropical,1311.0900000000001,1.7638657763360226,13.768496,0.014362095660862334,21.36
City 2230,-21.01,13.82,5.73,3.13,979.75,583.9,77.46,23.14,2.41,Tropical,1563.65,1.6750726619935032,17.924243999999998,0.01479870815080101,21.01
City 2231,36.62,177.17,4.85,9.11,851.93,14517.1,72.07,218.75,4.01,Subtropical,15369.03,0.058680543597302674,157.653125,0.014233168911766065,36.62
City 2232,-53.74,128.71,2.92,9.21,504.0,14550.84,77.79,233.99,3.84,Temperate,15054.84,0.03463479532485239,182.02082100000004,0.015542509917076503,53.74
City 2233,57.38,-144.95,3.13,8.6,562.55,11702.69,78.05,184.0,3.65,Temperate,12265.24,0.048066037292512014,143.612,0.015001744768141513,57.38
City 2234,50.79,74.29,3.26,11.62,580.63,29932.68,78.22,458.88,4.82,Temperate,30513.31,0.01939721410798806,358.935936,0.015038683118940554,50.79
City 2235,26.81,-55.59,5.03,7.15,876.04,6901.61,74.73,113.39,3.42,Tropical,7777.65,0.12691431212251597,84.73634700000001,0.014578953797098096,26.81
City 2236,17.12,-177.49,4.56,5.84,781.72,3746.4,71.92,60.14,2.92,Tropical,4528.12,0.2086032982868122,43.252688,0.01328145013824722,17.12
City 2237,56.0,-34.75,2.97,11.55,528.07,29803.12,71.0,394.82,4.6,Temperate,30331.19,0.017718020193181347,280.3222,0.013016963726118231,56.0
City 2238,-35.91,-95.49,4.97,6.65,851.17,5707.11,77.43,99.12,3.29,Subtropical,6558.28,0.1491159070165081,76.74861600000001,0.015113718840915608,35.91
City 2239,-49.73,114.79,3.2,12.89,550.56,38789.69,78.86,579.85,5.31,Temperate,39340.25,0.014193096333166538,457.26971000000003,0.014739357274038675,49.73
City 2240,-28.86,-58.56,5.01,4.92,861.58,2219.32,76.51,43.07,2.77,Tropical,3080.9,0.3880431649491965,32.952857,0.013979681261968906,28.86
City 2241,43.3,117.91,3.59,9.97,630.53,18664.96,71.44,256.81,4.09,Subtropical,19295.489999999998,0.03377967165899852,183.46506399999998,0.013309327723732335,43.3
City 2242,-55.49,-179.78,3.3,13.13,586.21,41219.34,79.35,620.89,5.45,Temperate,41805.549999999996,0.014221377116248922,492.67621499999996,0.014851855794266552,55.49
City 2243,15.76,-69.19,5.79,2.13,1002.19,179.32,79.89,18.81,2.19,Tropical,1181.51,5.557841614906833,15.027309,0.015920305371939298,15.76
City 2244,69.41,-93.18,1.67,10.08,285.64,18554.22,74.33,271.63,3.9,Polar,18839.86,0.015394050838524144,201.902579,0.014417835376696005,69.41
City 2245,51.24,-95.92,4.08,11.98,712.46,34370.84,75.95,507.9,5.08,Temperate,35083.299999999996,0.020728014560756715,385.75005,0.014476973374796557,51.24
City 2246,7.79,-155.45,6.92,7.67,1228.05,8793.16,77.77,155.39,3.91,Equatorial,10021.21,0.1396438090732941,120.84680299999998,0.015506111537429113,7.79
City 2247,-51.73,-112.64,3.08,8.74,529.86,12150.44,77.36,194.3,3.68,Temperate,12680.300000000001,0.043604708577748806,150.31048,0.015322981317476716,51.73
City 2248,48.08,20.0,3.88,6.97,668.72,6111.77,79.68,102.78,3.24,Temperate,6780.490000000001,0.10939721272025611,81.895104,0.015158196531519107,48.08
City 2249,17.87,-75.11,6.02,8.18,1080.06,10626.16,71.15,165.01,3.86,Tropical,11706.22,0.10163204468550394,117.40461499999999,0.014095925072311985,17.87
City 2250,-45.06,-29.74,4.17,11.46,748.16,28448.4,75.81,416.29,4.83,Temperate,29196.56,0.02629791840952709,315.589449,0.014258186580884872,45.06
City 2251,-47.8,-44.33,2.81,5.87,504.99,3955.35,76.92,63.34,2.73,Temperate,4460.34,0.12764037559872105,48.72112800000001,0.014200711156548603,47.8
City 2252,58.25,135.33,3.43,6.82,610.04,6282.91,78.9,100.43,3.13,Temperate,6892.95,0.09707968446397226,79.23927000000002,0.014569959161171923,58.25
City 2253,27.0,145.91,4.83,7.26,829.4,7354.82,78.74,124.53,3.47,Tropical,8184.219999999999,0.11275425445429606,98.05492199999999,0.015215866631151168,27.0
City 2254,47.81,-2.54,3.47,10.35,598.04,20396.22,79.78,318.27,4.35,Temperate,20994.260000000002,0.02931968179977467,253.91580599999998,0.01515985798022888,47.81
City 2255,54.27,-61.14,4.52,8.68,783.82,12790.38,75.12,196.99,3.85,Temperate,13574.199999999999,0.06127720386697918,147.978888,0.014512089110223808,54.27
City 2256,14.33,-141.55,6.15,7.13,1064.69,7221.18,78.31,125.7,3.63,Equatorial,8285.87,0.14741947722155915,98.43567000000002,0.015170404556190236,14.33
City 2257,7.27,163.23,6.3,2.95,1130.92,492.63,74.27,21.76,2.41,Equatorial,1623.5500000000002,2.2910276928063533,16.161152,0.013402728588586738,7.27
City 2258,-4.04,-158.32,5.61,1.0,998.72,19.36,74.22,13.68,1.81,Equatorial,1018.08,49.053045186640475,10.153296,0.013437057991513436,4.04
City 2259,-18.8,-72.85,6.38,4.82,1130.63,2091.15,72.53,44.55,2.91,Tropical,3221.78,0.5404153621872237,32.312115,0.013827759809794584,18.8
City 2260,-3.5,-72.7,6.08,4.51,1045.29,1719.3,78.18,39.73,2.84,Equatorial,2764.59,0.6076207638202639,31.060914000000004,0.014371027892020154,3.5
City 2261,40.6,-64.66,3.66,7.37,654.77,7796.52,79.86,130.02,3.35,Subtropical,8451.29,0.08397157044803988,103.83397200000002,0.015384633588481758,40.6
City 2262,18.25,-120.86,5.56,2.93,990.66,498.67,72.56,20.65,2.28,Tropical,1489.33,1.9826285348329897,14.983640000000001,0.013865295132710682,18.25
City 2263,56.03,101.94,3.79,5.06,649.86,2500.4,70.56,42.62,2.57,Temperate,3150.26,0.25979851283281363,30.072671999999997,0.013529042047323076,56.03
City 2264,-2.36,-135.9,7.22,2.95,1290.54,503.09,78.16,26.08,2.59,Equatorial,1793.6299999999999,2.560138070582634,20.384127999999997,0.014540345556218396,2.36
City 2265,18.92,48.57,5.6,8.14,966.65,9880.03,76.2,159.35,3.83,Tropical,10846.68,0.09782887006718935,121.42469999999999,0.014691131295474743,18.92
City 2266,22.07,-135.42,5.61,9.35,958.11,15047.6,79.6,250.46,4.3,Tropical,16005.710000000001,0.06366771659822176,199.36615999999998,0.015648165560915448,22.07
City 2267,16.92,-154.61,5.52,8.66,973.84,12387.16,72.52,193.76,3.96,Tropical,13361.0,0.07861054426161755,140.514752,0.014501908539779956,16.92
City 2268,31.34,147.39,4.88,5.09,860.77,2426.64,70.71,45.74,2.74,Subtropical,3287.41,0.3545706941721178,32.342754,0.0139136888918632,31.34
City 2269,-29.13,-111.55,5.0,4.03,854.29,1260.39,74.92,30.29,2.51,Tropical,2114.6800000000003,0.6772607995940985,22.693268,0.014323680178561293,29.13
City 2270,6.61,115.65,7.02,5.9,1216.11,3821.12,70.85,65.62,3.28,Equatorial,5037.23,0.3181768233336473,46.491769999999995,0.013027000950919456,6.61
City 2271,-46.45,16.07,4.23,10.23,761.46,20983.0,72.62,305.75,4.33,Temperate,21744.46,0.03628764773160503,222.03565000000003,0.01406105279229744,46.45
City 2272,-10.01,-151.97,6.55,6.0,1157.24,4240.87,71.26,76.45,3.26,Equatorial,5398.11,0.27281364115354784,54.47827,0.01416236423488962,10.01
City 2273,3.4,163.96,6.58,1.0,1166.83,18.93,72.24,15.78,1.94,Equatorial,1185.76,58.546412443552434,11.399471999999998,0.013307920658480637,3.4
City 2274,24.79,-91.09,5.64,4.31,970.06,1471.83,71.06,32.12,2.64,Tropical,2441.89,0.6586367741015596,22.824472,0.013153745664219108,24.79
City 2275,63.57,129.47,2.5,10.28,427.68,20976.42,79.54,311.52,4.18,Polar,21404.1,0.020387635848450384,247.783008,0.014554220920290973,63.57
City 2276,18.08,-119.23,5.19,7.03,897.21,6933.23,72.79,110.99,3.39,Tropical,7830.44,0.12938855503783406,80.78962100000001,0.014174171566348762,18.08
City 2277,36.67,127.42,4.23,9.58,729.91,16947.16,74.44,247.55,4.11,Subtropical,17677.07,0.04306721201593565,184.27622,0.014004017634144121,36.67
City 2278,5.81,-175.24,6.64,4.94,1143.55,2181.36,78.99,47.6,3.04,Equatorial,3324.91,0.5239969574222401,37.59924,0.014316176979226507,5.81
City 2279,22.43,4.24,5.88,7.07,1011.75,6374.15,76.77,111.99,3.54,Tropical,7385.9,0.1587021481847486,85.974723,0.015162674826358332,22.43
City 2280,-50.78,97.0,3.35,9.29,589.41,14945.7,76.18,226.22,3.89,Temperate,15535.11,0.03943412258224223,172.33439600000003,0.0145618537622199,50.78
City 2281,-26.93,156.53,4.51,8.41,781.56,10927.87,77.06,168.38,3.76,Tropical,11709.43,0.07151334035449226,129.75362800000002,0.014379863067630106,26.93
City 2282,-12.96,147.31,6.12,6.08,1090.83,4406.89,78.29,80.43,3.29,Equatorial,5497.72,0.24747214653723207,62.96864700000001,0.014629701039703732,12.96
City 2283,1.42,115.06,6.96,4.31,1195.49,1572.85,78.78,40.52,2.92,Equatorial,2768.34,0.7595958954157004,31.921656000000002,0.014636930434845432,1.42
City 2284,-54.07,139.75,3.31,8.74,577.79,12344.15,76.43,186.76,3.69,Temperate,12921.939999999999,0.04680299550835753,142.740668,0.014452938181109029,54.07
City 2285,-41.8,-108.28,4.53,8.38,771.43,10987.38,78.9,173.25,3.78,Subtropical,11758.81,0.07020416112293168,136.69425,0.014733633760559105,41.8
City 2286,-24.01,-77.69,5.83,7.61,1018.91,8150.32,75.35,131.94,3.68,Tropical,9169.23,0.12499938660241532,99.41678999999998,0.01438943073736835,24.01
City 2287,66.3,-75.97,2.06,11.3,351.68,28583.03,72.77,411.59,4.45,Polar,28934.71,0.01230337359707501,299.51404299999996,0.014224784005092845,66.3
City 2288,-16.92,-44.26,5.51,6.64,990.07,5575.35,78.8,100.1,3.38,Tropical,6565.42,0.17754803769490796,78.8788,0.01524654934490101,16.92
City 2289,2.67,-38.4,6.29,7.62,1119.62,8555.97,75.41,135.64,3.76,Equatorial,9675.59,0.13084304374095035,102.28612399999999,0.014018783350679388,2.67
City 2290,-34.51,16.04,4.93,8.11,862.94,10058.19,79.06,164.55,3.76,Subtropical,10921.130000000001,0.08578623129695333,130.09323000000003,0.015067122175086278,34.51
City 2291,19.4,-122.44,6.37,4.32,1087.79,1550.4,70.4,36.55,2.75,Tropical,2638.19,0.7011666881526363,25.731199999999998,0.013854195490089795,19.4
City 2292,-23.51,68.85,5.2,8.56,914.22,11774.59,73.98,170.24,3.87,Tropical,12688.81,0.0776368742457915,125.94355200000001,0.013416545759610241,23.51
City 2293,-33.09,-119.68,4.56,3.89,810.32,1102.6,79.48,27.6,2.46,Subtropical,1912.92,0.7342515404131933,21.936480000000003,0.014428204002258327,33.09
City 2294,7.15,-68.29,7.23,2.01,1243.33,156.92,72.5,19.4,2.29,Equatorial,1400.25,7.873163627152989,14.065,0.013854668809141223,7.15
City 2295,-59.28,1.2,3.1,10.77,545.12,23950.08,79.42,375.02,4.48,Temperate,24495.2,0.022759725239947425,297.840884,0.015309938273620953,59.28
City 2296,-59.0,106.72,3.09,11.19,550.08,26053.08,79.54,389.83,4.6,Temperate,26603.160000000003,0.021113008020240975,310.070782,0.014653522363508694,59.0
City 2297,-31.52,86.21,4.2,4.04,745.92,1206.13,78.82,29.99,2.44,Subtropical,1952.0500000000002,0.6179284749778399,23.638117999999995,0.015363335980123457,31.52
City 2298,-55.23,52.39,3.47,8.57,618.39,11775.35,75.64,180.85,3.66,Temperate,12393.74,0.052511177062502384,136.79494,0.01459204404804361,55.23
City 2299,-45.96,-123.92,3.32,7.08,593.32,6684.1,76.47,110.45,3.17,Temperate,7277.42,0.08875259906358918,84.461115,0.015177081987847342,45.96
City 2300,-15.95,16.94,5.32,4.38,953.68,1616.07,78.7,37.08,2.7,Tropical,2569.75,0.5897580191333709,29.18196,0.014429419204202742,15.95
City 2301,44.34,-148.52,3.72,10.79,648.02,24927.65,77.76,387.86,4.57,Subtropical,25575.670000000002,0.025994989700605525,301.599936,0.015165194108306839,44.34
City 2302,14.37,-44.15,5.7,7.2,1001.68,6753.62,76.3,107.5,3.53,Equatorial,7755.3,0.14829553698061473,82.0225,0.0138614882725362,14.37
City 2303,6.65,-31.13,6.42,4.62,1142.86,1819.36,79.82,45.23,2.94,Equatorial,2962.22,0.6278208705970247,36.102585999999995,0.015268953690137803,6.65
City 2304,-21.85,-165.67,4.75,4.82,840.66,2058.7,76.86,42.57,2.71,Tropical,2899.3599999999997,0.4081468174976939,32.719302,0.014682550631863585,21.85
City 2305,61.13,-81.36,3.2,6.74,575.94,5815.43,79.75,95.71,3.08,Polar,6391.370000000001,0.09901950165307587,76.32872499999999,0.014974880190006208,61.13
City 2306,-8.39,164.03,6.98,8.39,1186.99,11135.25,70.57,171.22,4.05,Equatorial,12322.24,0.10658794477494668,120.82995399999999,0.013895200872568625,8.39
City 2307,-48.68,163.31,2.62,10.35,454.51,21561.5,71.39,283.05,4.09,Temperate,22016.01,0.021078724637681158,202.06939500000001,0.012856553026638344,48.68
City 2308,20.22,-53.16,6.07,4.26,1049.64,1424.21,74.51,35.1,2.73,Tropical,2473.8500000000004,0.7364809396509988,26.153010000000005,0.014188410776724537,20.22
City 2309,-45.2,-164.48,3.43,10.32,592.21,21085.2,73.85,295.11,4.24,Temperate,21677.41,0.028085193159507166,217.93873499999998,0.013613711232107526,45.2
City 2310,-15.12,-115.53,6.37,5.34,1097.08,3004.25,77.83,62.2,3.11,Tropical,4101.33,0.3650544879793694,48.41026,0.015165812065842057,15.12
City 2311,5.96,-38.8,6.55,3.88,1159.65,1156.52,71.61,30.0,2.66,Equatorial,2316.17,1.0018401409910844,21.483,0.012952417136911367,5.96
City 2312,53.65,161.2,3.26,10.45,556.79,22748.32,79.76,365.51,4.41,Temperate,23305.11,0.024475017275241633,291.530776,0.01568368482277063,53.65
City 2313,4.16,-129.17,6.62,2.56,1173.82,328.84,73.15,21.63,2.35,Equatorial,1502.6599999999999,3.5587557603686637,15.822345,0.01439447379979503,4.16
City 2314,31.29,94.87,5.42,6.27,958.19,4883.43,74.29,85.34,3.21,Subtropical,5841.620000000001,0.1961723271702123,63.399086000000004,0.014608961212814253,31.29
City 2315,69.07,-140.87,1.55,11.21,266.62,26019.16,72.75,350.04,4.26,Polar,26285.78,0.010246670274125909,254.6541,0.013316705838670187,69.07
City 2316,-42.91,173.25,4.3,7.04,741.95,6423.83,75.79,104.61,3.29,Subtropical,7165.78,0.11548165476751915,79.28391900000001,0.014598550332273667,42.91
City 2317,-24.28,-42.62,5.85,8.1,1031.42,9577.1,70.59,135.0,3.76,Tropical,10608.52,0.10768524028773974,95.2965,0.012725620538963022,24.28
City 2318,-8.71,99.08,6.75,9.54,1198.74,16872.8,71.5,254.48,4.44,Equatorial,18071.54,0.07104149628418022,181.9532,0.014081810404647305,8.71
City 2319,-5.16,-56.67,7.5,2.63,1340.74,361.76,77.46,25.64,2.54,Equatorial,1702.5,3.6959422207520123,19.860744,0.015060205580029368,5.16
City 2320,-6.57,45.96,6.28,1.0,1120.37,18.37,71.87,15.6,1.89,Equatorial,1138.7399999999998,57.84047496128032,11.21172,0.01369935191527478,6.57
City 2321,57.99,-110.87,3.42,4.79,614.29,2124.34,72.36,38.56,2.47,Temperate,2738.63,0.28903140203449795,27.902016000000003,0.014080032717088471,57.99
City 2322,32.82,-127.43,4.65,6.91,817.4,6421.03,77.93,102.6,3.32,Subtropical,7238.429999999999,0.12728062621943528,79.95618,0.014174344436569808,32.82
City 2323,19.03,157.7,6.28,4.24,1125.52,1518.67,70.93,35.74,2.72,Tropical,2644.19,0.7406344798541789,25.350382000000003,0.013516426580540733,19.03
City 2324,-19.78,150.35,5.61,6.5,999.32,5293.17,74.37,86.97,3.3,Tropical,6292.49,0.18875857783184144,64.679589,0.01382123769763639,19.78
City 2325,47.09,139.49,3.51,9.04,628.03,14735.13,70.23,215.2,3.78,Temperate,15363.16,0.04261838080961555,151.13495999999998,0.014007534908182951,47.09
City 2326,64.16,45.16,3.16,6.41,537.91,4917.11,73.47,79.01,2.9,Polar,5455.0199999999995,0.10937331617226943,58.048647,0.014483906566795358,64.16
City 2327,46.76,110.98,3.48,4.14,625.45,1325.33,76.99,29.24,2.34,Temperate,1950.78,0.4715643919688163,22.511875999999997,0.014988876244374045,46.76
City 2328,-59.8,-155.15,2.11,10.72,368.32,23509.18,70.9,336.34,4.18,Temperate,23877.5,0.0156664049360745,238.46506000000002,0.01408606428646215,59.8
City 2329,22.73,-59.48,5.15,6.61,916.66,5424.4,78.88,93.51,3.31,Tropical,6341.0599999999995,0.16895712758506287,73.760688,0.014746745812214364,22.73
City 2330,-53.35,-67.07,3.57,8.27,612.27,10185.15,79.09,169.11,3.62,Temperate,10797.42,0.06010808794294213,133.74909900000003,0.015662074828986926,53.35
City 2331,-26.51,48.83,5.84,2.51,1015.97,307.14,71.05,17.53,2.2,Tropical,1323.1100000000001,3.2971052119166613,12.455065,0.013249087377466726,26.51
City 2332,-52.26,-51.86,3.4,10.4,586.75,21968.2,79.91,350.83,4.4,Temperate,22554.95,0.026707845529195418,280.34825299999994,0.01555445700389493,52.26
City 2333,18.49,-126.54,6.36,9.03,1100.54,14349.33,72.98,219.55,4.22,Tropical,15449.869999999999,0.07669091930290105,160.22759000000002,0.014210475557399514,18.49
City 2334,29.26,34.73,4.27,7.62,731.67,8271.46,70.84,115.04,3.39,Tropical,9003.13,0.08844648387541312,81.49433600000002,0.012777778394847127,29.26
City 2335,-45.12,113.18,3.62,6.39,644.61,4976.0,70.05,73.71,2.92,Temperate,5620.61,0.1295177817962628,51.633855,0.013114234931795659,45.12
City 2336,-10.1,-42.44,6.15,5.12,1045.84,2514.72,74.09,47.58,2.97,Equatorial,3560.5599999999995,0.41572194043852256,35.252022000000004,0.013363066483923878,10.1
City 2337,-0.69,-132.38,6.89,1.0,1193.61,18.03,76.3,18.48,2.02,Equatorial,1211.6399999999999,62.72254335260115,14.10024,0.015252055065861149,0.69
City 2338,-12.02,-109.19,6.2,7.85,1064.89,9241.56,73.32,137.87,3.78,Equatorial,10306.449999999999,0.11521591420558808,101.08628399999999,0.013377059996410017,12.02
City 2339,-44.27,-94.51,4.25,8.63,746.97,11733.58,78.37,186.67,3.82,Subtropical,12480.55,0.06365545251726096,146.293279,0.014956872894223412,44.27
City 2340,-5.54,-72.04,6.39,1.0,1102.55,18.16,77.17,16.93,1.96,Equatorial,1120.71,57.54436325678497,13.064881,0.015106494989783262,5.54
City 2341,37.65,51.41,4.43,7.01,765.23,6731.44,73.5,101.4,3.27,Subtropical,7496.67,0.1136630998568127,74.52900000000001,0.01352600554646263,37.65
City 2342,-50.77,36.34,3.42,10.24,598.73,19320.31,77.34,292.25,4.25,Temperate,19919.04,0.03098806447388919,226.02615000000003,0.014671891818079586,50.77
City 2343,-49.58,70.59,3.07,8.13,541.35,10683.73,79.4,171.27,3.51,Temperate,11225.08,0.0506657631966367,135.98838,0.015257797717254577,49.58
City 2344,-13.88,-49.5,5.97,4.7,1022.41,1973.58,70.93,38.93,2.79,Equatorial,2995.99,0.5177860608331899,27.613049,0.012994035360598668,13.88
City 2345,62.42,116.64,2.56,7.18,439.43,7394.76,73.06,111.94,3.05,Polar,7834.1900000000005,0.05941647646759765,81.783364,0.01428865013485759,62.42
City 2346,26.91,-106.53,5.03,8.11,868.13,9655.41,74.63,146.08,3.71,Tropical,10523.539999999999,0.08990194078337602,109.019504,0.01388126048839079,26.91
City 2347,28.23,-11.15,5.04,5.2,905.87,2697.43,74.98,49.77,2.84,Tropical,3603.2999999999997,0.3357026122597214,37.317546,0.013812338689534595,28.23
City 2348,-12.95,108.34,6.13,1.0,1066.67,18.7,75.42,15.65,1.9,Equatorial,1085.3700000000001,54.14568527918782,11.803230000000001,0.014419046039599398,12.95
City 2349,17.18,-115.14,5.58,4.79,982.29,2162.89,73.01,43.22,2.79,Tropical,3145.18,0.4539463651109807,31.554922,0.01374166184447313,17.18
City 2350,-58.68,-140.45,3.53,12.32,608.38,35020.17,76.67,541.99,5.14,Temperate,35628.549999999996,0.017371778270114907,415.543733,0.015212238499742485,58.68
City 2351,22.69,138.13,4.83,5.3,844.23,2760.35,76.45,54.45,2.86,Tropical,3604.58,0.3057308924982346,41.627025,0.015105782088343164,22.69
City 2352,58.73,-56.55,2.53,14.22,431.74,56661.3,75.78,820.58,5.87,Temperate,57093.04,0.007619528328359421,621.835524,0.014372680102513372,58.73
City 2353,19.63,66.19,7.02,7.04,1195.08,6530.4,71.14,102.87,3.62,Tropical,7725.48,0.1829745536944606,73.181718,0.013315677472467731,19.63
City 2354,53.58,-170.87,2.73,10.2,476.96,19165.5,74.77,273.92,4.09,Temperate,19642.46,0.024885085957269192,204.80998400000001,0.013945300130431729,53.58
City 2355,34.12,68.42,3.93,7.09,684.63,6695.27,73.56,100.62,3.22,Subtropical,7379.900000000001,0.10224050105506498,74.01607200000001,0.013634331088497135,34.12
City 2356,-44.33,-66.2,4.26,8.26,730.77,10889.81,74.91,166.17,3.67,Subtropical,11620.58,0.06709969230938746,124.47794699999999,0.014299630483160047,44.33
City 2357,57.32,-159.93,1.95,9.07,344.75,13825.38,79.22,220.13,3.66,Temperate,14170.13,0.024934219947665263,174.386986,0.015534790435938133,57.32
City 2358,-51.36,39.53,3.29,8.38,591.43,11103.29,74.81,162.91,3.55,Temperate,11694.720000000001,0.053261397171723714,121.87297099999999,0.013930218081322167,51.36
City 2359,9.42,-93.31,7.41,6.27,1289.68,4462.13,70.14,74.15,3.44,Equatorial,5751.81,0.28896312677425934,52.008810000000004,0.012891594124284356,9.42
City 2360,-41.52,-40.75,3.32,5.81,585.31,3766.02,74.39,61.34,2.76,Subtropical,4351.33,0.1553774601674533,45.630826000000006,0.014096839357162064,41.52
City 2361,-58.48,-150.99,1.92,7.16,344.09,7156.56,78.21,106.4,3.0,Temperate,7500.650000000001,0.0480736452087024,83.21544,0.01418543726210395,58.48
City 2362,-5.14,-127.02,5.89,1.71,1050.44,93.41,77.8,17.27,2.07,Equatorial,1143.8500000000001,11.12636373265544,13.43606,0.015098133496524892,5.14
City 2363,-21.64,-72.73,5.93,11.28,1036.3,27030.75,75.13,401.44,5.0,Tropical,28067.05,0.03833640071397523,301.60187199999996,0.014302892537690994,21.64
City 2364,3.18,-147.69,7.34,5.64,1301.89,3267.69,72.5,62.92,3.28,Equatorial,4569.58,0.3982910584974409,45.617,0.013769317967953292,3.18
City 2365,15.04,147.9,5.69,6.26,974.79,4525.19,74.65,76.37,3.24,Tropical,5499.98,0.21536656658248993,57.010205000000006,0.01388550503820014,15.04
City 2366,-54.31,-177.82,3.54,6.79,619.86,5725.62,75.64,95.08,3.1,Temperate,6345.48,0.10824185994530806,71.918512,0.01498389404741643,54.31
City 2367,-44.01,-5.81,4.61,9.96,797.33,18732.85,80.0,284.06,4.36,Subtropical,19530.18,0.04256092581076501,227.248,0.014544668815136368,44.01
City 2368,12.62,-135.63,7.01,4.97,1203.0,2340.99,76.44,53.48,3.09,Equatorial,3543.99,0.5136657287178853,40.880112,0.015090336033679553,12.62
City 2369,-15.39,-69.24,5.8,6.07,1010.66,4459.48,76.94,78.93,3.23,Tropical,5470.139999999999,0.2265809957672717,60.728742000000004,0.01442924678344613,15.39
City 2370,34.79,153.38,3.41,5.04,584.82,2320.01,74.91,43.0,2.56,Subtropical,2904.8300000000004,0.2519678932878359,32.211299999999994,0.014802931668978905,34.79
City 2371,24.8,-121.79,4.85,6.88,859.06,6253.86,73.54,101.79,3.3,Tropical,7112.92,0.13734280223698053,74.85636600000001,0.01431057849659493,24.8
City 2372,49.93,167.7,3.29,7.93,574.59,9513.07,78.13,143.51,3.44,Temperate,10087.66,0.060393711629197606,112.12436299999999,0.014226292321509645,49.93
City 2373,30.02,-105.91,4.77,5.09,836.03,2507.46,74.95,49.27,2.77,Subtropical,3343.49,0.3332841663809668,36.927865000000004,0.014736099106023947,30.02
City 2374,-4.11,86.96,6.62,6.25,1134.82,4812.0,79.95,92.06,3.44,Equatorial,5946.82,0.2357822563889466,73.60197,0.015480542542064499,4.11
City 2375,27.49,16.8,5.64,2.9,965.9,451.03,74.57,19.09,2.3,Tropical,1416.9299999999998,2.1368050793088953,14.235413,0.013472789763785086,27.49
City 2376,-24.2,138.41,5.94,7.83,1045.01,8686.63,70.68,125.65,3.7,Tropical,9731.64,0.12028712088337096,88.80942,0.012911492821353853,24.2
City 2377,-20.18,19.44,5.5,7.73,989.47,8932.07,76.83,146.89,3.7,Tropical,9921.539999999999,0.11076483224692071,112.855587,0.014805161295524687,20.18
City 2378,42.57,12.44,4.57,6.06,781.21,4154.7,70.47,67.22,2.97,Subtropical,4935.91,0.1879851769858267,47.369934,0.01361856273716498,42.57
City 2379,-1.97,-109.64,7.04,2.15,1217.13,178.17,72.51,19.72,2.3,Equatorial,1395.3000000000002,6.793157336607692,14.298972000000001,0.01413316132731312,1.97
City 2380,43.79,-120.16,3.97,7.82,708.88,8852.92,73.54,136.7,3.46,Subtropical,9561.8,0.08006397166452825,100.52918,0.014296471375682403,43.79
City 2381,46.91,149.94,4.17,9.4,711.78,15447.49,77.39,241.61,4.07,Temperate,16159.27,0.04607440597754214,186.98197900000002,0.014951789282560413,46.91
City 2382,51.48,-61.98,3.43,8.77,613.56,12956.64,74.94,198.64,3.72,Temperate,13570.199999999999,0.04735121519042047,148.86081599999997,0.014637956699238036,51.48
City 2383,59.16,-46.05,3.89,11.0,681.26,24418.52,70.29,337.84,4.5,Temperate,25099.78,0.027898173264666953,237.467736,0.013459878931209755,59.16
City 2384,-3.97,93.54,6.0,8.8,1044.98,12849.78,76.17,196.02,4.11,Equatorial,13894.76,0.08131646483715385,149.308434,0.014107476487539189,3.97
City 2385,-18.55,-58.02,5.44,4.59,942.36,1828.5,74.11,40.71,2.72,Tropical,2770.86,0.5150915550696912,30.170181000000003,0.014692189428552868,18.55
City 2386,15.69,162.74,5.84,1.28,1009.93,39.73,79.22,15.0,1.97,Tropical,1049.6599999999999,24.795727964645224,11.883,0.014290341634434009,15.69
City 2387,-11.75,85.65,6.4,7.24,1107.12,7568.93,75.0,121.89,3.65,Equatorial,8676.05,0.14625234315244656,91.4175,0.014049020003342537,11.75
City 2388,18.14,35.07,6.36,10.02,1138.23,18212.04,77.09,290.25,4.61,Tropical,19350.27,0.0624953330141481,223.753725,0.014999790700594874,18.14
City 2389,31.73,137.12,4.77,8.15,844.89,10791.78,72.19,158.38,3.67,Subtropical,11636.67,0.07828288911661314,114.33452199999999,0.01361042291308424,31.73
City 2390,29.49,-162.14,4.22,4.23,746.44,1450.35,77.61,30.77,2.48,Tropical,2196.79,0.5143073690012747,23.880596999999998,0.014006800832123235,29.49
City 2391,-11.31,-87.46,6.63,4.82,1180.0,2195.33,77.21,47.25,2.99,Equatorial,3375.33,0.5372598835329846,36.481725,0.013998631244944939,11.31
City 2392,-38.31,-12.59,4.7,5.03,810.38,2406.75,79.04,49.07,2.79,Subtropical,3217.13,0.3365714879036445,38.78492800000001,0.015252725255118692,38.31
City 2393,-4.03,-98.29,5.75,6.01,1012.49,4105.04,70.34,71.74,3.13,Equatorial,5117.53,0.24658551791994232,50.461916,0.014018481572164697,4.03
City 2394,-41.46,87.81,4.1,4.77,715.11,2141.8,74.48,40.65,2.58,Subtropical,2856.9100000000003,0.33372689938398353,30.276120000000002,0.014228659635760312,41.46
City 2395,55.71,150.91,2.31,8.82,409.89,13584.11,76.79,204.32,3.6,Temperate,13994.0,0.030172004496099036,156.89732800000002,0.01460054308989567,55.71
City 2396,-15.04,-27.44,5.62,2.99,971.94,495.28,70.95,19.4,2.29,Tropical,1467.22,1.9584508745063274,13.7643,0.013222284320006541,15.04
City 2397,-39.92,-56.83,3.75,8.31,662.36,10554.6,74.11,153.89,3.58,Subtropical,11216.960000000001,0.06274963052787146,114.047879,0.013719403474738252,39.92
City 2398,-56.69,166.16,3.44,8.75,614.47,12737.98,79.42,191.33,3.75,Temperate,13352.449999999999,0.0482354160223189,151.95428600000002,0.014329205501612065,56.69
City 2399,23.96,-19.85,5.38,6.84,936.48,6329.77,74.36,100.21,3.37,Tropical,7266.25,0.14792513390946124,74.516156,0.013791157749870978,23.96
City 2400,22.8,-3.94,4.76,6.34,812.61,4741.55,79.85,83.82,3.18,Tropical,5554.16,0.17134452984154094,66.93027,0.0150913909574085,22.8
City 2401,-15.72,-53.41,6.34,3.11,1110.44,578.15,70.57,21.92,2.42,Tropical,1688.5900000000001,1.9173616506949842,15.468943999999999,0.012981244707122511,15.72
City 2402,-50.68,147.44,2.74,10.63,474.53,23354.55,77.18,334.25,4.31,Temperate,23829.079999999998,0.02031765469021282,257.97415,0.014026978800692265,50.68
City 2403,-6.75,24.82,6.69,4.55,1182.75,1845.77,75.81,44.62,2.92,Equatorial,3028.52,0.6404425023148524,33.826422,0.014733269055512263,6.75
City 2404,-19.54,94.38,5.23,3.48,937.95,808.11,75.01,25.92,2.4,Tropical,1746.06,1.1592366921679376,19.442592,0.01484485069241607,19.54
City 2405,28.03,112.25,4.86,12.4,848.99,35896.28,79.71,582.08,5.44,Tropical,36745.27,0.023650538425195447,463.97596799999997,0.015840950413481793,28.03
City 2406,18.75,-56.93,5.94,7.07,1037.41,7033.22,71.3,110.69,3.49,Tropical,8070.63,0.1474804598093321,78.92196999999999,0.01371516226118655,18.75
City 2407,-12.6,-23.87,6.38,4.88,1126.1,2230.01,78.96,47.98,2.99,Equatorial,3356.11,0.5047489701973544,37.88500799999999,0.014296313291280678,12.6
City 2408,-31.67,125.45,5.45,10.71,932.36,23871.98,76.91,371.66,4.77,Subtropical,24804.34,0.03905503209067322,285.843706,0.014983668180649033,31.67
City 2409,68.44,-49.23,2.17,15.45,374.01,68914.43,72.59,916.41,6.23,Polar,69288.43999999999,0.005427086502979087,665.222019,0.013226015768286891,68.44
City 2410,-0.98,105.82,7.08,3.73,1269.5,1007.37,79.02,34.79,2.79,Equatorial,2276.87,1.258962484008846,27.491058,0.01527974807520851,0.98
City 2411,29.48,158.76,4.72,7.82,833.64,8840.99,74.29,140.58,3.58,Tropical,9674.63,0.09428194331818969,104.43688200000003,0.014530788257535433,29.48
City 2412,-41.73,44.36,4.17,5.7,709.47,3429.31,78.14,62.91,2.89,Subtropical,4138.78,0.2068238730610353,49.157874,0.015200131439699623,41.73
City 2413,3.13,86.99,7.0,3.94,1204.47,1192.61,73.89,35.25,2.78,Equatorial,2397.08,1.0090984492422148,26.046225,0.014705391559731006,3.13
City 2414,-56.42,109.84,3.0,9.14,530.74,14561.01,78.51,230.76,3.84,Temperate,15091.75,0.03644689160356297,181.169676,0.015290473271820697,56.42
City 2415,5.71,124.21,5.7,5.03,1012.3,2469.05,76.37,51.54,2.91,Equatorial,3481.3500000000004,0.40982976053116327,39.361098,0.014804601663147916,5.71
City 2416,65.32,-37.78,2.59,11.36,462.62,27207.69,71.41,366.01,4.46,Polar,27670.309999999998,0.017002656136697505,261.36774099999997,0.013227535217350294,65.32
City 2417,-10.05,-161.55,6.48,6.4,1120.28,5044.03,76.5,93.6,3.43,Equatorial,6164.3099999999995,0.22205616220319802,71.604,0.015184181197895628,10.05
City 2418,-54.93,-35.32,2.81,10.09,504.72,19386.06,71.91,262.61,4.03,Temperate,19890.780000000002,0.02603385969816981,188.842851,0.01320259939529772,54.93
City 2419,-55.98,62.55,2.44,6.57,428.2,5445.05,74.12,86.24,2.86,Temperate,5873.25,0.07862579300594008,63.921088,0.01468352275145788,55.98
City 2420,-9.56,-17.87,7.07,2.61,1250.9,330.38,71.7,21.12,2.41,Equatorial,1581.2800000000002,3.7748204478242506,15.143040000000001,0.013356268339573003,9.56
City 2421,-39.2,89.63,4.5,6.55,792.2,5469.45,70.22,80.29,3.1,Subtropical,6261.65,0.14481441197707684,56.37963800000001,0.012822498862121008,39.2
City 2422,-56.96,-51.49,2.9,8.99,496.21,14253.35,72.12,209.06,3.69,Temperate,14749.56,0.034811127831153296,150.77407200000002,0.01417398213912822,56.96
City 2423,38.31,48.51,3.75,10.46,673.61,21181.04,75.36,296.55,4.34,Subtropical,21854.65,0.03180099744878208,223.48008000000002,0.013569194656514745,38.31
City 2424,-0.39,-112.89,6.56,1.13,1123.54,26.97,74.82,16.93,1.99,Equatorial,1150.51,40.169467286378264,12.667025999999998,0.014715213253252904,0.39
City 2425,-22.4,89.77,6.08,5.35,1049.69,2952.67,75.01,55.62,3.04,Tropical,4002.36,0.355384995615624,41.720562,0.013896800887476388,22.4
City 2426,57.01,16.45,3.08,12.08,548.32,34213.19,72.48,498.07,4.91,Temperate,34761.51,0.0160260991126781,361.00113600000003,0.014328203809328189,57.01
City 2427,-44.9,-106.54,3.58,7.74,631.02,9001.03,76.85,143.48,3.42,Subtropical,9632.050000000001,0.07009752244771457,110.26437999999999,0.014896102075882078,44.9
City 2428,64.27,-74.91,2.76,11.58,491.62,30055.59,77.04,454.98,4.72,Polar,30547.21,0.01635647956072196,350.516592,0.014894322591162992,64.27
City 2429,-19.18,89.5,5.25,5.57,919.56,3245.58,73.58,57.4,2.96,Tropical,4165.139999999999,0.28323959366471796,42.23492,0.013781049376491548,19.18
City 2430,55.49,-6.26,3.87,10.19,671.79,19888.26,78.81,293.59,4.32,Temperate,20560.05,0.03377652059453192,231.378279,0.014279634533962709,55.49
City 2431,18.38,-102.23,6.39,5.27,1145.14,2704.62,76.44,57.86,3.08,Tropical,3849.76,0.42324494940161594,44.228184,0.01502950833298699,18.38
City 2432,47.47,168.22,3.44,10.41,586.67,20688.81,77.13,300.99,4.31,Temperate,21275.48,0.028355504472974857,232.15358700000002,0.014147271882937542,47.47
City 2433,67.92,77.45,1.93,6.93,344.83,6450.31,72.77,92.69,2.87,Polar,6795.14,0.05345115953194002,67.45051299999999,0.013640631392436358,67.92
City 2434,-22.51,164.57,4.12,5.34,709.12,2773.11,70.01,46.81,2.69,Tropical,3482.23,0.2556207216008017,32.771681,0.013442535386806731,22.51
City 2435,64.95,-26.24,1.71,11.24,305.73,28195.35,78.65,425.13,4.46,Polar,28501.079999999998,0.010842892785768372,334.364745,0.014916276856877003,64.95
City 2436,-9.37,-8.96,5.67,6.27,972.57,4846.65,78.22,83.75,3.28,Equatorial,5819.219999999999,0.20062710798015534,65.50925000000001,0.014391963184069344,9.37
City 2437,-9.88,143.26,6.38,8.72,1120.87,13075.4,71.23,184.86,4.07,Equatorial,14196.27,0.08571701691597075,131.675778,0.013021730355931523,9.88
City 2438,-15.75,9.02,5.73,4.6,1025.78,1925.29,73.74,39.71,2.76,Tropical,2951.0699999999997,0.53251587248026,29.282154000000002,0.013456136248885999,15.75
City 2439,10.38,74.62,5.6,8.74,978.61,12549.97,76.61,204.45,4.05,Equatorial,13528.58,0.07797086599681141,156.629145,0.015112450826324713,10.38
City 2440,-39.96,-89.22,4.06,6.35,720.89,5039.01,76.52,79.61,3.05,Subtropical,5759.900000000001,0.14303344636220958,60.917572,0.013821420510772755,39.96
City 2441,11.98,-19.18,6.41,8.52,1141.97,11327.44,78.6,195.58,4.12,Equatorial,12469.41,0.100805583116475,153.72588,0.015684783802922514,11.98
City 2442,10.42,-135.56,6.53,7.09,1158.97,6419.3,71.4,99.55,3.56,Equatorial,7578.27,0.18051648676853108,71.07870000000001,0.013136243496206916,10.42
City 2443,39.05,-105.85,3.32,5.62,594.56,3475.72,74.3,55.1,2.7,Subtropical,4070.2799999999997,0.17101175820888653,40.939299999999996,0.013537152235227062,39.05
City 2444,48.37,-179.66,3.55,9.61,619.3,16082.94,70.97,227.05,3.95,Temperate,16702.24,0.03850424709368475,161.13738500000002,0.013593984998419373,48.37
City 2445,-2.74,-165.86,6.12,4.15,1050.37,1423.88,73.9,33.2,2.7,Equatorial,2474.25,0.7371638313401829,24.534800000000004,0.013418207537637668,2.74
City 2446,-20.7,171.82,6.0,7.63,1023.23,8607.26,70.15,129.75,3.66,Tropical,9630.49,0.11886606584838283,91.01962500000002,0.01347283471557522,20.7
City 2447,-26.29,-92.75,5.55,6.07,957.53,4363.7,78.98,82.8,3.22,Tropical,5321.23,0.2193804843402754,65.39544,0.015560312183461343,26.29
City 2448,-34.7,58.79,4.12,6.7,706.65,5566.01,75.27,85.44,3.14,Subtropical,6272.66,0.12693528482973804,64.31068799999998,0.01362101564567504,34.7
City 2449,-52.51,122.08,2.94,12.67,516.48,39382.3,78.5,613.86,5.27,Temperate,39898.780000000006,0.01311418799338806,481.8801,0.01538543283779604,52.51
City 2450,-15.48,18.24,5.69,5.3,977.07,2694.75,70.6,48.71,2.91,Tropical,3671.82,0.36244829824724106,34.38926,0.013265900833918874,15.48
City 2451,-24.87,-124.87,4.13,8.55,704.19,12310.04,72.27,172.31,3.7,Tropical,13014.230000000001,0.05719987913287586,124.528437,0.013240122542785856,24.87
City 2452,65.63,82.12,2.57,10.0,438.44,18339.51,72.59,250.17,3.96,Polar,18777.949999999997,0.023905551154248167,181.598403,0.013322540532912274,65.63
City 2453,12.5,36.09,5.99,9.42,1067.83,16195.84,73.87,252.97,4.32,Equatorial,17263.67,0.06592829218538925,186.86893900000004,0.014653315314762157,12.5
City 2454,-14.85,83.25,6.45,3.79,1133.82,1004.01,78.03,30.4,2.69,Equatorial,2137.83,1.1281678789265779,23.72112,0.014220026849655959,14.85
City 2455,15.46,97.11,5.37,4.01,931.88,1170.12,73.87,30.64,2.55,Tropical,2102.0,0.7957169205546828,22.633768,0.014576593720266413,15.46
City 2456,-41.9,171.15,3.76,12.0,672.31,32782.26,72.05,460.09,4.93,Subtropical,33454.57,0.020507722538881123,331.494845,0.013752680127109689,41.9
City 2457,-2.27,26.48,6.09,3.12,1039.15,554.33,70.65,20.35,2.38,Equatorial,1593.48,1.871229719266022,14.377275000000003,0.012770790973215856,2.27
City 2458,21.41,-57.01,5.0,10.14,898.86,20310.06,70.79,284.22,4.37,Tropical,21208.920000000002,0.04425470654904273,201.199338,0.013400965254242083,21.41
City 2459,3.56,53.45,6.16,6.59,1085.17,5276.05,77.6,96.92,3.44,Equatorial,6361.22,0.20563951450147336,75.20992,0.01523607106812844,3.56
City 2460,-7.77,-155.36,6.95,4.39,1194.97,1581.1,74.45,40.2,2.89,Equatorial,2776.0699999999997,0.7553062385437078,29.928900000000002,0.014480902859077764,7.77
City 2461,69.2,143.06,1.81,6.39,319.43,4985.11,77.26,77.78,2.74,Polar,5304.54,0.0640639697078484,60.09282800000001,0.014662911392882325,69.2
City 2462,54.44,-137.02,3.25,9.4,577.53,15403.21,76.82,242.1,3.93,Temperate,15980.74,0.03749169869795335,185.98122,0.015149486194006035,54.44
City 2463,21.04,-61.98,5.34,6.36,930.14,4821.4,71.35,74.86,3.17,Tropical,5751.54,0.19287906436629065,53.412609999999994,0.013015644505645444,21.04
City 2464,14.02,113.67,5.38,8.32,961.66,11306.03,71.43,173.68,3.82,Equatorial,12267.69,0.08504974338973187,124.05962400000003,0.014157514576908937,14.02
City 2465,20.69,35.03,5.47,10.04,937.77,18577.96,77.55,298.05,4.5,Tropical,19515.73,0.05047483820407601,231.137775,0.01527229573272432,20.69
City 2466,-33.83,-38.29,4.93,5.67,852.1,3311.92,77.21,62.43,2.99,Subtropical,4164.02,0.25720512418048125,48.202203,0.014992723377889634,33.83
City 2467,-8.63,-9.56,5.79,6.87,990.03,6039.18,73.78,101.83,3.43,Equatorial,7029.21,0.16390736699899672,75.130174,0.01448669196111654,8.63
City 2468,-54.87,127.64,3.56,11.4,613.33,27929.16,70.77,385.58,4.63,Temperate,28542.49,0.021959415914552586,272.874966,0.01350898257299906,54.87
City 2469,1.82,-57.6,6.45,6.87,1111.5,6176.47,70.12,98.89,3.48,Equatorial,7287.97,0.1799280287884846,69.34166800000001,0.013568936205829607,1.82
City 2470,10.59,133.07,6.02,6.31,1078.1,4700.6,72.88,80.53,3.28,Equatorial,5778.700000000001,0.22930491747490211,58.690264,0.01393566026961081,10.59
City 2471,-30.39,-148.27,5.14,2.18,877.45,203.69,70.09,14.18,2.0,Subtropical,1081.14,4.286726268992135,9.938762,0.01311578518970716,30.39
City 2472,65.32,99.65,2.1,10.14,365.21,18869.93,72.3,266.15,3.95,Polar,19235.14,0.01935304725310305,192.42644999999996,0.013836655205005006,65.32
City 2473,58.23,125.12,2.94,6.93,515.93,6287.92,74.2,93.47,3.03,Temperate,6803.85,0.08203793338124828,69.35474,0.013737810210395584,58.23
City 2474,33.88,-114.55,4.47,6.88,800.28,6114.46,71.21,92.97,3.21,Subtropical,6914.74,0.13086178308745375,66.203937,0.013445190997781551,33.88
City 2475,9.34,-25.08,6.41,7.38,1153.81,7768.37,71.04,117.65,3.64,Equatorial,8922.18,0.14850753664711552,83.57856000000001,0.013186239237495768,9.34
City 2476,53.1,-120.42,2.09,10.07,371.56,20369.09,78.96,298.82,4.04,Temperate,20740.65,0.018240469237003863,235.94827199999997,0.014407455889762373,53.1
City 2477,-43.02,74.38,3.07,11.17,552.44,26521.06,75.85,382.88,4.55,Subtropical,27073.5,0.02082945291579915,290.41447999999997,0.014142242414168836,43.02
City 2478,42.77,12.73,4.31,9.13,767.4,15206.05,79.34,249.73,4.06,Subtropical,15973.449999999999,0.05046343636668519,198.135782,0.01563406778122447,42.77
City 2479,-43.77,48.72,4.45,5.13,800.16,2513.94,73.46,45.68,2.72,Subtropical,3314.1,0.3181626599441736,33.556528,0.013783530973718355,43.77
City 2480,43.25,-109.26,3.52,2.02,622.84,149.45,76.77,11.56,1.79,Subtropical,772.29,4.139847125290795,8.874611999999999,0.014968470393246062,43.25
City 2481,-24.15,-103.77,5.19,6.79,886.01,5731.07,72.05,87.48,3.29,Tropical,6617.08,0.15457068737820717,63.029340000000005,0.013220332835631426,24.15
City 2482,54.02,-165.06,3.37,8.87,585.72,13101.34,76.18,196.54,3.75,Temperate,13687.06,0.04470346518255518,149.724172,0.014359548361737291,54.02
City 2483,62.73,-64.06,2.96,7.83,521.6,8945.21,71.3,123.04,3.27,Polar,9466.81,0.05830401924390329,87.72752,0.0129969863132354,62.73
City 2484,-40.66,21.51,3.14,3.81,544.85,1009.49,70.02,19.89,2.13,Subtropical,1554.3400000000001,0.5391938564458827,13.926977999999998,0.01279642806593152,40.66
City 2485,0.15,128.86,6.55,2.18,1130.82,194.89,79.32,20.23,2.3,Equatorial,1325.71,5.772729593139006,16.046436,0.015259747606942695,0.15
City 2486,67.53,60.09,2.11,10.27,370.31,20210.18,75.55,298.76,4.06,Polar,20580.49,0.01832203760492955,225.71318,0.014516661167931374,67.53
City 2487,2.84,-23.26,7.15,5.95,1282.7,3841.31,79.27,74.85,3.41,Equatorial,5124.01,0.3338356353339528,59.333594999999995,0.014607699828844986,2.84
City 2488,52.26,163.12,4.59,9.7,782.06,16956.54,73.34,246.51,4.17,Temperate,17738.600000000002,0.04611871769136325,180.79043399999998,0.013896812600768943,52.26
City 2489,16.54,78.93,5.73,9.67,1017.92,17899.65,73.28,273.46,4.37,Tropical,18917.57,0.056864974176915356,200.39148799999998,0.014455344951809349,16.54
City 2490,-11.21,154.86,5.51,2.53,976.88,301.89,74.01,17.36,2.19,Equatorial,1278.77,3.225197266334313,12.848136,0.013575545250514166,11.21
City 2491,-22.85,9.93,5.6,8.49,1006.3,11878.44,77.06,179.1,3.95,Tropical,12884.74,0.08470938024014599,138.01445999999999,0.013900164070054965,22.85
City 2492,-33.58,-86.79,5.31,7.48,952.09,8033.67,75.66,131.24,3.58,Subtropical,8985.76,0.1184977105469173,99.296184,0.014605331101654174,33.58
City 2493,39.03,-160.98,4.32,9.64,767.62,16890.78,79.25,253.41,4.19,Subtropical,17658.399999999998,0.04544340501711484,200.827425,0.01435067729805645,39.03
City 2494,-9.75,81.39,5.86,3.88,1027.43,1082.4,70.25,29.59,2.55,Equatorial,2109.83,0.9483385637806904,20.786974999999998,0.014024826644800766,9.75
City 2495,6.47,-136.33,7.03,7.33,1208.84,7366.92,77.08,127.05,3.79,Equatorial,8575.76,0.16406801376779334,97.93014,0.014815013479854845,6.47
City 2496,4.0,-71.0,7.05,5.14,1237.22,2602.56,73.3,53.31,3.1,Equatorial,3839.7799999999997,0.4752031833335894,39.07623,0.0138836079150368,4.0
City 2497,15.05,11.69,5.43,3.81,965.32,1031.07,71.8,27.03,2.49,Tropical,1996.3899999999999,0.9353241543693743,19.407539999999997,0.01353943868682973,15.05
City 2498,52.53,23.19,3.51,9.22,628.85,14456.34,75.1,216.92,3.87,Temperate,15085.19,0.043496936504225536,162.90691999999999,0.014379666414543003,52.53
City 2499,67.5,36.21,2.77,10.15,493.47,19069.84,75.05,266.94,4.07,Polar,19563.31,0.025875630019443298,200.33846999999997,0.013644930229086999,67.5
City 2500,-7.01,-120.15,7.1,5.92,1220.86,4108.65,71.37,75.54,3.32,Equatorial,5329.509999999999,0.2970715267723529,53.912898000000006,0.014173910922392494,7.01
City 2501,47.58,-43.29,3.64,5.81,639.99,3699.68,72.02,60.17,2.78,Temperate,4339.67,0.1729384869807711,43.334434,0.013865109559021769,47.58
City 2502,39.39,42.19,4.06,7.87,704.34,9367.34,74.08,137.05,3.49,Subtropical,10071.68,0.07518301001031133,101.52664,0.01360746171443096,39.39
City 2503,14.56,169.13,6.59,6.44,1121.68,5079.38,74.09,87.87,3.42,Equatorial,6201.06,0.22078663407067975,65.102883,0.014170158005244264,14.56
City 2504,64.29,81.95,1.89,10.51,325.93,22930.49,73.18,310.86,4.08,Polar,23256.420000000002,0.014213206381268726,227.48734800000003,0.013366631665578794,64.29
City 2505,-33.94,152.14,4.84,10.76,828.9,23794.37,71.49,317.45,4.56,Subtropical,24623.27,0.0348345077214601,226.94500499999998,0.012892276289867267,33.94
City 2506,-45.8,94.4,3.11,10.51,554.78,22042.21,70.04,304.86,4.22,Temperate,22596.989999999998,0.025167840799956084,213.52394400000006,0.01349117736477292,45.8
City 2507,51.02,33.02,3.96,9.08,683.72,14873.15,79.7,239.27,3.98,Temperate,15556.869999999999,0.045966996433409645,190.69819000000004,0.015380343218140927,51.02
City 2508,-2.91,-110.87,6.67,4.83,1152.41,2194.18,79.43,50.95,3.03,Equatorial,3346.59,0.5249728951612169,40.46958500000001,0.01522445235299215,2.91
City 2509,50.11,60.01,4.13,9.75,741.18,16889.0,74.84,242.33,4.13,Temperate,17630.18,0.04388277087033748,181.35977200000002,0.01374518013996454,50.11
City 2510,56.1,44.42,3.32,10.62,576.74,21975.76,79.95,346.32,4.43,Temperate,22552.5,0.026243176883216635,276.88284,0.015356168939142002,56.1
City 2511,-51.88,36.89,2.76,4.62,468.91,1935.14,76.74,33.41,2.37,Temperate,2404.05,0.2421880649126613,25.638833999999996,0.013897381502048623,51.88
City 2512,54.85,-3.68,3.87,8.73,669.37,13093.86,70.69,186.98,3.72,Temperate,13763.230000000001,0.051117003160018507,132.17616199999998,0.013585473758703441,54.85
City 2513,-1.72,10.32,7.5,1.0,1283.95,19.09,71.18,17.72,2.06,Equatorial,1303.04,63.909905425584874,12.613096,0.013598968565815323,1.72
City 2514,6.36,-59.6,7.0,7.83,1196.55,9177.86,79.16,158.59,3.98,Equatorial,10374.41,0.13035932566789338,125.53984399999999,0.01528665244577764,6.36
City 2515,21.46,6.95,5.12,5.99,873.89,4147.65,76.3,75.83,3.1,Tropical,5021.54,0.21064442650018683,57.85829,0.01510094512838691,21.46
City 2516,60.43,-108.88,2.62,9.56,460.4,16492.38,78.43,261.95,3.93,Polar,16952.780000000002,0.027914229830392556,205.447385,0.015451743017959294,60.43
City 2517,-57.51,109.86,3.05,11.99,523.7,33400.3,78.98,534.85,5.0,Temperate,33924.0,0.015679030456898384,422.42453,0.01576612427779743,57.51
City 2518,1.99,-113.12,6.51,5.25,1130.02,2643.25,74.48,56.07,3.07,Equatorial,3773.27,0.42734991018247137,41.760936,0.01485979004947963,1.99
City 2519,29.4,-149.41,5.79,4.12,1033.84,1392.06,70.49,33.42,2.61,Tropical,2425.8999999999996,0.742136017113405,23.557758,0.01377633043406571,29.4
City 2520,33.95,-22.95,4.7,7.22,818.17,7332.95,71.88,116.67,3.36,Subtropical,8151.12,0.11155925524444535,83.86239599999999,0.014313370432529518,33.95
City 2521,30.03,56.99,3.55,6.17,635.34,4513.46,70.67,71.8,2.86,Subtropical,5148.8,0.14073443999946839,50.74106,0.0139449968924798,30.03
City 2522,-42.52,-22.42,4.19,3.89,733.7,1097.64,71.89,25.61,2.33,Subtropical,1831.3400000000001,0.6678256753804703,18.411029,0.01398429565236384,42.52
City 2523,-21.08,-80.37,5.35,4.38,930.91,1541.83,74.11,33.26,2.65,Tropical,2472.74,0.6033782075795778,24.648986,0.013450666062748208,21.08
City 2524,-13.37,20.94,6.03,4.88,1069.79,2184.11,71.18,41.92,2.85,Equatorial,3253.9,0.48958176018598604,29.838656000000004,0.012883001936138172,13.37
City 2525,44.58,-55.08,3.7,8.17,630.91,10538.85,71.67,157.5,3.52,Subtropical,11169.76,0.05985948566630454,112.88024999999999,0.01410057154316655,44.58
City 2526,-23.76,155.83,5.74,2.67,980.98,366.96,74.46,19.05,2.26,Tropical,1347.94,2.6659963039460814,14.18463,0.01413267652862887,23.76
City 2527,-32.61,152.15,5.28,10.14,931.54,19564.51,73.4,295.31,4.45,Subtropical,20496.05,0.047611332390517805,216.75754,0.014408142056640183,32.61
City 2528,64.47,0.85,2.63,10.19,459.69,20352.83,74.68,289.48,4.09,Polar,20812.52,0.022584938559475045,216.18366400000002,0.013908935583004847,64.47
City 2529,-58.85,-61.96,2.71,9.98,482.3,19502.11,74.29,279.05,4.03,Temperate,19984.41,0.0247293893127814,207.30624500000002,0.013963384458185155,58.85
City 2530,69.72,85.37,2.1,11.97,376.09,30986.89,76.44,465.13,4.74,Polar,31362.98,0.012136676617865882,355.545372,0.014830542250768262,69.72
City 2531,27.99,-166.78,5.05,4.83,878.24,2127.76,79.37,47.31,2.79,Tropical,3006.0,0.4125594242657697,37.549947,0.015738522954091817,27.99
City 2532,47.7,-9.08,3.26,9.91,573.59,19000.57,71.08,252.88,4.02,Temperate,19574.16,0.030186453014145676,179.747104,0.012919072900190863,47.7
City 2533,-21.7,-58.92,5.77,5.25,1009.88,2766.29,70.99,52.87,2.92,Tropical,3776.17,0.36493464725417285,37.532413,0.014000958643281419,21.7
City 2534,-58.14,151.39,3.16,7.57,568.27,8381.68,78.53,137.65,3.33,Temperate,8949.95,0.06779096899798155,108.096545,0.015379974189799943,58.14
City 2535,35.92,-175.68,5.26,9.03,937.13,13995.55,75.06,208.84,4.06,Subtropical,14932.679999999998,0.06695435660930729,156.75530400000002,0.013985433291277924,35.92
