City,Latitude,Longitude,Solar_Irradiance_kWh/m²/day,Wind_Speed_m/s,PV_Power_kW,Wind_Power_kW,System_Efficiency_%,Hydrogen_Production_kg/day,Feasibility_Score,Latitude_Band
City 1,-11.31,120.29,7.03,8.27,1237.97,11209.71,79.92,194.31,4.15,Equatorial
City 2,63.59,86.57,2.73,8.65,483.71,11958.74,70.55,161.78,3.49,Polar
City 3,35.16,-128.57,4.11,9.57,711.12,17112.71,74.91,262.47,4.11,Subtropical
City 4,17.83,91.23,5.74,3.41,1022.77,731.67,70.91,24.69,2.42,Tropical
City 5,-39.72,96.81,4.23,9.71,744.41,16869.46,71.6,243.03,4.1,Subtropical
City 6,-39.72,57.07,4.46,6.68,774.84,5929.75,73.83,90.15,3.18,Subtropical
City 7,-52.45,95.8,2.65,6.69,464.42,5393.29,71.56,82.95,2.89,Temperate
City 8,52.6,124.53,3.61,9.96,635.24,19694.96,79.64,317.09,4.26,Temperate
City 9,18.14,40.9,4.38,1.0,751.45,18.3,79.47,11.93,1.69,Tropical
City 10,32.05,-148.1,4.44,2.83,772.96,443.94,73.36,16.13,2.1,Subtropical
City 11,-57.32,-4.45,2.74,9.29,475.76,14867.84,76.4,229.73,3.81,Temperate
City 12,66.09,-152.05,2.69,10.81,468.17,23656.24,75.34,332.16,4.33,Polar
City 13,48.22,-33.28,3.64,7.9,645.81,9083.12,78.16,140.25,3.48,Temperate
City 14,-32.4,-33.44,4.03,3.29,704.46,683.33,76.27,20.28,2.19,Subtropical
City 15,-36.36,-156.24,3.96,5.59,710.82,3268.5,70.0,51.62,2.74,Subtropical
City 16,-36.16,-54.42,4.57,8.59,790.03,12258.58,77.63,195.74,3.86,Subtropical
City 17,-20.45,-140.04,5.53,7.5,962.93,7604.84,77.47,127.54,3.63,Tropical
City 18,8.22,110.96,6.14,4.78,1091.26,1981.52,75.1,42.04,2.88,Equatorial
City 19,-3.85,161.17,6.49,7.28,1138.79,7012.56,79.03,124.41,3.72,Equatorial
City 20,-22.14,-153.97,5.8,7.21,1017.42,7053.28,79.08,126.68,3.61,Tropical
City 21,19.54,163.84,5.37,4.09,916.33,1338.54,75.24,31.08,2.59,Tropical
City 22,-41.87,8.13,4.03,7.49,700.35,8294.27,76.08,131.35,3.4,Subtropical
City 23,-22.02,-72.16,6.54,2.69,1130.11,361.89,79.97,22.29,2.44,Tropical
City 24,-12.37,-152.33,5.42,4.97,975.93,2346.44,72.99,45.88,2.81,Equatorial
City 25,-0.71,0.22,6.02,6.85,1042.71,6283.17,73.25,99.67,3.45,Equatorial
City 26,42.07,106.03,4.45,9.92,795.27,18138.16,71.83,254.42,4.2,Subtropical
City 27,-34.04,74.55,4.28,10.91,756.14,24432.07,78.96,359.14,4.65,Subtropical
City 28,6.85,-161.92,6.36,3.93,1103.12,1154.27,77.44,34.9,2.72,Equatorial
City 29,17.01,-153.76,5.42,9.07,950.59,13616.69,71.06,199.25,4.04,Tropical
City 30,-53.96,-34.97,3.09,8.91,551.77,12781.42,79.82,202.22,3.76,Temperate
City 31,18.98,-73.7,6.47,9.58,1157.16,16079.74,77.31,250.09,4.46,Tropical
City 32,-37.83,-96.34,4.75,7.73,815.6,8888.07,78.51,145.34,3.61,Subtropical
City 33,-51.54,-78.84,3.82,10.92,662.91,23646.43,70.48,321.43,4.45,Temperate
City 34,63.36,109.25,1.86,14.02,321.92,50685.2,75.05,716.61,5.57,Polar
City 35,65.53,154.52,1.84,10.07,313.09,19068.65,76.99,282.43,3.96,Polar
City 36,45.09,-34.16,2.42,9.06,426.59,13480.29,75.43,194.61,3.65,Temperate
City 37,-20.4,146.2,5.17,9.26,922.61,14607.15,76.67,218.6,4.14,Tropical
City 38,-47.3,-64.26,4.17,8.4,724.32,11739.48,78.18,186.24,3.75,Temperate
City 39,28.95,-8.48,5.23,3.59,928.15,836.57,73.74,25.62,2.42,Tropical
City 40,-2.78,-98.63,6.69,9.64,1180.11,17271.87,78.49,265.11,4.54,Equatorial
City 41,-44.14,50.57,3.9,7.24,677.55,7120.15,71.63,100.9,3.23,Subtropical
City 42,4.37,172.43,6.35,4.83,1088.36,2185.48,72.71,44.02,2.91,Equatorial
City 43,-55.53,37.26,3.22,12.44,569.41,36945.46,70.43,527.39,5.04,Temperate
City 44,58.21,-51.19,3.31,8.3,590.65,10547.49,73.64,161.24,3.52,Temperate
City 45,-26.36,53.21,4.35,4.12,768.8,1373.5,73.8,30.34,2.43,Tropical
City 46,26.13,-135.75,5.32,7.25,905.5,7225.76,78.05,126.04,3.54,Tropical
City 47,-19.48,139.92,6.1,1.47,1050.67,61.78,76.53,16.08,2.03,Tropical
City 48,7.61,1.11,6.26,4.04,1068.52,1241.48,74.37,34.3,2.7,Equatorial
City 49,11.07,-18.23,6.58,5.72,1155.3,3736.92,76.52,69.6,3.24,Equatorial
City 50,-35.97,30.91,5.89,6.92,1045.77,6481.02,70.53,98.1,3.42,Subtropical
City 51,66.05,44.92,2.32,6.75,397.75,6119.03,71.8,90.2,2.87,Polar
City 52,40.77,-154.16,4.34,12.06,774.71,33395.24,76.27,488.81,5.11,Subtropical
City 53,62.13,65.74,2.28,10.47,400.53,21761.03,76.41,326.03,4.18,Polar
City 54,56.33,-92.9,3.15,13.21,556.83,44983.02,77.74,658.85,5.49,Temperate
City 55,17.73,77.02,5.99,5.12,1076.35,2656.28,74.03,53.15,2.95,Tropical
City 56,59.84,116.11,2.91,7.78,496.86,9400.15,77.23,141.79,3.34,Temperate
City 57,-48.5,109.43,3.1,9.52,554.12,16103.41,76.84,231.7,3.93,Temperate
City 58,-34.52,18.9,4.69,6.91,802.64,6473.69,79.63,114.87,3.36,Subtropical
City 59,-54.12,7.26,3.94,6.47,685.75,4983.77,72.15,80.86,3.02,Temperate
City 60,-17.71,-128.56,5.98,9.45,1068.38,16086.48,75.52,258.34,4.35,Tropical
City 61,-9.47,99.12,6.82,3.39,1220.84,716.22,76.02,28.62,2.62,Equatorial
City 62,-24.72,-82.29,5.15,1.87,901.71,122.6,79.99,15.87,2.03,Tropical
City 63,47.74,-1.19,4.03,12.09,709.65,35135.72,72.01,493.49,5.04,Temperate
City 64,-13.62,-77.66,6.19,4.1,1095.44,1262.06,75.23,32.37,2.71,Equatorial
City 65,-23.48,-131.82,4.88,4.83,870.43,2168.43,73.46,41.03,2.7,Tropical
City 66,10.55,46.64,6.42,1.0,1099.33,19.19,75.26,15.64,1.94,Equatorial
City 67,-41.68,-160.44,3.59,12.52,638.77,35802.08,72.32,521.3,5.12,Subtropical
City 68,44.29,89.51,3.58,5.2,626.45,2629.97,70.48,42.1,2.58,Subtropical
City 69,-50.31,-65.67,3.57,9.18,623.52,14781.57,75.73,231.51,3.9,Temperate
City 70,68.3,-179.95,2.37,13.11,412.59,41412.14,73.36,584.36,5.2,Polar
City 71,40.39,4.01,3.58,9.09,626.47,14739.18,71.82,214.43,3.82,Subtropical
City 72,-34.17,-163.13,5.14,7.27,921.53,7655.7,73.24,114.46,3.45,Subtropical
City 73,-59.28,-80.58,3.14,5.67,550.36,3366.61,70.49,51.19,2.65,Temperate
City 74,46.01,74.51,3.43,6.58,615.24,5226.62,79.5,92.51,3.06,Temperate
City 75,31.89,-157.43,4.0,7.66,687.01,8494.63,75.81,129.0,3.43,Subtropical
City 76,34.77,122.16,4.49,5.51,796.45,3259.8,78.15,58.94,2.89,Subtropical
City 77,40.27,-178.62,3.96,8.53,705.09,11541.18,74.23,167.22,3.69,Subtropical
City 78,-50.37,-91.14,3.53,10.74,624.14,22359.36,79.03,331.65,4.46,Temperate
City 79,-13.4,86.73,5.88,7.75,1035.37,8869.53,74.83,136.88,3.72,Equatorial
City 80,-44.94,-66.14,2.85,5.43,500.72,3185.09,75.74,53.84,2.6,Subtropical
City 81,52.2,-143.32,3.15,14.71,562.9,59808.96,74.92,855.32,6.12,Temperate
City 82,21.03,-50.32,5.38,8.02,957.95,9724.47,77.33,157.85,3.78,Tropical
City 83,-16.98,-82.66,6.13,5.69,1049.25,3680.77,75.67,65.3,3.15,Tropical
City 84,-51.74,123.38,3.03,11.9,540.68,32654.0,72.72,473.2,4.82,Temperate
City 85,-19.57,-67.19,6.47,11.87,1126.56,32515.74,71.46,470.4,5.29,Tropical
City 86,-17.73,104.02,4.8,2.18,828.76,197.01,76.06,14.08,2.01,Tropical
City 87,34.85,141.07,5.22,6.92,932.12,6615.59,74.89,106.08,3.38,Subtropical
City 88,22.88,-23.83,5.29,1.0,921.47,19.38,70.96,12.11,1.73,Tropical
City 89,55.34,147.58,3.56,10.02,633.29,19881.6,73.96,297.13,4.18,Temperate
City 90,1.39,-44.17,6.94,5.05,1198.55,2501.7,75.15,54.15,3.09,Equatorial
City 91,-44.45,167.07,4.46,8.35,758.05,11324.53,78.27,187.28,3.78,Subtropical
City 92,32.72,-147.86,4.52,5.64,790.06,3326.16,70.76,53.81,2.84,Subtropical
City 93,38.9,67.33,3.73,2.77,637.42,393.94,73.48,14.33,1.98,Subtropical
City 94,12.97,-2.23,6.8,6.23,1207.76,4732.13,78.23,85.35,3.44,Equatorial
City 95,40.23,-40.45,4.13,11.66,713.06,29483.86,76.48,432.87,4.9,Subtropical
City 96,4.19,47.78,6.82,2.94,1189.18,486.91,72.9,23.27,2.47,Equatorial
City 97,7.96,73.39,7.06,5.9,1206.43,3790.9,78.45,70.99,3.37,Equatorial
City 98,-4.42,-178.43,6.17,1.0,1067.39,19.63,74.93,15.83,1.9,Equatorial
City 99,-56.7,-119.9,3.33,10.81,591.96,23033.54,74.98,338.12,4.42,Temperate
City 100,-45.97,76.7,3.49,7.61,598.05,8677.41,79.77,145.44,3.41,Temperate
City 101,-55.91,59.9,3.02,7.69,532.93,8718.06,79.47,136.33,3.35,Temperate
City 102,22.73,167.78,5.44,4.37,975.57,1535.91,73.59,36.6,2.66,Tropical
City 103,-19.13,93.97,4.91,4.93,868.17,2285.8,71.41,45.04,2.71,Tropical
City 104,6.11,162.28,6.18,5.57,1101.18,3203.88,73.26,62.57,3.1,Equatorial
City 105,57.98,72.91,3.62,6.52,618.78,5163.47,70.3,79.5,2.97,Temperate
City 106,-27.59,-72.7,5.51,5.77,950.8,3586.16,70.21,62.51,3.02,Tropical
City 107,-6.65,-142.07,6.5,4.56,1163.71,1720.26,73.96,40.84,2.87,Equatorial
City 108,38.22,101.46,4.45,5.07,787.62,2609.86,79.41,49.59,2.77,Subtropical
City 109,-30.26,51.89,4.73,11.52,835.22,27595.74,78.71,433.13,4.97,Subtropical
City 110,-49.99,-162.65,4.18,6.87,738.14,6253.74,75.11,102.02,3.21,Temperate
City 111,-22.33,-50.38,5.34,4.56,929.32,1776.72,75.65,40.88,2.72,Tropical
City 112,-39.04,164.45,4.38,5.46,747.07,3137.35,70.06,51.93,2.77,Subtropical
City 113,60.86,0.14,3.31,14.58,589.16,58023.93,72.16,784.21,5.98,Polar
City 114,45.06,-24.22,3.46,9.89,611.23,18703.7,70.25,262.78,4.05,Temperate
City 115,22.34,-15.23,6.22,3.89,1086.01,1147.85,77.55,34.57,2.69,Tropical
City 116,53.29,-104.8,2.5,12.09,448.3,34288.58,71.46,455.59,4.76,Temperate
City 117,44.48,-47.27,4.7,8.95,815.04,13065.65,78.69,203.73,3.99,Subtropical
City 118,-35.75,-46.87,4.31,8.22,745.64,10718.2,76.43,167.22,3.68,Subtropical
City 119,56.03,-161.15,2.96,8.74,528.38,12399.98,72.29,171.42,3.58,Temperate
City 120,10.11,96.32,5.35,3.14,951.6,557.93,71.58,19.5,2.29,Equatorial
City 121,44.97,-30.06,3.62,9.34,634.9,15347.65,76.28,227.65,3.95,Subtropical
City 122,56.49,115.98,2.53,8.29,432.67,10735.28,79.01,174.1,3.48,Temperate
City 123,-18.66,126.13,5.39,10.41,927.89,21346.79,77.18,310.96,4.6,Tropical
City 124,-45.69,-103.68,3.73,5.4,659.07,3049.7,73.49,51.4,2.69,Temperate
City 125,-30.37,56.65,5.35,10.88,930.64,23959.69,75.87,368.72,4.78,Subtropical
City 126,-4.48,-9.98,6.79,4.17,1211.18,1350.26,73.11,37.28,2.8,Equatorial
City 127,46.34,136.86,3.91,9.38,701.83,14964.35,79.99,250.27,4.07,Temperate
City 128,51.89,-102.33,2.82,11.27,502.05,27749.78,77.49,412.53,4.6,Temperate
City 129,-59.1,64.01,2.42,8.33,421.04,11076.53,76.14,174.22,3.44,Temperate
City 130,6.4,38.79,7.45,6.8,1325.54,5880.39,74.23,96.66,3.65,Equatorial
City 131,-5.74,-73.69,6.23,1.0,1081.14,19.41,76.18,16.34,1.93,Equatorial
City 132,-31.13,-130.82,5.65,5.31,969.82,2860.13,73.42,54.23,2.95,Subtropical
City 133,-44.42,54.59,3.77,6.13,642.03,4365.82,70.29,65.12,2.87,Subtropical
City 134,-16.11,85.9,5.87,2.48,1021.14,289.18,73.95,18.43,2.22,Tropical
City 135,62.58,-66.37,3.15,9.72,564.8,17701.09,79.3,264.5,4.06,Polar
City 136,-17.98,52.14,6.38,6.76,1099.35,5975.51,76.26,106.52,3.52,Tropical
City 137,7.44,-37.75,6.42,6.5,1105.28,5104.15,70.84,82.33,3.37,Equatorial
City 138,31.39,76.75,4.61,7.74,828.12,8481.57,78.85,141.32,3.59,Subtropical
City 139,-12.73,-108.28,6.08,3.61,1035.3,860.55,72.69,25.24,2.53,Equatorial
City 140,66.33,140.48,2.53,11.56,449.23,29748.79,72.44,402.77,4.56,Polar
City 141,65.12,-76.53,2.89,10.82,500.13,25029.94,72.97,372.29,4.39,Polar
City 142,-27.27,-47.6,5.09,9.07,867.78,14027.59,75.77,220.16,4.07,Tropical
City 143,4.64,-159.09,6.98,6.41,1251.47,4822.3,75.45,91.3,3.49,Equatorial
City 144,-20.89,-139.86,6.36,6.16,1089.6,4571.72,74.91,78.85,3.31,Tropical
City 145,-22.97,5.71,5.58,4.05,979.86,1310.16,77.18,32.39,2.63,Tropical
City 146,-55.2,-83.67,3.29,7.89,568.58,9699.04,73.17,142.78,3.38,Temperate
City 147,19.24,120.77,4.89,4.55,835.09,1809.69,77.82,39.08,2.67,Tropical
City 148,5.35,-174.71,5.31,3.75,905.39,1037.22,71.75,25.58,2.45,Equatorial
City 149,-53.31,-43.53,3.46,10.0,592.65,18035.71,77.83,282.22,4.18,Temperate
City 150,-23.78,-58.56,5.29,8.17,902.78,9916.77,76.64,155.25,3.79,Tropical
City 151,58.07,-173.04,2.68,9.68,475.52,16492.91,76.83,239.53,3.92,Temperate
City 152,-28.86,-135.23,5.1,6.93,892.07,6453.79,74.82,102.57,3.36,Tropical
City 153,-41.16,-31.09,4.09,8.47,709.04,11040.27,76.67,172.3,3.72,Subtropical
City 154,3.63,-2.57,7.31,3.07,1273.26,551.22,70.8,25.13,2.56,Equatorial
City 155,68.13,-34.46,2.27,8.5,407.64,11634.75,78.52,179.31,3.5,Polar
City 156,-28.53,11.14,4.63,2.46,829.13,278.8,70.56,14.89,2.0,Tropical
City 157,27.38,34.25,5.58,5.0,988.3,2467.44,71.49,45.15,2.83,Tropical
City 158,39.01,-176.43,4.16,9.08,744.13,13748.0,75.77,217.73,3.94,Subtropical
City 159,-29.11,-12.93,5.23,5.15,905.08,2560.04,77.39,53.25,2.89,Tropical
City 160,34.67,166.86,4.33,6.87,753.39,6344.76,70.76,97.28,3.19,Subtropical
City 161,-12.19,6.85,5.82,6.38,1025.46,4701.1,79.21,81.81,3.34,Equatorial
City 162,22.2,63.92,5.49,7.52,967.2,8232.6,79.74,139.92,3.67,Tropical
City 163,22.36,-67.73,5.44,3.54,951.23,868.77,76.06,26.66,2.46,Tropical
City 164,9.65,98.64,6.56,7.46,1142.24,8239.42,74.81,140.3,3.75,Equatorial
City 165,-48.26,98.25,3.49,11.64,627.23,31188.81,77.41,492.41,4.9,Temperate
City 166,48.59,7.67,2.68,6.03,477.71,4095.43,73.28,66.07,2.72,Temperate
City 167,-18.3,171.36,5.5,3.77,959.4,1027.54,74.93,26.99,2.52,Tropical
City 168,-35.75,-134.8,4.89,10.55,867.61,21335.97,79.16,349.89,4.64,Subtropical
City 169,-54.7,-173.9,3.02,9.1,521.95,13965.76,79.56,221.59,3.83,Temperate
City 170,16.82,97.26,5.7,1.0,974.66,18.19,79.27,15.43,1.88,Tropical
City 171,28.08,110.58,5.53,3.31,959.13,675.09,72.62,22.33,2.38,Tropical
City 172,-57.84,-136.73,2.59,9.16,451.6,15184.29,72.32,210.79,3.69,Temperate
City 173,6.57,-84.39,5.77,1.75,981.61,100.12,72.98,14.94,2.01,Equatorial
City 174,-30.56,-173.68,4.78,6.02,851.69,4176.34,74.41,68.45,3.03,Subtropical
City 175,23.87,-74.41,5.09,6.47,883.03,5105.7,73.14,81.97,3.19,Tropical
City 176,-37.33,98.33,3.9,11.39,686.27,27945.61,73.74,416.26,4.75,Subtropical
City 177,29.82,6.47,4.82,6.26,823.78,4882.12,76.21,78.6,3.13,Tropical
City 178,-9.72,-54.69,6.57,7.65,1127.55,8336.12,77.63,134.45,3.82,Equatorial
City 179,61.77,-46.17,2.67,13.75,477.85,50047.91,77.36,713.3,5.63,Polar
City 180,-42.12,-179.51,4.2,11.8,740.43,30939.21,78.14,465.56,5.01,Subtropical
City 181,-15.66,-72.07,6.81,6.28,1222.49,4484.17,70.32,80.24,3.36,Tropical
City 182,-45.25,52.73,3.66,3.62,658.96,897.79,70.48,20.13,2.16,Temperate
City 183,60.21,170.71,2.92,11.17,508.03,27375.72,77.89,397.27,4.57,Polar
City 184,54.05,124.94,2.96,12.03,512.32,31653.38,75.33,480.5,4.88,Temperate
City 185,-26.47,-171.51,4.72,6.44,843.64,4854.03,75.78,85.34,3.17,Tropical
City 186,25.8,143.48,4.9,10.94,882.24,23978.64,70.53,316.73,4.6,Tropical
City 187,46.24,101.95,3.52,10.77,621.25,24419.83,72.55,354.34,4.44,Temperate
City 188,12.18,100.94,6.33,6.64,1125.97,5689.11,76.38,100.52,3.47,Equatorial
City 189,8.85,-15.12,7.5,7.6,1333.63,8402.3,78.59,149.48,3.98,Equatorial
City 190,-28.56,-36.72,4.64,7.69,805.78,8609.28,79.17,141.54,3.58,Tropical
City 191,-47.9,-70.95,3.44,2.56,604.37,330.88,75.0,14.02,1.9,Temperate
City 192,56.64,-156.35,3.0,8.42,535.66,11643.63,75.45,166.22,3.53,Temperate
City 193,57.05,-97.84,3.2,12.7,566.74,40181.61,78.33,589.49,5.27,Temperate
City 194,22.3,-91.22,5.57,4.21,948.17,1465.9,75.38,34.2,2.65,Tropical
City 195,-15.93,-5.73,6.53,5.03,1131.6,2460.09,75.17,51.03,3.02,Tropical
City 196,-14.6,89.08,4.76,2.85,816.87,437.05,79.05,19.67,2.21,Equatorial
City 197,34.37,-9.43,3.4,11.9,585.98,33223.89,77.9,503.58,4.97,Subtropical
City 198,56.62,-159.18,2.79,13.87,499.27,52926.56,79.09,764.4,5.77,Temperate
City 199,55.32,164.8,3.68,7.32,626.3,7085.81,72.18,104.74,3.23,Temperate
City 200,41.38,159.38,3.32,8.51,571.75,11143.6,75.24,166.01,3.6,Subtropical
City 201,23.46,102.67,3.85,4.65,667.06,1996.37,78.42,41.63,2.56,Tropical
City 202,-49.06,176.88,3.85,10.44,678.47,21134.33,71.11,297.79,4.31,Temperate
City 203,-38.99,16.01,4.39,9.17,770.21,15241.74,77.95,240.52,4.05,Subtropical
City 204,56.81,166.6,2.48,11.71,426.68,30155.23,71.83,426.74,4.62,Temperate
City 205,18.84,-152.78,5.19,6.71,890.61,5518.29,78.08,97.78,3.34,Tropical
City 206,-58.8,-48.35,2.4,17.22,413.48,92716.56,76.12,1366.07,7.4,Temperate
City 207,-46.81,-98.86,3.78,6.11,661.36,4179.36,71.93,64.33,2.88,Temperate
City 208,26.26,-109.5,4.85,2.35,837.48,239.79,74.73,15.9,2.05,Tropical
City 209,-59.34,-129.31,3.09,8.95,555.14,13611.69,76.82,211.83,3.76,Temperate
City 210,-39.09,44.07,2.84,3.99,495.28,1232.06,76.34,25.69,2.2,Subtropical
City 211,11.34,101.28,5.78,1.4,985.67,55.09,74.27,15.45,1.94,Equatorial
City 212,29.95,28.19,4.34,4.49,769.58,1710.81,78.99,38.41,2.59,Tropical
City 213,24.75,-127.09,5.14,4.17,890.53,1380.38,75.19,33.57,2.58,Tropical
City 214,-30.84,112.0,4.57,4.7,807.09,1974.59,75.06,41.55,2.64,Subtropical
City 215,32.58,48.94,5.12,8.55,884.39,11941.03,70.62,165.78,3.82,Subtropical
City 216,-29.16,-40.26,4.03,5.65,707.98,3433.81,79.22,62.33,2.87,Tropical
City 217,-17.7,62.69,5.78,5.32,1027.92,2714.44,71.77,51.47,2.95,Tropical
City 218,37.04,-86.43,4.69,9.94,840.12,17681.17,75.28,260.16,4.29,Subtropical
City 219,24.45,-55.73,6.22,4.53,1073.07,1690.78,78.04,42.44,2.86,Tropical
City 220,50.4,150.29,3.23,8.38,560.12,10706.58,72.15,158.73,3.51,Temperate
City 221,25.49,-75.42,5.38,7.46,939.22,8069.11,75.27,131.83,3.58,Tropical
City 222,13.88,-10.8,5.13,1.0,919.03,18.41,72.41,13.57,1.73,Equatorial
City 223,-47.82,140.45,2.46,2.82,439.74,443.78,77.6,12.7,1.85,Temperate
City 224,-12.2,74.78,6.57,6.08,1122.57,4474.02,75.64,82.43,3.34,Equatorial
City 225,-25.52,-157.61,5.21,7.78,892.67,9404.23,78.56,154.53,3.7,Tropical
City 226,-28.28,-126.97,5.61,11.99,981.42,34252.39,78.95,518.09,5.34,Tropical
City 227,66.49,-177.18,1.66,11.04,283.78,24981.67,76.49,354.05,4.28,Polar
City 228,-8.9,47.13,6.64,6.94,1151.25,6354.86,77.25,114.77,3.62,Equatorial
City 229,55.97,-18.84,4.02,9.11,688.81,13864.87,75.49,210.85,3.91,Temperate
City 230,22.05,-131.66,5.67,6.95,999.34,6577.88,73.84,109.95,3.45,Tropical
City 231,43.33,164.86,4.11,12.5,736.92,38633.07,76.48,574.83,5.31,Subtropical
City 232,5.34,10.68,6.63,1.0,1193.23,19.7,79.08,17.69,2.01,Equatorial
City 233,15.0,-92.92,5.16,6.53,897.38,5262.5,74.17,85.32,3.24,Equatorial
City 234,4.03,0.22,7.4,9.74,1301.6,18043.66,73.14,265.5,4.61,Equatorial
City 235,-34.62,64.66,4.27,8.17,762.69,9911.33,73.88,157.3,3.62,Subtropical
City 236,33.92,-152.55,4.88,11.52,834.98,27629.72,74.35,381.2,4.88,Subtropical
City 237,-23.5,-81.11,4.57,4.78,809.03,2126.3,70.74,41.47,2.62,Tropical
City 238,-56.84,110.51,2.43,9.6,423.3,16697.58,74.98,256.26,3.87,Temperate
City 239,23.91,-14.52,6.04,6.47,1039.9,5426.83,74.94,96.89,3.37,Tropical
City 240,-36.98,16.77,4.24,2.15,737.54,181.73,75.88,13.22,1.92,Subtropical
City 241,62.26,-24.19,3.37,7.31,575.2,7685.41,73.63,121.2,3.22,Polar
City 242,64.01,-164.2,2.48,7.66,438.87,8517.93,76.13,128.14,3.22,Polar
City 243,58.93,-120.33,1.95,11.95,337.08,33526.41,78.78,481.61,4.76,Temperate
City 244,-11.88,-19.61,6.61,7.37,1145.06,7854.52,79.55,132.09,3.77,Equatorial
City 245,-57.99,-104.69,2.65,10.61,452.97,23681.46,75.84,364.05,4.32,Temperate
City 246,60.68,-162.01,3.1,12.13,554.1,33175.92,70.43,428.24,4.8,Polar
City 247,-4.34,123.71,6.71,4.02,1173.65,1295.89,79.69,37.57,2.82,Equatorial
City 248,65.67,173.23,1.63,13.57,286.76,45750.79,77.06,643.93,5.33,Polar
City 249,65.27,105.53,2.51,10.55,441.56,21322.97,73.36,296.54,4.16,Polar
City 250,50.89,127.36,4.54,9.23,789.69,14850.98,71.47,203.18,3.97,Temperate
City 251,-21.72,-92.89,5.73,5.51,984.44,3284.99,71.43,60.14,3.0,Tropical
City 252,-9.94,165.83,6.28,6.7,1113.62,5710.91,71.68,93.83,3.43,Equatorial
City 253,50.65,-109.11,3.99,8.01,683.77,10109.72,70.46,150.6,3.5,Temperate
City 254,-18.8,162.51,5.79,8.32,990.2,11211.66,79.02,186.83,3.97,Tropical
City 255,-37.97,178.13,4.45,4.97,787.6,2256.01,75.41,45.77,2.7,Subtropical
City 256,12.38,76.22,5.59,2.49,961.51,307.6,77.0,18.59,2.22,Equatorial
City 257,61.7,173.21,2.8,11.89,484.23,30449.87,78.28,466.81,4.83,Polar
City 258,30.48,25.03,5.38,6.83,940.84,6299.19,77.92,108.04,3.41,Subtropical
City 259,14.11,-86.56,5.59,4.28,976.19,1454.97,78.83,36.35,2.71,Equatorial
City 260,-47.37,-22.68,4.4,10.96,778.57,25027.18,79.67,404.87,4.76,Temperate
City 261,19.95,33.68,5.56,4.48,979.44,1690.96,74.39,38.32,2.71,Tropical
City 262,68.71,-153.69,1.75,10.37,308.18,20457.25,79.5,323.62,4.11,Polar
City 263,-41.79,44.04,4.57,11.68,810.17,29799.65,77.23,462.72,5.02,Subtropical
City 264,7.38,173.22,6.34,8.59,1096.32,11638.0,70.71,165.51,4.0,Equatorial
City 265,54.06,-111.56,3.6,13.34,622.85,43667.73,76.82,656.66,5.57,Temperate
City 266,36.3,105.33,4.31,6.92,752.12,6101.06,76.87,96.92,3.26,Subtropical
City 267,30.61,146.84,4.83,10.14,835.47,19774.39,79.06,312.3,4.47,Subtropical
City 268,31.32,159.73,5.05,4.76,908.99,2113.3,73.73,43.13,2.71,Subtropical
City 269,-13.27,165.65,6.22,3.06,1107.47,548.01,75.85,25.11,2.45,Equatorial
City 270,-21.83,7.73,4.47,1.0,767.93,19.79,70.12,9.98,1.6,Tropical
City 271,45.22,171.83,3.27,12.7,556.8,39514.73,73.32,534.21,5.16,Temperate
City 272,45.31,92.63,4.29,6.37,731.59,5012.5,70.62,73.64,3.02,Temperate
City 273,52.72,-121.8,3.24,8.96,559.32,13887.83,75.22,204.26,3.75,Temperate
City 274,58.72,-8.32,2.63,7.6,449.7,8284.11,78.17,134.12,3.25,Temperate
City 275,6.47,78.6,5.87,6.39,1028.77,5045.23,72.06,86.18,3.28,Equatorial
City 276,5.2,-90.96,6.1,3.58,1088.68,832.72,75.27,28.17,2.56,Equatorial
City 277,43.78,50.62,2.92,5.12,518.73,2640.22,72.04,45.04,2.48,Subtropical
City 278,24.5,59.98,5.23,7.55,901.18,8428.47,71.21,123.87,3.53,Tropical
City 279,31.26,-121.43,4.51,3.54,785.21,821.14,75.11,21.93,2.31,Subtropical
City 280,43.45,23.43,3.47,6.25,608.4,4773.65,70.79,69.02,2.87,Subtropical
City 281,55.7,97.79,3.07,4.3,546.22,1435.98,75.87,29.63,2.32,Temperate
City 282,-16.06,-0.4,6.06,2.05,1080.65,157.93,70.31,16.95,2.1,Tropical
City 283,-11.17,-175.64,7.26,5.56,1301.03,3122.52,71.07,60.98,3.23,Equatorial
City 284,-47.78,-176.75,2.9,3.87,507.64,1131.01,75.5,23.11,2.17,Temperate
City 285,15.18,-51.47,6.52,1.81,1153.2,116.62,75.91,18.08,2.17,Tropical
City 286,-55.33,153.43,3.61,9.53,618.36,16970.9,70.29,246.23,3.96,Temperate
City 287,0.53,-97.68,6.57,2.69,1154.66,352.02,75.73,20.68,2.4,Equatorial
City 288,10.54,48.37,6.36,10.03,1097.63,19199.66,78.39,311.0,4.65,Equatorial
City 289,-22.75,-100.05,5.18,10.86,902.74,24858.35,77.22,370.4,4.77,Tropical
City 290,16.81,-64.2,5.92,3.51,1043.28,792.52,71.31,23.67,2.47,Tropical
City 291,-56.03,125.3,3.83,11.0,661.31,25662.12,75.92,389.43,4.62,Temperate
City 292,-55.14,82.39,3.44,11.39,587.05,26829.84,76.72,392.55,4.68,Temperate
City 293,46.94,-145.66,3.97,7.2,675.07,6854.14,70.37,103.03,3.22,Temperate
City 294,-13.18,-25.67,5.86,1.58,997.94,74.56,78.55,16.36,2.04,Equatorial
City 295,-43.48,-169.5,3.21,8.32,546.69,11109.41,79.06,175.74,3.59,Subtropical
City 296,7.89,-6.88,6.34,4.36,1085.37,1512.98,78.5,39.89,2.84,Equatorial
City 297,40.1,58.48,4.8,6.92,826.87,6088.82,78.25,103.69,3.35,Subtropical
City 298,-31.94,-137.34,4.0,8.3,688.92,10526.42,77.45,161.33,3.66,Subtropical
City 299,20.98,-76.0,5.0,4.22,900.09,1389.35,76.33,34.02,2.58,Tropical
City 300,-48.9,-36.78,3.64,6.01,629.9,4006.81,76.79,68.28,2.89,Temperate
City 301,-53.28,151.03,2.78,9.6,475.8,16628.84,78.06,240.69,3.93,Temperate
City 302,9.08,177.57,5.97,5.87,1047.19,3910.25,76.62,75.23,3.2,Equatorial
City 303,10.28,-163.83,6.07,2.09,1083.7,171.5,73.28,17.56,2.15,Equatorial
City 304,22.87,93.96,4.72,8.61,833.8,12465.72,73.76,193.62,3.85,Tropical
City 305,34.39,-46.18,4.11,3.01,710.09,531.68,78.97,19.38,2.16,Subtropical
City 306,66.86,-38.72,2.67,9.24,469.15,14403.34,70.17,197.14,3.68,Polar
City 307,7.12,91.54,5.85,4.07,1035.96,1217.33,76.99,32.99,2.67,Equatorial
City 308,-18.02,150.63,4.94,4.21,875.76,1475.21,79.55,35.22,2.61,Tropical
City 309,43.37,162.33,3.65,6.92,644.62,6030.09,77.06,97.21,3.16,Subtropical
City 310,-24.79,27.76,5.63,11.16,1006.23,25409.67,79.94,417.9,5.0,Tropical
City 311,-2.93,-51.44,6.7,2.17,1196.61,183.41,76.88,20.77,2.3,Equatorial
City 312,-49.8,103.52,3.28,15.08,576.88,66077.7,70.34,855.84,6.19,Temperate
City 313,-56.7,-89.64,3.05,10.76,532.11,23896.49,78.27,367.5,4.44,Temperate
City 314,65.14,23.07,1.57,10.74,276.45,24775.8,72.85,364.84,4.17,Polar
City 315,48.68,-50.91,3.84,10.06,684.21,20121.98,74.46,297.32,4.24,Temperate
City 316,30.48,56.39,5.06,13.37,860.21,45008.53,73.12,656.43,5.75,Subtropical
City 317,-6.84,-93.46,6.32,2.2,1136.52,199.48,72.69,18.97,2.21,Equatorial
City 318,-37.47,-111.03,4.88,4.95,838.52,2249.89,74.31,42.92,2.74,Subtropical
City 319,-39.66,150.57,3.66,6.08,639.38,4112.39,73.79,65.72,2.88,Subtropical
City 320,-27.47,-143.35,5.64,6.83,1008.19,5815.85,76.33,101.31,3.42,Tropical
City 321,11.4,2.14,6.28,1.0,1081.61,18.26,78.13,16.33,1.95,Equatorial
City 322,32.9,-100.49,4.53,7.35,791.51,7224.79,72.97,111.97,3.38,Subtropical
City 323,25.83,-165.99,5.18,10.82,887.86,23387.2,72.14,340.17,4.66,Tropical
City 324,-23.61,-167.03,5.29,6.74,920.85,5697.49,76.67,99.23,3.35,Tropical
City 325,64.13,-116.92,3.12,9.68,536.08,18079.68,76.7,264.77,4.02,Polar
City 326,35.93,132.04,3.95,6.05,685.31,4236.45,79.01,71.14,2.97,Subtropical
City 327,12.07,-78.31,5.77,7.45,1003.16,8269.2,70.16,120.89,3.57,Equatorial
City 328,19.52,162.17,6.15,3.89,1106.85,1101.52,78.53,32.98,2.68,Tropical
City 329,-5.45,29.38,6.32,9.16,1137.38,14543.46,75.21,220.35,4.27,Equatorial
City 330,-27.79,-22.82,5.5,11.61,942.1,29206.59,76.21,439.71,5.09,Tropical
City 331,-13.72,28.83,6.89,6.01,1221.15,3995.3,70.91,66.98,3.29,Equatorial
City 332,38.52,6.01,4.1,7.82,699.58,8755.52,74.33,133.66,3.48,Subtropical
City 333,-58.13,93.16,3.27,12.39,557.17,37827.11,72.27,519.76,5.04,Temperate
City 334,-44.91,-78.3,3.28,11.23,560.95,28272.88,72.54,398.87,4.58,Subtropical
City 335,-54.02,-52.9,3.6,7.39,646.04,7291.82,75.04,112.25,3.27,Temperate
City 336,-54.71,141.87,3.27,8.15,586.73,9922.06,78.12,152.45,3.51,Temperate
City 337,51.21,160.72,3.65,5.82,627.89,3706.12,77.44,66.48,2.85,Temperate
City 338,31.48,141.32,4.47,8.17,767.8,10020.11,75.91,150.43,3.66,Subtropical
City 339,1.64,-29.0,6.05,5.83,1043.82,3712.59,75.39,69.44,3.18,Equatorial
City 340,-47.28,100.93,3.94,5.35,690.45,2801.13,74.27,51.48,2.72,Temperate
City 341,3.91,-8.52,5.69,3.25,1000.52,651.05,79.73,25.12,2.46,Equatorial
City 342,1.55,-0.89,6.73,1.0,1159.48,18.54,75.6,17.59,1.99,Equatorial
City 343,-37.48,-106.32,4.85,5.5,860.62,3114.18,72.54,52.62,2.87,Subtropical
City 344,-3.6,32.81,6.84,5.74,1184.67,3435.27,72.3,63.42,3.23,Equatorial
City 345,-8.19,-112.99,7.4,2.99,1326.34,501.89,76.11,26.32,2.6,Equatorial
City 346,20.06,-60.64,6.11,5.25,1078.53,2895.8,75.23,53.87,3.02,Tropical
City 347,22.56,127.81,5.09,2.19,888.16,195.42,70.08,14.34,2.0,Tropical
City 348,-54.11,-105.45,3.23,9.88,573.89,19041.71,78.3,287.8,4.13,Temperate
City 349,-11.3,-154.38,6.19,5.02,1102.09,2489.48,77.04,53.51,2.99,Equatorial
City 350,21.36,-155.16,4.71,4.31,815.0,1597.78,76.62,36.74,2.57,Tropical
City 351,5.41,158.68,6.15,4.07,1066.61,1318.37,70.69,30.64,2.65,Equatorial
City 352,51.34,2.49,3.13,9.59,560.6,17012.95,73.62,241.35,3.93,Temperate
City 353,25.63,-32.61,4.19,4.53,718.82,1827.49,79.35,38.17,2.58,Tropical
City 354,-38.82,111.92,4.31,4.19,733.91,1336.35,78.63,30.78,2.49,Subtropical
City 355,-50.83,120.9,3.32,13.6,579.06,47570.37,72.86,685.79,5.6,Temperate
City 356,23.51,-60.41,4.52,4.77,804.18,2165.93,71.57,40.15,2.61,Tropical
City 357,-56.55,69.7,3.24,9.41,576.4,16298.72,74.49,226.95,3.89,Temperate
City 358,16.15,97.6,6.23,8.14,1115.92,10754.8,73.56,169.58,3.91,Tropical
City 359,62.23,55.67,2.76,19.05,483.46,135125.94,76.82,2059.57,8.92,Polar
City 360,14.81,-125.43,5.8,2.37,992.0,262.89,79.66,19.02,2.25,Equatorial
City 361,-9.54,135.32,6.63,6.08,1165.79,4359.66,73.63,77.96,3.32,Equatorial
City 362,23.63,14.07,5.69,4.59,1010.91,1892.51,70.62,37.58,2.72,Tropical
City 363,-0.43,-78.31,7.12,2.7,1217.7,373.12,78.98,23.17,2.52,Equatorial
City 364,10.93,-26.92,5.82,3.29,999.89,708.43,70.38,22.21,2.39,Equatorial
City 365,62.39,-166.47,2.77,7.42,471.41,8043.35,79.53,127.72,3.23,Polar
City 366,-9.81,-133.97,6.91,4.88,1215.95,2284.4,76.65,53.27,3.05,Equatorial
City 367,64.95,95.6,2.15,6.81,385.43,6107.79,79.42,98.2,2.95,Polar
City 368,57.7,-180.0,4.01,12.14,708.64,33267.14,72.0,449.7,4.98,Temperate
City 369,-34.55,-30.04,4.32,7.59,776.62,7908.52,70.41,113.32,3.38,Subtropical
City 370,-50.98,8.1,3.45,10.15,588.23,20805.98,74.88,300.67,4.22,Temperate
City 371,-46.9,-160.33,3.38,7.52,605.27,8167.53,74.51,125.8,3.29,Temperate
City 372,-57.63,170.31,3.08,8.85,548.22,12868.72,73.31,185.72,3.65,Temperate
City 373,-47.72,-98.59,2.79,9.49,482.78,15644.68,79.58,241.08,3.92,Temperate
City 374,28.79,-70.49,4.71,3.97,846.84,1229.12,78.23,31.07,2.49,Tropical
City 375,-50.75,-70.58,2.9,8.18,501.65,10766.22,76.62,159.57,3.46,Temperate
City 376,-18.53,-97.05,5.77,3.7,1032.28,997.73,71.63,26.4,2.51,Tropical
City 377,49.83,-179.47,4.01,6.76,716.81,5950.99,77.34,93.08,3.17,Temperate
City 378,-56.97,82.56,3.33,4.42,592.18,1620.68,77.27,31.64,2.4,Temperate
City 379,45.88,168.06,2.6,11.94,457.09,31646.36,74.25,433.43,4.73,Temperate
City 380,-23.36,-99.25,6.39,4.62,1093.27,1776.16,79.25,42.46,2.92,Tropical
City 381,-44.64,58.7,4.02,11.37,705.3,28925.94,71.67,415.09,4.74,Subtropical
City 382,30.58,87.08,4.47,9.73,776.1,16739.84,72.67,247.37,4.16,Subtropical
City 383,21.76,125.43,5.56,2.96,988.39,500.17,70.63,20.21,2.27,Tropical
City 384,54.07,-27.85,3.3,6.69,586.57,5681.46,77.95,96.28,3.06,Temperate
City 385,35.56,-70.94,4.18,13.96,748.2,51804.22,76.22,743.57,5.93,Subtropical
City 386,44.45,-62.89,3.99,12.82,678.43,41856.26,73.15,615.12,5.4,Subtropical
City 387,-23.34,76.54,5.06,6.25,901.64,4420.04,71.64,71.67,3.11,Tropical
City 388,-36.93,114.04,4.21,8.34,755.66,11325.59,70.4,159.92,3.62,Subtropical
City 389,37.58,-114.62,4.03,6.18,716.24,4274.91,71.67,67.29,2.94,Subtropical
City 390,44.89,-46.46,3.14,9.57,538.14,15841.97,74.53,222.15,3.91,Subtropical
City 391,68.77,144.7,2.26,9.08,385.92,14135.43,72.47,209.96,3.62,Polar
City 392,-6.36,110.41,6.85,1.0,1165.5,18.13,72.59,15.7,1.98,Equatorial
City 393,-11.64,174.55,6.44,1.86,1135.79,125.96,78.76,18.56,2.2,Equatorial
City 394,40.93,91.53,4.54,8.15,801.2,10302.73,75.15,155.53,3.66,Subtropical
City 395,-15.7,-38.45,6.06,2.74,1090.63,372.24,77.29,20.52,2.35,Tropical
City 396,61.0,32.63,2.46,9.93,428.64,17712.79,70.36,233.63,3.88,Polar
City 397,51.59,57.97,3.81,6.47,660.05,5213.54,73.65,78.26,3.01,Temperate
City 398,-4.23,-151.76,6.03,2.47,1061.89,294.53,74.79,18.85,2.25,Equatorial
City 399,37.61,16.02,3.92,9.89,698.18,18283.01,71.86,269.18,4.14,Subtropical
City 400,38.09,75.36,3.85,8.43,690.85,11438.73,71.2,161.32,3.6,Subtropical
City 401,-46.59,-119.76,4.28,8.64,761.7,12620.31,78.7,192.18,3.84,Temperate
City 402,57.33,101.03,3.46,11.93,602.64,32640.96,79.39,509.17,5.01,Temperate
City 403,5.68,30.16,6.85,5.77,1207.26,3543.79,70.79,67.24,3.23,Equatorial
City 404,47.44,162.8,4.22,12.36,752.68,36306.48,73.49,502.88,5.16,Temperate
City 405,-18.39,-164.73,5.27,4.69,922.25,1986.17,79.58,42.96,2.78,Tropical
City 406,56.42,-84.48,3.23,8.57,555.24,12243.94,70.83,180.81,3.57,Temperate
City 407,-9.4,36.56,6.28,1.69,1078.11,92.48,76.44,16.43,2.11,Equatorial
City 408,-58.59,-73.24,3.32,8.79,564.76,13525.81,79.72,213.68,3.78,Temperate
City 409,57.7,77.19,2.9,12.18,514.43,33253.23,79.78,497.84,4.98,Temperate
City 410,-48.13,93.24,3.44,12.06,588.32,34937.58,74.71,527.25,5.02,Temperate
City 411,-18.49,-143.09,5.98,8.25,1030.53,10710.63,71.63,167.89,3.88,Tropical
City 412,63.51,4.99,2.99,5.87,517.64,3903.2,72.02,62.5,2.71,Polar
City 413,63.58,3.2,2.22,13.07,389.02,40592.83,78.9,602.35,5.25,Polar
City 414,14.55,-47.06,5.95,1.0,1035.38,18.76,79.12,15.69,1.91,Equatorial
City 415,22.14,155.85,4.92,8.46,869.78,11827.18,76.08,178.56,3.84,Tropical
City 416,-1.7,117.9,5.63,3.25,960.54,666.9,77.66,25.0,2.43,Equatorial
City 417,-21.88,71.0,5.57,7.94,953.54,9066.09,77.4,153.78,3.78,Tropical
City 418,-17.27,77.16,6.1,2.4,1066.63,262.71,76.62,19.19,2.26,Tropical
City 419,27.43,-13.78,5.21,9.67,903.45,16439.17,78.27,262.17,4.33,Tropical
City 420,37.81,151.56,3.38,4.12,584.36,1396.52,76.85,27.91,2.32,Subtropical
City 421,42.91,70.05,3.82,6.62,652.17,5741.17,75.34,90.89,3.09,Subtropical
City 422,42.65,82.43,2.91,5.77,519.92,3465.54,72.37,55.56,2.66,Subtropical
City 423,-48.14,130.21,4.31,4.43,763.37,1712.57,77.44,35.99,2.55,Temperate
City 424,4.27,-81.33,6.16,4.66,1054.31,2012.48,74.73,42.89,2.86,Equatorial
City 425,-52.52,110.55,3.95,13.77,674.32,48811.31,72.95,649.85,5.68,Temperate
City 426,11.44,-109.71,6.67,11.81,1199.32,32029.44,78.02,508.35,5.43,Equatorial
City 427,-2.6,-55.68,6.37,4.5,1125.87,1724.26,76.97,43.39,2.87,Equatorial
City 428,55.4,-59.18,2.56,12.33,445.1,36214.14,79.37,580.18,5.09,Temperate
City 429,-14.38,172.27,6.17,6.02,1091.93,4072.13,71.65,71.93,3.21,Equatorial
City 430,-44.78,128.35,3.44,9.73,611.38,17150.59,76.49,259.47,4.07,Subtropical
City 431,-41.41,72.42,4.15,7.29,738.31,7289.63,72.44,107.81,3.3,Subtropical
City 432,39.0,81.74,4.03,8.39,704.16,10792.25,79.04,181.71,3.73,Subtropical
City 433,20.37,22.35,4.68,7.38,816.35,7904.91,70.99,118.75,3.4,Tropical
City 434,-46.85,160.95,2.6,7.24,443.13,7093.54,76.56,111.72,3.11,Temperate
City 435,-49.07,-1.35,3.68,8.71,659.47,12435.1,77.91,197.56,3.77,Temperate
City 436,31.13,-43.01,4.54,6.97,799.26,6690.41,73.55,108.47,3.28,Subtropical
City 437,-50.54,-121.31,3.19,11.12,548.02,26117.05,79.54,382.19,4.59,Temperate
City 438,46.84,103.03,4.07,6.02,729.15,4162.62,78.51,70.82,2.97,Temperate
City 439,31.81,84.4,5.36,7.05,960.23,6984.38,72.95,112.03,3.42,Subtropical
City 440,-49.42,-41.63,3.4,13.72,612.35,51095.22,70.08,717.09,5.66,Temperate
City 441,-48.97,-170.93,3.4,11.81,608.03,30187.1,72.97,435.26,4.8,Temperate
City 442,68.26,122.04,2.47,14.2,444.84,54240.63,72.81,749.66,5.72,Polar
City 443,-11.34,-175.89,5.53,5.2,953.18,2796.91,78.9,55.4,2.96,Equatorial
City 444,-11.82,73.33,6.28,5.98,1121.28,4016.85,79.67,79.73,3.31,Equatorial
City 445,45.66,169.29,4.08,11.07,727.08,25440.11,70.7,360.45,4.58,Temperate
City 446,63.14,-22.44,2.92,14.21,503.17,52821.64,74.71,765.5,5.83,Polar
City 447,68.18,-95.41,1.5,5.94,256.48,3818.53,75.48,57.16,2.54,Polar
City 448,37.94,73.75,3.96,4.51,712.63,1781.47,70.93,35.12,2.45,Subtropical
City 449,-11.09,114.17,5.78,8.38,1000.55,11508.15,73.77,176.29,3.92,Equatorial
City 450,-49.14,16.71,3.61,8.22,645.1,11082.99,73.17,168.04,3.55,Temperate
City 451,41.03,168.13,4.37,6.42,742.8,5181.0,75.36,82.27,3.1,Subtropical
City 452,12.59,-161.4,6.87,2.12,1168.81,177.11,76.61,19.27,2.31,Equatorial
City 453,-4.85,1.73,6.41,3.1,1120.08,537.36,77.03,25.22,2.5,Equatorial
City 454,57.83,78.64,2.7,6.28,466.03,4938.42,71.37,69.81,2.77,Temperate
City 455,-45.54,130.55,4.39,13.78,776.01,48904.69,78.13,738.45,5.93,Temperate
City 456,4.04,-115.47,6.87,4.35,1205.95,1530.92,76.79,39.85,2.89,Equatorial
City 457,-58.52,108.0,3.54,9.71,604.06,18123.92,78.89,288.14,4.14,Temperate
City 458,0.93,18.97,7.08,5.56,1215.04,3299.91,74.49,62.44,3.24,Equatorial
City 459,-52.68,-37.24,2.73,11.67,475.35,29320.37,78.94,433.67,4.73,Temperate
City 460,-44.55,-132.58,3.21,10.82,552.46,25054.11,78.66,399.86,4.53,Subtropical
City 461,-44.72,131.51,3.09,11.16,550.44,27751.86,74.38,403.02,4.56,Subtropical
City 462,24.4,-123.38,5.62,4.86,979.34,2089.52,73.81,41.25,2.82,Tropical
City 463,36.99,-68.48,5.01,6.95,855.58,6632.76,79.33,109.22,3.41,Subtropical
City 464,15.84,-75.58,6.82,7.51,1191.74,7943.46,77.15,140.94,3.83,Tropical
City 465,65.08,133.71,2.87,9.19,489.79,14783.14,79.28,222.69,3.82,Polar
City 466,-11.27,62.17,6.79,5.11,1163.52,2652.01,77.97,57.18,3.11,Equatorial
City 467,-22.86,106.81,5.11,7.28,880.94,7704.44,76.09,123.08,3.49,Tropical
City 468,52.92,-89.83,2.72,11.25,485.34,26408.89,71.16,378.37,4.46,Temperate
City 469,-30.93,44.95,5.26,2.65,942.79,342.53,72.91,18.28,2.17,Subtropical
City 470,65.22,25.83,2.64,12.31,471.24,33867.5,79.69,525.22,5.02,Polar
City 471,-58.42,119.82,2.96,9.26,513.84,15173.17,73.19,206.92,3.77,Temperate
City 472,66.08,146.19,2.57,12.38,443.52,34180.78,70.93,485.29,4.88,Polar
City 473,-54.39,-175.62,3.35,11.38,588.66,27750.91,77.08,412.6,4.7,Temperate
City 474,55.85,62.65,3.73,13.6,661.47,45694.22,77.34,712.12,5.75,Temperate
City 475,8.6,-161.34,7.05,8.24,1267.71,10538.37,72.85,163.35,4.03,Equatorial
City 476,69.09,17.59,2.44,14.27,417.35,52592.15,72.98,750.03,5.74,Polar
City 477,-50.41,-76.45,3.89,12.65,663.98,39816.86,74.69,548.41,5.26,Temperate
City 478,12.0,-69.56,6.42,5.93,1135.44,3838.16,70.22,68.07,3.2,Equatorial
City 479,66.01,-52.93,2.15,10.68,383.17,22736.15,77.89,336.32,4.25,Polar
City 480,8.0,43.67,6.82,6.98,1216.78,6719.66,73.17,108.61,3.61,Equatorial
City 481,21.82,-59.74,4.78,8.01,844.19,10026.6,78.54,155.7,3.7,Tropical
City 482,30.45,83.77,5.4,6.27,968.73,4549.33,78.03,78.76,3.23,Subtropical
City 483,-0.91,-34.37,6.34,5.1,1110.03,2411.08,76.61,49.56,3.02,Equatorial
City 484,21.58,-155.39,5.63,6.07,1008.93,4346.9,73.25,73.19,3.16,Tropical
City 485,15.96,102.15,5.46,3.46,981.07,778.8,75.16,26.17,2.44,Tropical
City 486,57.15,-77.13,3.28,12.94,584.7,42332.56,74.45,598.65,5.32,Temperate
City 487,-54.09,-24.2,3.2,9.55,553.32,16438.91,73.39,242.53,3.93,Temperate
City 488,-23.47,66.76,4.56,11.47,784.04,28200.76,78.48,413.22,4.91,Tropical
City 489,63.55,-60.32,2.76,6.29,484.61,4707.65,74.84,74.53,2.82,Polar
City 490,55.73,-159.63,2.81,8.18,490.37,10677.42,78.33,165.88,3.47,Temperate
City 491,-0.76,-45.39,7.39,4.16,1320.64,1423.75,71.05,38.91,2.86,Equatorial
City 492,20.62,160.0,5.56,8.91,950.33,12781.89,71.41,193.11,4.02,Tropical
City 493,-23.94,51.02,5.52,7.39,952.95,7696.03,79.77,130.47,3.62,Tropical
City 494,-35.54,61.73,4.03,8.33,715.95,10444.41,75.88,165.56,3.66,Subtropical
City 495,0.28,47.62,6.69,1.21,1142.92,33.54,75.1,16.24,2.03,Equatorial
City 496,-14.06,-108.36,5.79,2.51,1002.21,314.16,75.23,18.94,2.24,Equatorial
City 497,15.88,-29.4,6.32,6.39,1098.36,4893.9,72.15,78.47,3.34,Tropical
City 498,-49.89,90.34,4.35,5.58,765.89,3449.84,77.19,60.84,2.88,Temperate
City 499,66.67,-143.51,1.93,9.34,331.22,15680.75,70.85,209.32,3.62,Polar
City 500,68.21,-79.97,2.76,12.07,493.65,34963.11,75.73,521.96,4.93,Polar
City 501,30.76,-80.53,3.76,4.62,656.36,1924.69,75.71,37.09,2.5,Subtropical
City 502,9.69,-24.47,5.72,8.98,1025.65,13196.16,79.14,219.5,4.17,Equatorial
City 503,-19.76,172.93,5.14,9.04,897.38,13621.09,75.26,207.94,4.05,Tropical
City 504,45.79,-155.7,3.12,4.65,538.67,1890.02,71.37,31.5,2.37,Temperate
City 505,29.02,6.73,4.18,4.57,716.04,1751.13,75.73,36.38,2.55,Tropical
City 506,-38.86,-115.43,4.49,2.17,762.84,194.46,70.91,13.35,1.91,Subtropical
City 507,58.42,169.44,2.8,7.89,491.52,9288.44,72.04,139.55,3.3,Temperate
City 508,46.93,-139.21,3.9,10.61,667.97,23776.29,70.31,329.03,4.39,Temperate
City 509,63.47,-34.7,2.9,9.31,504.72,15238.24,75.13,230.73,3.83,Polar
City 510,34.34,85.64,4.73,8.59,831.75,12389.22,70.85,182.68,3.8,Subtropical
City 511,19.74,73.64,5.95,2.17,1027.35,202.78,74.69,16.83,2.16,Tropical
City 512,-5.63,-27.82,6.57,6.56,1128.63,5570.89,79.33,97.41,3.51,Equatorial
City 513,61.25,-55.25,2.12,8.74,376.59,12286.21,77.2,177.34,3.52,Polar
City 514,52.59,-36.86,3.85,9.29,690.54,15223.51,70.77,209.94,3.89,Temperate
City 515,-54.12,-84.86,2.92,9.18,498.81,14463.07,72.24,204.79,3.73,Temperate
City 516,-56.57,-106.08,2.57,6.48,441.27,5111.47,76.74,85.2,2.88,Temperate
City 517,-11.06,-6.11,6.14,2.22,1102.18,205.74,78.95,19.48,2.25,Equatorial
City 518,45.37,-83.33,3.37,10.96,573.76,25849.94,70.33,361.5,4.45,Temperate
City 519,68.35,-76.51,2.01,11.83,360.82,31314.27,78.12,479.75,4.72,Polar
City 520,-40.45,56.43,4.34,10.67,738.14,23136.22,75.62,332.34,4.53,Subtropical
City 521,17.24,168.67,5.97,6.54,1066.63,5572.79,75.46,90.77,3.37,Tropical
City 522,-10.48,37.31,5.82,5.41,1006.8,2862.6,79.58,58.79,3.06,Equatorial
City 523,66.09,-152.29,2.13,6.29,382.08,4731.01,77.48,76.85,2.76,Polar
City 524,49.48,-152.79,4.07,8.27,705.47,11063.14,78.5,184.74,3.7,Temperate
City 525,48.98,162.51,3.82,8.83,674.29,12599.71,73.54,182.71,3.75,Temperate
City 526,0.93,-72.98,7.5,8.98,1281.0,13900.78,75.54,227.0,4.4,Equatorial
City 527,-6.07,-146.86,7.16,6.32,1235.4,4675.25,76.15,84.46,3.49,Equatorial
City 528,-24.46,35.66,5.86,10.29,1041.56,21476.07,73.22,319.49,4.61,Tropical
City 529,-52.67,44.51,2.62,10.76,459.09,23245.02,75.7,344.47,4.32,Temperate
City 530,52.41,53.46,3.71,7.46,665.66,7755.89,72.37,110.34,3.28,Temperate
City 531,45.68,-83.74,3.78,8.86,658.12,13353.58,71.43,181.73,3.73,Temperate
City 532,69.96,-174.56,1.83,11.59,326.5,28572.07,73.74,384.46,4.46,Polar
City 533,69.56,167.41,2.21,8.61,386.43,11846.02,77.39,177.43,3.5,Polar
City 534,12.21,-89.68,6.62,4.26,1189.9,1455.61,79.16,40.82,2.86,Equatorial
City 535,39.97,63.37,4.45,7.48,799.69,7836.76,74.58,118.16,3.42,Subtropical
City 536,62.82,74.39,2.16,14.3,374.9,55658.74,76.43,822.75,5.85,Polar
City 537,50.45,39.6,3.84,3.84,686.72,1090.15,71.03,23.45,2.25,Temperate
City 538,-27.84,-67.35,4.73,9.8,844.56,18002.74,79.04,291.91,4.34,Tropical
City 539,-1.43,-82.41,7.01,1.8,1206.17,112.78,75.69,19.56,2.24,Equatorial
City 540,-43.21,35.16,3.82,4.89,673.9,2177.69,77.8,43.38,2.61,Subtropical
City 541,64.03,131.79,2.41,13.35,411.23,43453.06,77.94,651.3,5.41,Polar
City 542,18.8,160.82,6.07,7.71,1082.14,8947.08,72.56,135.14,3.72,Tropical
City 543,-30.28,-141.87,4.36,10.16,748.91,20686.5,75.29,316.63,4.38,Subtropical
City 544,27.32,-124.26,6.06,8.73,1034.51,12334.45,79.6,195.52,4.13,Tropical
City 545,20.36,160.11,4.66,11.19,811.63,26328.49,70.9,357.5,4.69,Tropical
City 546,-13.44,85.15,5.76,6.74,1012.51,5818.38,76.83,96.4,3.42,Equatorial
City 547,-45.24,137.88,4.02,8.13,717.5,10255.48,79.62,169.05,3.65,Temperate
City 548,27.3,-107.05,5.38,7.59,967.17,8439.69,73.01,133.04,3.59,Tropical
City 549,7.64,31.53,6.41,7.87,1118.74,8823.52,78.61,150.89,3.89,Equatorial
City 550,40.4,72.41,4.14,6.09,706.85,4395.19,79.34,76.22,3.02,Subtropical
City 551,7.62,64.84,6.67,3.13,1184.18,557.04,77.47,24.55,2.55,Equatorial
City 552,50.78,-33.07,3.33,8.31,584.85,10851.03,72.31,163.92,3.51,Temperate
City 553,11.75,-174.46,6.87,1.0,1199.41,19.66,73.34,17.0,1.99,Equatorial
City 554,12.92,29.85,6.52,5.64,1127.72,3386.51,70.36,59.76,3.13,Equatorial
City 555,53.96,-88.88,3.66,4.68,640.39,1877.04,78.31,37.81,2.53,Temperate
City 556,-7.55,-17.91,5.99,4.89,1038.35,2331.34,78.5,48.63,2.93,Equatorial
City 557,-42.58,164.73,3.98,10.42,706.7,22383.42,76.33,321.9,4.41,Subtropical
City 558,-56.26,-36.35,2.91,8.43,510.82,11722.69,73.53,169.2,3.51,Temperate
City 559,38.17,122.33,3.83,12.01,683.87,32604.1,70.77,434.74,4.89,Subtropical
City 560,20.64,-112.13,5.74,2.41,1006.17,257.99,77.53,18.12,2.22,Tropical
City 561,31.53,62.09,4.52,10.13,779.87,20675.65,77.27,327.99,4.43,Subtropical
City 562,-32.31,171.72,5.07,8.92,904.28,13527.69,79.13,217.67,4.06,Subtropical
City 563,-42.27,-143.32,3.51,3.94,615.54,1202.53,77.31,26.66,2.3,Subtropical
City 564,-58.11,-177.0,3.79,16.59,652.46,85280.34,78.29,1303.7,7.37,Temperate
City 565,-14.42,-23.91,5.54,5.28,976.73,2752.96,77.46,57.5,2.97,Equatorial
City 566,16.69,-146.65,5.94,3.48,1031.29,838.2,76.31,26.0,2.52,Tropical
City 567,-9.01,89.42,6.77,1.38,1207.24,50.39,74.27,18.37,2.08,Equatorial
City 568,-3.13,149.24,6.5,3.76,1133.71,973.95,79.02,31.92,2.71,Equatorial
City 569,57.54,-23.75,3.4,9.44,602.41,15489.83,76.51,225.22,3.94,Temperate
City 570,-14.73,-86.86,5.35,5.73,915.39,3566.4,73.98,61.65,3.03,Equatorial
City 571,6.82,-23.61,7.25,3.94,1261.0,1103.92,70.83,31.77,2.77,Equatorial
City 572,41.87,80.44,4.08,9.77,732.97,17652.04,72.91,259.8,4.13,Subtropical
City 573,-8.45,-176.74,6.11,3.88,1088.16,1096.83,75.44,30.47,2.64,Equatorial
City 574,20.87,32.2,5.39,1.25,924.82,38.17,72.76,13.36,1.83,Tropical
City 575,52.11,40.79,3.76,8.84,649.12,12913.19,72.21,189.7,3.74,Temperate
City 576,63.44,49.57,2.27,4.43,392.89,1729.95,75.27,30.2,2.23,Polar
City 577,-40.88,-92.87,3.76,8.97,664.31,13263.11,71.7,196.98,3.78,Subtropical
City 578,60.46,77.06,2.66,7.6,471.85,8411.75,78.0,136.78,3.26,Polar
City 579,3.98,-147.1,6.13,4.81,1088.62,2017.93,74.84,44.04,2.89,Equatorial
City 580,-26.43,-108.26,6.06,9.93,1061.15,19050.31,75.74,303.82,4.55,Tropical
City 581,-0.31,135.89,6.69,1.66,1192.42,91.33,71.47,16.65,2.11,Equatorial
City 582,67.4,85.94,2.7,13.39,470.37,47183.69,73.25,628.52,5.38,Polar
City 583,4.04,-175.05,6.82,3.32,1168.18,699.72,74.1,25.97,2.58,Equatorial
City 584,-17.26,-90.58,5.3,10.11,930.81,19597.83,78.08,307.8,4.51,Tropical
City 585,22.34,-102.81,5.43,5.32,975.36,2963.92,77.7,58.95,2.97,Tropical
City 586,-28.78,-82.51,5.38,4.78,956.79,2166.07,72.23,42.75,2.75,Tropical
City 587,-50.14,-90.88,3.4,10.73,597.01,24693.78,76.16,351.53,4.44,Temperate
City 588,-43.25,-157.49,4.57,7.24,806.35,7117.54,72.43,105.27,3.34,Subtropical
City 589,-43.35,-14.78,4.48,6.23,802.57,4835.84,79.88,88.75,3.13,Subtropical
City 590,-40.25,83.78,4.64,6.83,808.98,5836.08,79.52,104.29,3.32,Subtropical
City 591,-41.95,38.42,3.83,8.08,664.4,9776.28,75.63,152.78,3.55,Subtropical
City 592,23.31,62.23,4.83,9.69,867.96,16523.07,76.99,258.79,4.26,Tropical
City 593,-36.36,-150.79,4.15,2.8,741.03,407.21,78.01,17.2,2.1,Subtropical
City 594,-15.06,162.54,6.04,5.56,1046.95,3365.12,77.21,62.7,3.12,Tropical
City 595,56.58,121.86,3.31,11.22,578.42,27837.66,77.0,412.58,4.65,Temperate
City 596,1.62,109.83,5.8,4.65,1010.28,1960.25,79.59,45.84,2.85,Equatorial
City 597,26.78,116.27,5.12,9.95,878.23,18991.31,75.96,287.91,4.4,Tropical
City 598,-37.6,155.78,4.45,7.57,798.61,8267.3,76.36,124.87,3.47,Subtropical
City 599,-35.0,15.93,4.41,7.04,767.71,6771.72,78.49,117.81,3.35,Subtropical
City 600,-54.69,-107.9,3.82,10.95,682.4,24655.9,76.7,382.65,4.61,Temperate
City 601,-38.04,42.04,4.55,8.05,781.81,10275.78,77.33,158.37,3.67,Subtropical
City 602,-23.78,87.44,5.99,5.4,1051.16,3051.52,72.34,57.08,3.01,Tropical
City 603,-36.99,85.65,4.3,8.99,732.51,14088.67,73.71,216.82,3.91,Subtropical
City 604,-48.47,7.72,4.08,7.22,724.06,7164.75,71.47,102.57,3.25,Temperate
City 605,-44.32,-155.35,4.72,6.9,829.0,6505.48,75.06,104.63,3.3,Subtropical
City 606,-0.1,-46.4,7.5,2.69,1321.92,360.14,74.56,23.72,2.52,Equatorial
City 607,-33.18,151.48,4.13,10.7,704.5,22986.77,79.97,356.58,4.58,Subtropical
City 608,-12.64,30.4,5.99,1.0,1030.6,19.56,76.11,15.72,1.89,Equatorial
City 609,5.44,13.8,6.45,5.53,1100.67,3216.65,77.86,63.07,3.17,Equatorial
City 610,29.75,-83.21,5.16,7.06,892.46,6962.35,73.34,104.43,3.39,Tropical
City 611,-54.89,-47.36,3.5,5.29,617.12,2762.13,78.32,47.99,2.67,Temperate
City 612,43.92,142.32,3.51,9.17,615.86,14433.47,76.15,207.26,3.86,Subtropical
City 613,21.63,59.93,5.52,7.35,972.2,7859.63,76.97,127.92,3.58,Tropical
City 614,-49.37,103.46,2.53,10.41,444.71,21361.31,72.94,309.17,4.14,Temperate
City 615,53.57,-16.44,3.97,2.73,685.98,385.94,75.49,14.89,2.03,Temperate
City 616,59.71,46.89,2.56,13.39,442.13,44783.77,76.34,666.1,5.45,Temperate
City 617,-52.06,-90.58,3.38,7.36,579.87,7401.96,75.89,117.36,3.25,Temperate
City 618,-24.01,73.97,5.16,8.12,921.86,10327.93,79.15,164.82,3.8,Tropical
City 619,44.81,-26.06,4.44,10.33,781.57,20124.94,78.98,317.06,4.47,Subtropical
City 620,37.27,-20.68,2.97,5.54,510.8,3351.64,79.71,59.63,2.69,Subtropical
City 621,-36.01,53.76,4.47,9.25,767.96,15491.5,76.67,236.04,4.06,Subtropical
City 622,-32.78,157.06,4.65,6.31,831.48,4628.54,79.72,81.28,3.16,Subtropical
City 623,-11.84,-156.96,5.94,1.0,1054.71,19.39,78.32,16.18,1.91,Equatorial
City 624,2.99,116.91,7.5,7.22,1324.45,7222.69,72.71,124.01,3.78,Equatorial
City 625,20.37,-74.74,5.13,4.1,893.01,1265.74,74.27,30.23,2.54,Tropical
City 626,-12.04,-20.19,6.54,3.07,1129.45,535.52,72.38,22.64,2.46,Equatorial
City 627,0.13,-172.11,7.17,3.01,1288.96,510.78,70.04,23.86,2.51,Equatorial
City 628,37.17,-71.62,5.03,8.4,894.98,11488.18,71.88,161.58,3.77,Subtropical
City 629,-55.23,0.95,2.8,9.38,484.49,15909.26,70.04,219.38,3.76,Temperate
City 630,-27.18,-159.78,4.73,8.09,844.31,10088.5,77.2,157.47,3.7,Tropical
City 631,32.74,-3.21,5.26,3.92,933.51,1181.17,74.26,28.65,2.52,Subtropical
City 632,56.38,153.76,3.27,7.78,564.97,9196.35,73.13,135.14,3.34,Temperate
City 633,6.52,-142.06,5.77,4.36,1005.73,1596.28,77.62,36.37,2.74,Equatorial
City 634,9.17,95.2,6.09,9.66,1046.3,17656.57,78.32,275.45,4.47,Equatorial
City 635,-46.07,-32.52,3.97,8.32,679.04,10760.43,79.75,166.15,3.69,Temperate
City 636,-1.84,55.86,7.29,6.9,1292.05,6482.83,76.42,107.24,3.69,Equatorial
City 637,9.24,-86.31,6.01,5.02,1038.39,2433.29,74.62,50.9,2.93,Equatorial
City 638,-28.48,-122.58,3.55,5.64,632.5,3522.02,73.05,60.19,2.73,Tropical
City 639,-25.0,-122.23,5.51,5.88,991.87,3887.47,72.22,64.9,3.07,Tropical
City 640,-10.95,-154.62,5.62,4.67,960.24,1882.89,72.13,39.13,2.75,Equatorial
City 641,-57.39,-113.17,1.97,11.25,344.91,27160.38,74.09,378.15,4.39,Temperate
City 642,-18.13,59.12,4.31,9.25,768.12,14831.18,79.92,236.71,4.07,Tropical
City 643,-32.51,137.41,5.13,8.15,912.78,10500.81,70.01,150.81,3.69,Subtropical
City 644,-17.43,113.09,5.84,8.71,1037.99,12523.75,71.97,180.94,4.0,Tropical
City 645,-44.43,66.65,3.78,6.03,655.27,4315.66,71.88,69.32,2.87,Subtropical
City 646,55.77,-140.24,3.79,8.54,661.63,12056.88,77.17,179.15,3.71,Temperate
City 647,17.17,-75.89,6.12,3.91,1076.28,1154.22,73.52,29.69,2.63,Tropical
City 648,28.28,-68.47,5.83,7.61,1047.58,8138.44,74.57,133.82,3.68,Tropical
City 649,42.59,-90.02,3.32,7.36,575.65,7967.15,71.49,118.06,3.2,Subtropical
City 650,4.8,5.4,6.65,6.3,1191.33,4931.57,74.05,86.13,3.39,Equatorial
City 651,-48.7,12.8,2.78,6.54,480.54,5482.85,71.03,80.21,2.86,Temperate
City 652,9.82,-51.52,6.2,5.09,1114.9,2460.74,75.33,51.16,2.99,Equatorial
City 653,16.29,-52.64,5.74,7.35,1013.47,7560.43,70.98,114.86,3.53,Tropical
City 654,36.91,118.28,4.73,2.53,825.99,295.05,77.91,16.41,2.11,Subtropical
City 655,-3.88,104.15,6.75,9.69,1189.06,17370.69,75.67,266.82,4.53,Equatorial
City 656,-43.41,-69.19,4.27,7.63,738.0,8136.55,77.24,130.63,3.48,Subtropical
City 657,-23.11,148.96,5.73,1.25,990.52,37.17,74.19,14.78,1.89,Tropical
City 658,-12.8,163.01,7.18,5.68,1229.01,3527.24,73.81,68.19,3.28,Equatorial
City 659,23.97,-62.37,5.16,6.48,883.86,5111.36,70.98,79.81,3.18,Tropical
City 660,14.2,-52.41,5.54,5.22,960.26,2694.92,75.24,51.78,2.92,Equatorial
City 661,-13.71,2.03,6.16,7.85,1094.82,9549.76,75.15,149.96,3.81,Equatorial
City 662,68.25,158.8,1.82,12.69,320.74,37256.72,74.68,535.25,4.96,Polar
City 663,18.75,135.47,6.43,6.62,1099.43,5680.9,77.41,99.23,3.49,Tropical
City 664,-29.16,-143.08,4.82,8.04,859.97,9537.55,78.33,161.08,3.72,Tropical
City 665,-46.77,-38.62,3.44,8.42,606.09,10773.25,77.51,171.04,3.62,Temperate
City 666,-40.13,19.21,3.96,12.45,710.42,35465.61,71.44,511.64,5.14,Subtropical
City 667,-28.03,1.13,5.4,3.1,953.73,584.39,76.22,22.77,2.34,Tropical
City 668,-39.11,-110.21,4.18,8.26,718.49,10601.75,70.8,159.84,3.6,Subtropical
City 669,-35.75,129.17,4.18,7.74,729.87,9145.51,76.95,146.44,3.51,Subtropical
City 670,-22.94,63.7,6.23,8.33,1098.98,10998.71,73.82,177.96,3.97,Tropical
City 671,-37.46,121.65,3.95,5.64,672.55,3231.29,71.32,51.0,2.76,Subtropical
City 672,56.58,129.16,3.06,5.3,520.18,2891.17,78.62,48.56,2.62,Temperate
City 673,-49.57,89.41,3.86,9.35,660.56,14888.73,76.14,226.82,3.98,Temperate
City 674,8.19,-21.88,5.61,5.52,968.04,3296.17,73.55,62.62,3.01,Equatorial
City 675,-6.65,39.8,6.77,8.39,1180.81,10824.68,70.31,158.98,4.0,Equatorial
City 676,67.71,-122.27,1.73,7.6,303.02,8188.72,75.37,117.92,3.07,Polar
City 677,-45.43,62.51,4.23,11.43,725.1,29154.2,79.23,450.83,4.91,Temperate
City 678,-8.28,-115.47,5.94,10.75,1049.65,24707.47,75.96,377.58,4.84,Equatorial
City 679,66.03,69.82,2.72,9.66,479.35,16888.56,79.72,257.94,3.98,Polar
City 680,52.52,-97.34,3.88,6.02,670.47,4297.97,71.36,68.89,2.87,Temperate
City 681,46.22,-137.68,4.2,7.6,713.78,8083.42,75.68,132.83,3.45,Temperate
City 682,-26.47,-120.5,5.27,6.68,900.43,5852.58,77.98,104.24,3.36,Tropical
City 683,-37.78,-179.28,4.24,9.19,737.31,14981.24,75.26,219.82,3.98,Subtropical
City 684,26.92,78.75,4.83,5.21,828.05,2605.9,70.91,45.42,2.77,Tropical
City 685,60.82,83.66,3.48,13.97,604.4,50723.39,75.83,729.5,5.81,Polar
City 686,12.38,5.38,5.78,2.45,1019.56,269.11,76.12,18.43,2.23,Equatorial
City 687,14.31,-121.91,5.48,1.08,961.55,23.83,77.29,13.86,1.85,Equatorial
City 688,-23.6,-149.92,5.68,9.13,978.82,13995.26,77.61,226.9,4.2,Tropical
City 689,40.03,-173.11,3.8,2.32,658.99,239.87,77.71,13.08,1.92,Subtropical
City 690,-35.68,-120.33,4.03,7.06,709.33,7028.39,76.63,117.17,3.28,Subtropical
City 691,-17.92,140.71,5.02,13.59,897.27,45202.47,72.16,660.43,5.8,Tropical
City 692,-4.69,-93.05,6.43,4.44,1141.53,1669.32,74.04,37.56,2.82,Equatorial
City 693,5.99,-52.46,6.54,1.8,1147.88,111.11,77.76,19.56,2.19,Equatorial
City 694,-28.49,-142.08,5.13,6.71,890.25,5977.5,79.53,106.08,3.36,Tropical
City 695,-45.07,-99.95,4.32,8.38,750.29,11188.67,70.79,160.92,3.65,Temperate
City 696,19.38,6.92,5.91,6.34,1056.1,4863.51,75.36,83.77,3.3,Tropical
City 697,-22.48,38.79,5.33,7.9,908.38,9352.07,73.13,142.83,3.68,Tropical
City 698,15.56,-91.67,5.81,2.96,1045.4,479.95,72.25,20.55,2.32,Tropical
City 699,-39.93,-159.22,4.46,12.21,787.79,32987.14,75.06,487.89,5.15,Subtropical
City 700,2.55,-39.23,7.46,4.87,1318.64,2170.22,76.06,48.26,3.11,Equatorial
City 701,9.24,-95.69,6.42,6.74,1093.26,5545.08,70.1,89.54,3.43,Equatorial
City 702,-53.26,-100.96,3.04,7.76,534.68,8911.6,77.8,136.34,3.35,Temperate
City 703,-16.24,165.55,5.37,8.84,938.35,12859.52,78.2,194.6,4.04,Tropical
City 704,-42.53,41.87,3.3,7.61,564.59,8403.06,79.66,136.47,3.37,Subtropical
City 705,-51.76,20.48,3.71,9.87,640.98,17565.38,71.81,250.44,4.08,Temperate
City 706,68.69,-30.32,2.48,8.54,443.74,12358.54,75.95,183.3,3.51,Polar
City 707,-18.09,-25.58,6.02,3.32,1056.88,722.25,74.27,23.97,2.47,Tropical
City 708,45.28,14.73,3.77,10.25,655.76,19786.76,73.35,296.69,4.27,Temperate
City 709,-26.9,70.71,5.82,5.58,993.75,3247.82,75.66,61.69,3.07,Tropical
City 710,28.6,72.77,4.76,4.72,842.53,2028.2,77.82,40.73,2.7,Tropical
City 711,38.83,-118.19,4.76,6.28,842.58,4494.77,70.23,71.3,3.05,Subtropical
City 712,17.43,0.04,5.76,7.49,1014.62,7863.55,79.69,134.39,3.69,Tropical
City 713,1.3,-31.7,6.6,2.56,1156.46,309.65,78.1,20.75,2.39,Equatorial
City 714,-6.46,133.39,6.84,4.35,1193.17,1634.52,77.51,42.11,2.9,Equatorial
City 715,-14.65,47.31,6.18,5.5,1087.18,3282.51,77.6,66.52,3.13,Equatorial
City 716,60.84,11.7,2.92,5.29,503.18,2837.13,73.89,48.12,2.55,Polar
City 717,47.98,-138.46,3.68,5.12,660.6,2555.95,77.52,45.89,2.65,Temperate
City 718,65.45,38.03,2.4,11.39,422.01,29317.68,73.87,433.31,4.56,Polar
City 719,-43.84,-137.81,5.13,6.54,887.25,5560.71,78.99,95.16,3.3,Subtropical
City 720,35.01,-58.61,5.14,10.14,897.13,20806.87,71.77,309.88,4.44,Subtropical
City 721,61.98,-128.58,3.02,12.62,538.18,36642.79,72.92,491.94,5.03,Polar
City 722,-36.44,69.15,4.51,9.44,773.15,15421.58,75.51,232.02,4.1,Subtropical
City 723,-51.36,-105.75,3.91,13.68,675.92,49601.09,73.19,706.33,5.74,Temperate
City 724,36.35,-38.93,4.71,7.43,833.55,7817.3,74.24,118.79,3.45,Subtropical
City 725,14.68,142.44,5.99,7.09,1036.4,6429.34,74.92,109.32,3.54,Equatorial
City 726,49.44,-106.45,3.39,7.48,602.73,7593.47,78.56,123.98,3.32,Temperate
City 727,-41.83,2.81,4.03,14.31,690.61,57998.19,75.23,796.35,6.07,Subtropical
City 728,43.38,-29.06,2.38,13.3,422.37,46410.18,73.62,662.6,5.37,Subtropical
City 729,-33.79,-173.48,4.74,7.41,809.06,7609.89,72.48,115.83,3.42,Subtropical
City 730,-38.72,105.39,4.05,8.84,688.16,13660.69,74.09,195.52,3.81,Subtropical
City 731,-38.65,-155.14,5.09,11.26,911.23,27412.76,75.16,425.57,4.91,Subtropical
City 732,45.89,-9.27,3.8,8.22,667.57,10899.09,77.46,177.35,3.63,Temperate
City 733,26.48,21.84,4.55,5.01,789.89,2365.36,71.21,41.76,2.67,Tropical
City 734,8.0,46.23,6.42,6.98,1105.5,6211.22,72.22,100.83,3.53,Equatorial
City 735,-13.35,67.91,5.54,5.53,976.38,3192.97,73.8,57.33,3.0,Equatorial
City 736,54.04,-88.82,3.45,9.86,604.79,18137.29,73.6,269.7,4.09,Temperate
City 737,-8.98,-176.41,6.52,2.81,1172.46,424.98,73.92,23.45,2.41,Equatorial
City 738,46.16,80.44,4.25,4.32,763.9,1469.86,77.94,32.59,2.51,Temperate
City 739,-2.91,12.84,6.4,4.88,1128.76,2324.58,73.24,49.6,2.94,Equatorial
City 740,-11.0,121.0,6.25,7.36,1089.69,7377.45,75.02,120.67,3.66,Equatorial
City 741,0.15,115.7,6.31,3.45,1103.18,755.66,76.24,26.63,2.56,Equatorial
City 742,-20.82,123.6,5.89,9.67,1042.08,17245.77,72.32,262.89,4.37,Tropical
City 743,37.19,-5.37,4.66,5.96,796.28,4036.45,77.19,70.95,3.03,Subtropical
City 744,5.35,-59.89,6.87,1.9,1191.0,129.21,75.47,18.87,2.24,Equatorial
City 745,-29.81,104.96,4.91,6.81,839.07,6180.94,74.47,101.13,3.3,Tropical
City 746,56.94,-17.53,3.22,9.49,549.98,16256.86,78.1,243.12,3.97,Temperate
City 747,-10.09,-113.96,7.1,6.93,1220.14,6408.47,72.43,103.05,3.62,Equatorial
City 748,10.66,127.79,6.11,3.13,1068.55,595.65,78.83,26.06,2.48,Equatorial
City 749,57.84,137.72,3.02,13.2,537.18,41555.81,75.61,616.07,5.39,Temperate
City 750,21.15,-12.13,4.98,11.03,870.14,25702.75,76.09,397.38,4.81,Tropical
City 751,-44.8,-152.75,3.43,8.38,594.54,11643.58,78.75,178.7,3.63,Subtropical
City 752,62.18,-40.38,2.7,13.34,460.61,42833.42,78.18,646.03,5.44,Polar
City 753,21.6,109.27,6.04,3.52,1060.01,819.67,76.02,28.5,2.54,Tropical
City 754,-16.46,144.64,5.72,8.33,987.83,11492.61,77.53,180.34,3.94,Tropical
City 755,-41.89,-106.75,3.95,10.81,695.69,23614.7,74.33,331.07,4.49,Subtropical
City 756,43.22,-155.89,3.77,10.48,677.91,21780.16,75.47,322.42,4.38,Subtropical
City 757,20.61,135.85,5.29,6.02,905.18,4359.72,70.62,69.81,3.07,Tropical
City 758,9.35,-39.81,6.49,1.0,1117.58,18.4,70.9,14.75,1.91,Equatorial
City 759,56.21,15.03,2.32,8.02,404.84,9339.63,78.29,150.89,3.34,Temperate
City 760,42.52,168.5,4.66,6.69,838.1,5896.17,70.6,95.0,3.18,Subtropical
City 761,-40.28,-156.04,3.85,5.58,683.78,3433.89,71.69,56.5,2.74,Subtropical
City 762,-19.48,53.39,6.0,6.25,1073.47,4632.19,77.96,86.96,3.33,Tropical
City 763,-27.7,-153.32,4.43,5.72,767.23,3565.32,70.01,59.81,2.85,Tropical
City 764,36.71,-44.83,4.76,5.61,857.23,3472.77,72.82,61.18,2.9,Subtropical
City 765,-55.64,109.37,3.44,6.92,588.53,6446.04,75.84,96.5,3.12,Temperate
City 766,14.09,-23.95,6.21,3.62,1058.33,878.88,75.95,26.95,2.59,Equatorial
City 767,39.12,178.99,3.76,10.72,672.16,22189.62,77.77,322.56,4.46,Subtropical
City 768,53.98,21.26,3.35,7.75,599.88,8809.57,75.06,127.27,3.35,Temperate
City 769,-15.53,-64.38,5.32,4.27,909.46,1530.37,75.09,34.1,2.63,Tropical
City 770,46.76,-100.76,3.6,7.53,616.11,8465.71,77.25,131.79,3.36,Temperate
City 771,-45.62,-53.81,4.32,9.41,736.08,16587.95,74.99,240.09,4.07,Temperate
City 772,50.04,-45.89,3.9,10.14,666.33,20628.14,76.08,293.73,4.28,Temperate
City 773,-43.43,-155.26,3.97,1.0,682.82,19.16,78.98,10.57,1.62,Subtropical
City 774,-8.35,-46.95,5.93,7.39,1065.25,7621.37,74.01,119.24,3.61,Equatorial
City 775,43.65,-12.87,4.27,11.96,753.96,33409.63,73.85,494.31,5.06,Subtropical
City 776,-40.51,80.19,4.17,5.43,742.07,3111.19,70.04,48.62,2.72,Subtropical
City 777,-30.2,56.42,3.73,4.59,662.34,1843.5,76.13,37.56,2.5,Subtropical
City 778,33.89,75.16,5.02,6.26,880.05,4466.31,70.3,74.83,3.09,Subtropical
City 779,33.6,-176.99,4.64,5.47,825.01,3249.98,75.04,59.42,2.87,Subtropical
City 780,23.35,-101.64,5.97,6.89,1049.9,6198.29,78.04,110.12,3.52,Tropical
City 781,30.21,58.21,4.34,2.16,751.01,187.42,75.5,14.08,1.93,Subtropical
City 782,10.55,-5.76,4.67,2.26,820.61,222.49,72.7,13.97,1.98,Equatorial
City 783,-27.27,-178.09,5.23,10.57,917.16,22878.17,77.86,370.35,4.71,Tropical
City 784,-15.06,109.62,6.09,3.19,1085.74,595.41,72.7,23.89,2.43,Tropical
City 785,-36.39,98.21,3.61,10.75,648.64,24425.8,77.33,377.2,4.53,Subtropical
City 786,58.1,17.43,2.44,10.7,425.5,22749.68,76.1,330.2,4.27,Temperate
City 787,15.84,-156.07,7.27,1.06,1291.18,21.94,71.7,17.97,2.05,Tropical
City 788,-7.89,95.95,6.29,6.38,1076.42,4879.27,79.05,90.9,3.42,Equatorial
City 789,0.06,30.14,7.36,3.71,1308.59,995.31,72.01,31.92,2.75,Equatorial
City 790,63.15,101.51,2.25,9.18,391.62,15398.9,79.9,244.88,3.77,Polar
City 791,-40.06,90.63,3.15,8.62,536.8,12560.63,70.07,166.71,3.55,Subtropical
City 792,16.21,109.08,5.78,6.81,1003.63,6272.03,72.63,98.88,3.4,Tropical
City 793,5.77,6.48,6.46,6.35,1138.28,4670.99,72.0,78.92,3.34,Equatorial
City 794,19.49,-129.48,5.44,8.89,930.57,12766.26,70.14,177.93,3.96,Tropical
City 795,-57.65,61.62,2.91,10.78,521.14,23979.1,77.32,347.54,4.39,Temperate
City 796,53.38,43.37,3.4,5.9,579.92,3813.2,76.93,61.78,2.82,Temperate
City 797,61.18,87.21,2.64,8.93,473.83,14013.65,77.92,211.48,3.7,Polar
City 798,13.47,-118.84,5.43,12.7,960.66,39664.62,72.57,559.74,5.49,Equatorial
City 799,30.56,-109.81,5.1,8.87,884.43,13905.55,74.44,199.57,3.98,Subtropical
City 800,59.92,140.55,1.83,15.92,318.35,74623.35,76.59,1141.83,6.67,Temperate
City 801,31.94,89.99,3.74,10.68,663.32,23128.36,74.4,345.7,4.45,Subtropical
City 802,-40.17,146.96,4.56,8.62,802.22,12177.51,76.97,194.44,3.86,Subtropical
City 803,14.92,93.14,6.21,6.25,1097.28,4501.07,76.34,78.41,3.33,Equatorial
City 804,18.87,34.98,5.65,5.8,982.52,3734.25,71.15,64.46,3.06,Tropical
City 805,-4.86,55.49,5.96,1.0,1042.6,18.89,77.81,15.74,1.9,Equatorial
City 806,35.74,140.09,4.14,7.62,745.57,8355.78,77.21,140.29,3.47,Subtropical
City 807,61.47,28.37,2.57,13.17,441.69,42808.71,76.56,645.53,5.37,Polar
City 808,60.32,47.66,1.98,8.53,344.77,11205.68,71.55,158.28,3.36,Polar
City 809,-1.39,-123.67,6.53,5.17,1129.7,2630.11,72.68,53.84,3.03,Equatorial
City 810,-45.28,-9.39,4.16,10.66,738.43,22596.77,73.93,315.89,4.46,Temperate
City 811,68.03,77.9,2.95,8.53,524.32,11168.37,72.8,153.48,3.51,Polar
City 812,49.06,-82.46,3.36,7.78,580.39,8757.7,72.28,130.81,3.34,Temperate
City 813,-43.79,-107.19,4.31,5.83,736.66,3685.94,78.05,62.81,2.95,Subtropical
City 814,59.71,-67.02,1.86,7.92,316.98,9317.41,76.38,134.16,3.2,Temperate
City 815,53.09,-93.06,3.61,6.09,629.77,4124.43,75.65,70.1,2.9,Temperate
City 816,7.45,-102.63,6.08,2.49,1057.96,294.9,72.26,18.13,2.24,Equatorial
City 817,16.87,-27.05,5.97,9.24,1074.46,15268.8,79.18,249.2,4.32,Tropical
City 818,-8.13,146.82,6.31,2.52,1101.83,309.79,71.91,20.13,2.28,Equatorial
City 819,-52.88,2.54,3.96,9.6,683.1,17370.5,77.95,262.22,4.13,Temperate
City 820,-16.42,-112.35,5.41,4.39,968.47,1594.19,79.67,37.64,2.72,Tropical
City 821,44.37,-152.29,4.21,11.38,736.0,28089.23,77.27,405.67,4.81,Subtropical
City 822,-59.4,70.62,2.7,13.22,475.6,45308.89,79.93,668.26,5.46,Temperate
City 823,-16.65,-42.19,5.76,7.82,983.97,9033.09,76.51,138.91,3.75,Tropical
City 824,-8.24,115.86,6.33,5.59,1100.58,3387.73,72.17,58.88,3.11,Equatorial
City 825,9.86,57.42,5.89,4.41,1056.35,1616.68,72.04,36.32,2.72,Equatorial
City 826,59.58,106.65,2.82,6.98,496.42,6401.04,73.25,94.18,3.02,Temperate
City 827,-14.98,-82.1,5.92,10.36,1026.87,21682.33,70.07,308.91,4.59,Equatorial
City 828,-14.9,69.25,6.08,3.59,1071.27,849.31,76.82,29.12,2.58,Equatorial
City 829,35.88,-84.94,4.53,9.25,811.52,14765.97,72.69,221.58,4.01,Subtropical
City 830,-1.21,158.06,7.31,6.77,1263.45,5724.52,78.15,104.1,3.67,Equatorial
City 831,-30.8,49.09,5.31,5.69,928.76,3451.79,73.59,58.69,3.0,Subtropical
City 832,-1.18,-63.18,6.39,6.71,1147.9,5585.49,74.8,97.81,3.48,Equatorial
City 833,-41.69,-82.98,4.52,10.08,775.54,19618.76,79.66,304.21,4.4,Subtropical
City 834,-37.07,-111.27,3.81,12.03,675.47,34090.53,72.42,457.52,4.94,Subtropical
City 835,4.79,70.07,6.96,3.31,1225.75,706.87,77.21,29.37,2.64,Equatorial
City 836,-5.54,-101.26,6.92,1.34,1223.8,44.99,77.55,18.38,2.13,Equatorial
City 837,58.93,34.31,1.92,8.63,333.01,12837.02,72.21,175.33,3.41,Temperate
City 838,-12.89,-84.73,6.14,5.81,1063.81,3765.12,75.01,71.51,3.18,Equatorial
City 839,15.48,58.31,5.68,5.69,1004.89,3468.93,73.5,65.12,3.06,Tropical
City 840,22.19,113.38,5.07,5.24,872.31,2823.5,77.72,53.65,2.89,Tropical
City 841,-58.3,100.09,3.59,5.06,626.16,2516.28,76.22,44.82,2.61,Temperate
City 842,26.26,93.91,4.83,7.8,831.04,9260.88,74.76,144.55,3.6,Tropical
City 843,-36.86,-112.42,4.02,12.62,683.21,36935.27,77.79,569.69,5.34,Subtropical
City 844,64.94,-148.18,2.49,11.65,447.83,29977.04,72.35,399.01,4.57,Polar
City 845,-40.67,71.62,4.5,9.59,783.66,17396.97,77.54,270.47,4.21,Subtropical
City 846,-6.1,-47.4,6.5,6.04,1168.41,4190.49,78.65,83.9,3.35,Equatorial
City 847,-48.9,-24.36,4.16,9.88,713.01,18695.45,78.79,283.26,4.27,Temperate
City 848,69.59,-168.79,2.39,13.29,421.03,44997.24,77.84,700.6,5.46,Polar
City 849,5.29,-86.55,5.54,5.52,953.09,3305.45,74.08,62.78,3.0,Equatorial
City 850,17.4,-167.88,5.52,4.96,981.53,2263.57,79.82,48.02,2.9,Tropical
City 851,-51.28,136.51,3.13,7.14,556.54,6965.08,73.8,108.28,3.13,Temperate
City 852,37.49,-92.38,4.62,7.13,789.75,6605.54,76.39,104.38,3.36,Subtropical
City 853,-32.71,20.64,3.4,8.06,608.6,10134.7,71.61,149.83,3.43,Subtropical
City 854,56.75,-165.97,4.3,8.88,739.75,13649.9,79.8,225.02,3.96,Temperate
City 855,-33.33,60.07,4.93,8.12,868.72,9679.38,77.04,150.29,3.72,Subtropical
City 856,-35.21,-63.71,4.61,8.62,829.08,12390.17,77.53,199.16,3.88,Subtropical
City 857,-55.25,143.25,3.72,11.61,665.83,29450.05,70.66,417.59,4.75,Temperate
City 858,1.37,139.72,7.5,7.34,1346.74,7227.58,77.63,124.59,3.87,Equatorial
City 859,13.43,-62.9,6.5,5.54,1126.46,3199.81,77.75,61.67,3.18,Equatorial
City 860,-51.46,144.35,3.87,5.88,662.39,3731.36,76.72,61.29,2.88,Temperate
City 861,40.82,178.62,4.21,7.22,723.29,7084.76,72.92,109.04,3.29,Subtropical
City 862,-1.07,117.15,6.85,4.22,1199.51,1407.89,74.9,38.97,2.84,Equatorial
City 863,8.17,124.15,6.19,1.0,1101.43,19.48,71.1,15.66,1.87,Equatorial
City 864,-2.7,-90.36,6.4,7.74,1097.25,9070.45,74.72,143.37,3.81,Equatorial
City 865,-7.9,27.61,6.1,5.15,1077.85,2618.39,72.44,51.07,2.96,Equatorial
City 866,12.75,-155.79,5.43,6.23,941.02,4360.73,73.49,72.31,3.17,Equatorial
City 867,-39.82,-145.83,4.17,11.4,723.95,29393.15,71.63,395.33,4.74,Subtropical
City 868,-36.35,179.6,3.61,6.06,638.16,4310.34,72.3,67.85,2.85,Subtropical
City 869,52.03,-62.41,3.45,10.64,603.17,21753.96,70.77,299.45,4.3,Temperate
City 870,63.0,89.35,2.57,10.02,458.16,19784.37,79.2,305.31,4.11,Polar
City 871,-11.47,110.4,6.27,4.69,1075.78,1894.3,75.3,44.52,2.89,Equatorial
City 872,-24.8,128.89,5.0,4.55,889.98,1804.46,73.97,38.28,2.65,Tropical
City 873,23.72,179.15,6.88,10.54,1173.68,22143.85,75.35,337.54,4.86,Tropical
City 874,-6.86,-93.06,7.2,3.75,1237.89,991.68,76.28,31.05,2.77,Equatorial
City 875,-56.7,-165.47,2.41,11.42,425.29,29448.06,79.22,473.14,4.68,Temperate
City 876,-39.7,-31.97,4.34,3.28,774.44,667.57,71.79,20.23,2.19,Subtropical
City 877,33.08,-133.17,4.38,10.26,755.78,19589.88,72.96,293.22,4.35,Subtropical
City 878,25.66,-171.93,4.7,9.2,813.78,15473.18,79.76,244.59,4.12,Tropical
City 879,-56.48,-50.25,2.38,9.89,416.78,19201.28,73.71,274.82,3.95,Temperate
City 880,-31.14,102.15,5.04,6.55,866.78,5435.41,70.23,84.28,3.18,Subtropical
City 881,-29.96,23.83,4.56,8.0,812.56,9680.69,71.48,137.92,3.57,Tropical
City 882,27.35,-67.4,5.57,12.46,989.94,35150.15,70.26,492.1,5.33,Tropical
City 883,-57.44,55.56,3.48,5.34,596.01,2974.49,79.9,56.5,2.71,Temperate
City 884,-46.47,-96.47,4.43,10.6,774.41,21628.22,72.79,298.86,4.45,Temperate
City 885,43.99,-174.82,3.49,6.12,621.15,4157.15,79.24,68.8,2.92,Subtropical
City 886,-36.79,95.17,4.66,7.63,808.34,8470.0,79.96,144.49,3.58,Subtropical
City 887,24.86,44.55,5.58,5.87,983.26,3697.92,76.0,65.98,3.12,Tropical
City 888,-29.04,94.43,4.73,5.83,806.54,3575.06,70.33,59.31,2.92,Tropical
City 889,-47.07,-165.98,3.32,8.68,584.44,12329.59,70.82,177.34,3.61,Temperate
City 890,-28.39,121.36,5.82,4.0,997.88,1172.49,74.82,30.27,2.62,Tropical
City 891,33.89,43.03,4.74,9.96,845.37,18115.26,74.06,275.66,4.31,Subtropical
City 892,51.24,22.82,3.73,4.64,647.56,1811.99,76.06,35.73,2.51,Temperate
City 893,47.93,44.86,3.23,10.14,558.88,19207.18,74.39,290.22,4.16,Temperate
City 894,-8.37,131.2,5.8,4.02,1035.62,1262.59,79.34,35.61,2.68,Equatorial
City 895,26.85,31.3,4.84,3.76,824.49,1041.0,75.35,27.74,2.42,Tropical
City 896,-33.35,29.14,4.6,7.84,800.83,9114.22,76.94,137.62,3.59,Subtropical
City 897,-21.89,176.64,4.94,2.3,857.3,230.34,78.96,15.88,2.09,Tropical
City 898,56.52,92.42,3.04,9.75,525.19,16752.51,71.47,224.49,3.91,Temperate
City 899,-58.31,-20.77,2.07,6.27,371.5,4479.12,72.3,66.22,2.68,Temperate
City 900,-48.88,74.66,3.02,10.04,535.74,18747.0,71.07,271.08,4.05,Temperate
City 901,-32.97,-39.88,5.03,4.99,857.84,2366.82,71.4,43.59,2.74,Subtropical
City 902,-56.55,-97.6,3.34,8.53,592.26,12079.5,75.13,187.53,3.63,Temperate
City 903,-36.41,34.87,4.26,8.38,745.81,11289.39,73.21,164.37,3.67,Subtropical
City 904,15.8,154.15,5.39,3.65,964.04,912.06,74.23,26.01,2.46,Tropical
City 905,-5.21,154.49,6.12,4.38,1059.77,1528.79,79.82,40.89,2.83,Equatorial
City 906,56.05,-56.91,2.89,5.82,507.9,3856.62,71.57,58.88,2.67,Temperate
City 907,46.27,9.96,4.08,10.2,714.65,19896.98,75.41,304.32,4.33,Temperate
City 908,-15.56,-103.81,6.37,9.97,1114.9,19289.6,70.99,267.58,4.5,Tropical
City 909,-26.27,178.43,4.91,13.61,857.53,47943.65,73.18,710.65,5.87,Tropical
City 910,-10.64,173.2,5.68,5.29,977.01,2886.48,75.28,55.69,2.97,Equatorial
City 911,16.74,53.82,5.96,7.64,1058.64,8851.27,79.47,153.71,3.78,Tropical
City 912,-25.15,109.59,4.83,2.06,842.48,174.37,73.91,13.66,1.96,Tropical
City 913,21.14,77.44,5.26,9.87,944.82,18340.4,70.65,258.67,4.3,Tropical
City 914,-6.78,33.54,7.19,6.62,1240.76,5514.46,73.88,98.83,3.56,Equatorial
City 915,11.77,-160.79,6.59,3.97,1165.28,1156.7,71.46,32.78,2.7,Equatorial
City 916,-3.3,-16.28,6.85,7.42,1228.53,8128.78,72.3,122.41,3.74,Equatorial
City 917,-21.72,62.92,4.84,5.54,855.56,3208.9,76.18,57.61,2.92,Tropical
City 918,63.3,63.91,2.67,9.18,478.02,14144.89,70.67,195.19,3.67,Polar
City 919,39.27,-45.68,4.78,9.12,852.6,14287.84,74.65,207.33,4.01,Subtropical
City 920,-41.79,159.01,3.89,5.52,674.82,3070.52,76.09,55.46,2.78,Subtropical
City 921,52.9,-119.75,3.97,11.84,699.16,31577.7,74.22,440.04,4.91,Temperate
City 922,3.37,0.13,7.41,1.7,1271.41,93.39,70.19,17.91,2.21,Equatorial
City 923,56.29,68.72,3.89,7.0,682.38,6416.8,79.86,109.56,3.27,Temperate
City 924,43.98,70.97,4.07,6.12,701.96,4166.77,73.67,68.02,2.95,Subtropical
City 925,-4.72,53.51,6.96,6.37,1235.52,5142.65,77.79,96.63,3.51,Equatorial
City 926,-57.08,-80.9,3.71,8.17,650.57,10643.77,73.26,164.83,3.54,Temperate
City 927,-25.07,-123.77,5.47,3.14,952.16,607.58,74.75,21.26,2.34,Tropical
City 928,10.41,48.94,6.02,3.53,1039.67,821.97,73.88,26.71,2.52,Equatorial
City 929,22.35,35.75,5.21,6.16,937.93,4552.23,73.43,74.42,3.13,Tropical
City 930,-26.47,-115.43,5.27,3.7,899.01,957.06,70.22,24.54,2.41,Tropical
City 931,-41.88,73.85,3.42,5.31,583.38,2753.9,73.6,44.37,2.62,Subtropical
City 932,48.54,-16.14,3.53,14.13,607.86,51508.29,78.89,751.28,5.92,Temperate
City 933,67.97,60.39,2.79,8.65,501.43,12078.96,76.9,180.33,3.59,Polar
City 934,8.34,121.45,5.32,4.03,956.6,1192.89,71.45,28.7,2.52,Equatorial
City 935,-37.68,-118.9,5.13,6.85,905.61,6427.49,75.91,110.22,3.36,Subtropical
City 936,-24.6,-173.11,5.84,5.41,1044.05,2860.33,78.92,60.04,3.06,Tropical
City 937,-57.61,100.48,2.74,11.31,471.23,27348.68,77.0,427.24,4.61,Temperate
City 938,58.86,39.49,3.15,12.26,566.4,34804.07,71.49,485.43,4.94,Temperate
City 939,-44.69,71.87,3.87,7.7,663.96,8506.49,78.68,133.36,3.46,Subtropical
City 940,14.95,121.74,6.57,2.4,1123.32,265.79,73.02,18.92,2.3,Equatorial
City 941,-24.37,109.01,5.79,9.62,989.98,16309.22,74.54,240.36,4.33,Tropical
City 942,12.04,165.93,5.46,4.97,958.96,2396.36,75.26,47.1,2.84,Equatorial
City 943,24.68,12.94,5.57,10.79,989.64,23474.99,78.51,371.56,4.82,Tropical
City 944,47.87,-4.14,3.55,3.17,615.92,612.62,79.32,18.57,2.12,Temperate
City 945,-33.17,-35.32,4.72,7.81,848.53,9239.01,79.3,150.15,3.64,Subtropical
City 946,-58.57,-124.67,2.54,14.65,442.13,62232.11,70.08,803.69,5.9,Temperate
City 947,-42.2,26.14,4.92,7.34,843.76,7770.57,79.22,123.14,3.51,Subtropical
City 948,57.0,-80.28,3.53,9.14,616.52,14656.08,70.54,198.65,3.78,Temperate
City 949,53.61,151.67,2.88,10.1,508.75,19342.01,72.66,262.72,4.05,Temperate
City 950,17.66,29.95,5.1,4.37,908.77,1585.48,75.15,36.68,2.63,Tropical
City 951,18.07,33.42,5.54,5.03,967.65,2481.28,74.8,47.02,2.86,Tropical
City 952,26.45,-52.23,5.37,5.8,943.97,3856.33,76.05,71.0,3.08,Tropical
City 953,-37.2,-161.28,4.52,6.15,779.79,4238.58,74.79,70.46,3.03,Subtropical
City 954,58.87,-168.57,3.51,12.96,618.56,40852.82,79.34,597.12,5.4,Temperate
City 955,-5.56,-27.6,7.01,5.71,1260.06,3637.5,72.41,69.59,3.25,Equatorial
City 956,-10.19,-149.56,6.77,5.65,1154.45,3394.59,72.74,63.4,3.2,Equatorial
City 957,7.46,38.46,6.64,6.77,1187.89,5784.59,79.21,102.01,3.58,Equatorial
City 958,-53.89,137.15,2.53,8.73,444.81,12517.21,70.77,181.53,3.52,Temperate
City 959,-38.38,137.85,4.22,5.9,727.23,3950.08,76.1,64.39,2.93,Subtropical
City 960,35.94,57.26,5.01,6.09,900.25,4512.52,76.82,76.52,3.12,Subtropical
City 961,-49.24,-103.96,3.53,8.93,616.76,13511.59,75.06,206.82,3.79,Temperate
City 962,18.41,130.68,5.96,3.19,1033.46,599.51,76.94,24.4,2.46,Tropical
City 963,-28.1,138.99,4.87,5.56,837.31,3149.49,71.73,53.13,2.88,Tropical
City 964,-9.39,-109.2,5.83,3.65,1004.95,878.59,78.53,26.81,2.57,Equatorial
City 965,-22.47,85.47,5.37,11.56,956.81,29520.53,71.4,429.04,5.0,Tropical
City 966,-13.76,-76.85,6.19,1.0,1090.53,19.09,74.01,15.3,1.9,Equatorial
City 967,33.48,108.95,4.33,6.9,775.44,6044.19,70.75,88.74,3.18,Subtropical
City 968,-21.37,179.01,5.39,10.45,928.11,22138.46,75.45,331.24,4.62,Tropical
City 969,13.63,-169.19,5.58,5.67,954.67,3547.3,76.7,68.44,3.08,Equatorial
City 970,1.89,143.05,7.43,6.07,1263.14,4146.07,79.41,77.69,3.49,Equatorial
City 971,26.28,44.15,5.01,6.88,877.73,6078.83,77.39,105.16,3.36,Tropical
City 972,61.79,170.42,3.4,8.51,612.16,12316.12,75.41,186.65,3.64,Polar
City 973,35.23,-12.6,5.3,1.92,937.47,132.42,79.33,16.0,2.05,Subtropical
City 974,-32.06,125.06,4.72,7.72,816.17,8979.84,74.78,142.77,3.56,Subtropical
City 975,-55.95,-157.54,2.58,7.66,461.14,8482.53,75.61,134.79,3.23,Temperate
City 976,-25.91,-59.3,4.14,4.59,736.81,1893.75,75.96,36.88,2.55,Tropical
City 977,17.36,-155.87,5.05,4.49,859.07,1766.84,74.1,35.58,2.64,Tropical
City 978,-53.31,171.12,2.58,13.69,459.86,49648.98,78.38,778.71,5.71,Temperate
City 979,4.53,114.11,7.37,10.46,1275.45,22587.93,71.85,331.57,4.87,Equatorial
City 980,17.59,126.92,5.83,6.3,999.25,4975.22,75.55,85.2,3.29,Tropical
City 981,-16.55,157.67,6.04,4.49,1039.85,1737.71,77.22,41.07,2.82,Tropical
City 982,40.22,-149.36,3.07,5.08,537.07,2420.27,79.04,45.56,2.57,Subtropical
City 983,-46.14,-41.18,3.17,9.79,552.55,17613.81,78.84,279.94,4.1,Temperate
City 984,-50.23,-154.43,3.93,13.48,678.99,47810.12,75.09,722.35,5.73,Temperate
City 985,34.66,-104.11,4.72,6.85,809.99,6198.8,76.43,101.0,3.3,Subtropical
City 986,4.41,-97.43,6.62,1.0,1175.4,18.36,73.94,16.41,1.96,Equatorial
City 987,29.49,-11.12,5.22,8.62,938.72,11612.29,74.68,180.71,3.91,Tropical
City 988,-3.47,-83.32,7.5,6.81,1333.33,6118.17,79.06,110.94,3.73,Equatorial
City 989,-27.97,-143.65,4.93,2.83,852.99,420.32,79.31,19.38,2.23,Tropical
City 990,46.48,-119.7,3.78,9.09,652.0,14268.04,78.95,221.93,3.93,Temperate
City 991,43.92,-126.98,4.02,9.52,692.43,16821.51,71.38,228.86,4.0,Subtropical
City 992,30.31,170.31,6.07,6.85,1040.94,6142.63,78.5,106.8,3.52,Subtropical
City 993,-24.62,93.35,4.23,4.49,741.87,1639.14,79.48,36.68,2.57,Tropical
City 994,16.73,168.39,6.17,8.21,1086.34,10176.93,73.61,162.5,3.91,Tropical
City 995,-13.07,-21.69,6.03,4.3,1067.19,1464.87,75.19,36.15,2.74,Equatorial
City 996,-48.09,-79.79,3.92,5.1,692.5,2451.03,77.79,44.82,2.68,Temperate
City 997,59.25,107.39,2.52,4.8,436.42,2117.55,75.62,36.37,2.37,Temperate
City 998,-42.21,-62.55,4.02,11.37,696.78,27965.02,79.93,448.42,4.87,Subtropical
City 999,63.53,-72.22,2.91,11.89,514.27,30976.51,74.56,442.0,4.78,Polar
City 1000,-2.02,-96.3,7.5,4.42,1301.21,1567.96,77.14,42.92,3.01,Equatorial
City 1001,-35.93,-133.32,4.89,6.49,841.48,5020.19,77.93,86.85,3.23,Subtropical
City 1002,10.45,-87.67,5.84,3.72,1015.47,1029.81,74.94,28.33,2.56,Equatorial
City 1003,53.48,-52.08,3.04,6.66,525.82,5591.54,78.57,94.17,3.02,Temperate
City 1004,35.19,62.64,4.31,6.44,736.51,5271.64,75.46,82.37,3.1,Subtropical
City 1005,44.85,-157.48,2.96,3.19,528.21,636.46,74.12,16.44,1.98,Subtropical
City 1006,25.64,-104.22,5.04,4.72,899.8,2005.47,71.08,38.03,2.67,Tropical
City 1007,30.0,111.25,5.27,6.22,906.91,4676.75,73.93,74.86,3.16,Tropical
City 1008,50.4,-127.11,2.84,10.56,483.82,21676.58,77.34,325.74,4.29,Temperate
City 1009,-27.54,-56.65,5.6,6.65,992.7,5709.9,79.21,100.87,3.4,Tropical
City 1010,3.63,131.28,6.99,6.35,1203.11,4747.97,72.52,83.78,3.43,Equatorial
City 1011,-31.24,-124.23,4.45,10.5,773.29,22744.92,73.55,337.13,4.49,Subtropical
City 1012,68.4,-150.21,2.14,13.49,365.42,44550.99,71.54,625.17,5.3,Polar
City 1013,62.73,-5.57,3.41,11.45,587.11,29334.05,76.91,433.06,4.75,Polar
City 1014,-54.87,-71.13,3.53,9.52,627.3,15688.57,79.6,250.19,4.04,Temperate
City 1015,31.72,22.83,4.78,4.72,851.7,2078.76,76.41,42.89,2.69,Subtropical
City 1016,60.28,109.37,2.66,11.88,457.95,31185.23,76.17,454.17,4.77,Polar
City 1017,-36.53,-130.63,4.48,11.85,776.92,32145.32,75.53,477.32,5.05,Subtropical
City 1018,13.83,29.05,5.78,6.24,989.64,4607.16,70.88,78.93,3.21,Equatorial
City 1019,59.01,1.98,1.82,14.69,310.18,59437.74,77.3,849.1,5.94,Temperate
City 1020,-55.59,-128.13,4.13,5.74,743.08,3657.39,76.02,66.27,2.88,Temperate
City 1021,30.66,44.64,4.93,4.18,870.62,1454.13,76.61,32.25,2.56,Subtropical
City 1022,-21.34,-81.49,5.7,8.27,1000.77,10236.81,78.99,165.25,3.91,Tropical
City 1023,60.17,-4.38,2.76,10.68,490.16,24151.61,77.84,356.31,4.36,Polar
City 1024,66.24,-150.38,2.0,13.91,356.05,51704.2,77.81,779.88,5.68,Polar
City 1025,62.75,-14.55,2.51,10.24,447.7,21041.22,79.27,311.09,4.16,Polar
City 1026,1.65,-69.67,6.08,1.99,1035.45,148.98,79.9,18.7,2.19,Equatorial
City 1027,52.07,116.06,4.49,8.67,772.37,12356.86,75.81,195.66,3.85,Temperate
City 1028,49.79,-159.49,2.9,5.15,511.52,2691.96,71.09,43.96,2.48,Temperate
City 1029,-18.52,-29.3,5.19,3.03,901.43,523.92,74.59,20.11,2.27,Tropical
City 1030,47.76,-14.96,3.44,11.21,618.01,26841.37,77.88,424.82,4.69,Temperate
City 1031,-55.19,81.0,3.78,11.7,667.89,28900.16,70.28,408.56,4.76,Temperate
City 1032,17.52,26.74,5.78,6.66,1038.1,5408.66,70.57,86.43,3.32,Tropical
City 1033,-30.1,60.2,4.28,2.71,735.36,382.6,70.67,15.33,2.02,Subtropical
City 1034,-44.33,99.74,4.52,7.54,808.22,8319.39,77.31,135.02,3.5,Subtropical
City 1035,-50.0,130.39,3.87,5.94,669.6,4010.87,75.01,67.32,2.88,Temperate
City 1036,30.52,-67.0,5.13,9.99,923.4,18248.72,73.69,263.65,4.35,Subtropical
City 1037,-15.82,13.69,6.25,4.12,1072.48,1323.35,71.06,32.22,2.68,Tropical
City 1038,34.22,122.44,5.8,4.71,1016.26,1951.99,77.32,41.67,2.84,Subtropical
City 1039,-51.5,176.2,4.49,9.22,798.42,14908.51,73.21,215.2,3.99,Temperate
City 1040,-19.01,140.23,5.33,4.3,928.42,1570.44,72.65,35.21,2.61,Tropical
City 1041,10.13,-46.27,7.1,8.72,1240.68,12976.12,76.52,216.57,4.28,Equatorial
City 1042,42.79,-109.74,4.2,6.44,754.71,4857.85,75.59,84.54,3.09,Subtropical
City 1043,-18.56,-3.82,5.95,2.36,1036.84,259.39,73.62,18.24,2.2,Tropical
City 1044,21.37,86.99,4.66,1.0,820.04,18.94,76.41,12.32,1.7,Tropical
City 1045,55.18,-2.68,3.05,9.44,520.57,16397.58,72.71,226.0,3.85,Temperate
City 1046,20.06,-6.05,5.19,4.6,925.87,1780.93,77.95,40.91,2.73,Tropical
City 1047,-29.72,121.76,5.33,3.4,941.35,759.7,72.29,22.31,2.37,Tropical
City 1048,-56.83,-49.89,3.56,12.66,619.16,37445.86,71.59,506.02,5.13,Temperate
City 1049,53.11,129.53,2.24,10.98,381.99,24984.07,77.82,381.73,4.4,Temperate
City 1050,-57.23,-33.55,2.98,9.65,524.68,16220.57,77.08,240.34,3.96,Temperate
City 1051,53.71,-61.84,3.8,12.78,646.68,38222.37,71.83,505.31,5.19,Temperate
City 1052,8.76,-16.56,6.29,6.53,1069.94,5069.16,71.16,85.91,3.37,Equatorial
City 1053,62.08,94.48,3.02,8.15,531.83,10006.47,78.38,153.81,3.48,Polar
City 1054,43.84,-134.64,4.11,5.79,705.89,3525.63,77.77,59.65,2.9,Subtropical
City 1055,69.73,-109.29,2.29,13.02,393.63,42764.35,73.27,573.94,5.15,Polar
City 1056,-14.41,162.52,5.86,6.43,1033.74,4804.43,76.58,82.73,3.33,Equatorial
City 1057,39.73,-116.82,3.61,8.4,615.69,11392.06,71.24,157.03,3.56,Subtropical
City 1058,-7.75,24.38,5.9,2.66,1020.94,343.55,75.07,20.02,2.29,Equatorial
City 1059,2.38,28.55,7.19,5.76,1232.67,3797.64,70.19,65.82,3.26,Equatorial
City 1060,21.58,-3.74,5.5,4.27,966.81,1545.39,73.92,36.41,2.65,Tropical
City 1061,53.58,52.11,3.18,9.1,561.69,13917.15,70.75,187.95,3.71,Temperate
City 1062,67.93,-97.26,2.03,14.41,360.25,57542.05,74.75,821.76,5.84,Polar
City 1063,39.88,18.96,4.06,6.34,699.89,4591.54,74.22,76.09,3.02,Subtropical
City 1064,-5.69,-46.02,7.13,1.0,1217.63,19.86,74.44,17.78,2.04,Equatorial
City 1065,-5.22,58.2,6.47,1.89,1104.43,128.79,70.45,16.68,2.13,Equatorial
City 1066,35.89,-129.16,3.82,10.07,665.24,18492.69,73.62,279.95,4.21,Subtropical
City 1067,-28.96,25.52,5.34,7.53,959.15,7986.37,77.56,128.07,3.61,Tropical
City 1068,-45.64,-113.3,3.7,8.24,637.55,10162.64,73.69,151.11,3.55,Temperate
City 1069,-13.9,-79.69,6.04,4.12,1042.78,1311.08,77.15,35.9,2.72,Equatorial
City 1070,-22.66,-101.26,6.22,7.48,1063.28,8091.61,73.69,122.49,3.67,Tropical
City 1071,-21.48,-114.18,5.49,4.03,965.86,1235.23,74.23,29.59,2.58,Tropical
City 1072,-29.63,117.26,5.07,7.73,896.44,8659.29,75.64,133.47,3.61,Tropical
City 1073,-54.53,-77.15,2.59,7.62,457.58,8084.34,79.51,130.84,3.26,Temperate
City 1074,-57.68,153.76,2.85,7.52,509.55,7873.94,71.09,110.37,3.16,Temperate
City 1075,68.4,169.17,2.52,9.25,440.04,14389.13,70.33,191.69,3.65,Polar
City 1076,-4.39,25.65,5.92,3.5,1013.51,841.3,76.08,26.7,2.52,Equatorial
City 1077,-10.04,-128.52,6.4,4.88,1106.14,2125.48,79.49,49.39,3.0,Equatorial
City 1078,28.35,-45.16,5.07,7.42,894.71,7852.63,79.9,129.27,3.57,Tropical
City 1079,-31.63,107.18,4.81,1.0,846.62,18.69,74.84,12.05,1.7,Subtropical
City 1080,63.49,-47.74,3.07,8.33,538.89,10666.82,74.68,160.9,3.5,Polar
City 1081,42.22,-148.67,4.21,7.24,744.71,7327.22,76.45,122.75,3.36,Subtropical
City 1082,-48.38,20.44,4.35,12.6,767.7,37837.93,75.56,564.41,5.35,Temperate
City 1083,-5.71,124.24,6.1,1.87,1091.33,123.22,76.34,18.14,2.13,Equatorial
City 1084,54.29,106.53,3.27,9.84,574.71,18254.54,78.74,277.75,4.12,Temperate
City 1085,62.82,-116.96,2.65,14.02,470.27,52301.47,77.46,758.07,5.76,Polar
City 1086,0.76,62.2,6.41,1.0,1105.99,18.61,74.97,15.94,1.94,Equatorial
City 1087,19.74,-100.62,6.1,6.96,1077.68,6443.76,74.62,110.08,3.52,Tropical
City 1088,-38.29,-101.45,5.48,5.82,981.46,3818.1,76.4,69.35,3.1,Subtropical
City 1089,68.85,134.67,2.17,9.62,377.59,16090.61,74.56,241.8,3.81,Polar
City 1090,-29.88,-90.12,5.16,4.98,917.53,2338.88,74.58,48.52,2.8,Tropical
City 1091,62.56,-85.23,2.66,8.43,472.08,10836.56,70.16,143.96,3.4,Polar
City 1092,24.45,-179.76,4.93,13.25,841.28,42740.7,71.74,565.63,5.56,Tropical
City 1093,19.01,133.44,4.76,8.01,836.74,9833.04,74.89,146.21,3.64,Tropical
City 1094,6.65,105.33,6.18,7.42,1058.93,8058.74,78.23,133.87,3.72,Equatorial
City 1095,-30.01,45.84,4.2,8.23,755.19,11023.3,72.79,156.57,3.61,Subtropical
City 1096,-37.05,90.1,5.26,3.69,936.61,911.03,75.23,27.44,2.47,Subtropical
City 1097,-31.34,-125.26,4.75,8.12,812.52,10089.74,73.45,144.51,3.65,Subtropical
City 1098,-35.76,-15.0,4.32,10.26,740.28,20691.86,71.05,283.71,4.31,Subtropical
City 1099,41.35,-53.56,4.55,6.0,800.61,3953.71,79.58,69.5,3.05,Subtropical
City 1100,-14.48,-146.24,5.43,7.86,941.01,9490.06,78.55,162.74,3.76,Equatorial
City 1101,-52.48,-4.99,2.94,11.01,501.33,26002.07,70.78,362.81,4.41,Temperate
City 1102,65.98,151.47,2.42,15.23,423.67,69948.35,77.2,1076.96,6.49,Polar
City 1103,54.89,-165.58,3.67,8.44,638.47,10850.35,73.48,168.36,3.62,Temperate
City 1104,60.61,-75.07,3.01,7.32,514.45,7220.37,79.95,117.46,3.23,Polar
City 1105,69.34,-105.29,2.27,10.03,404.19,19830.2,73.02,272.89,3.96,Polar
City 1106,-37.39,-94.27,4.42,11.33,792.12,28117.42,72.39,384.79,4.75,Subtropical
City 1107,-8.49,147.04,6.61,1.0,1172.99,19.79,75.68,16.65,1.97,Equatorial
City 1108,38.57,-11.5,4.4,2.69,784.34,351.09,78.35,17.27,2.11,Subtropical
City 1109,30.48,-12.13,4.35,7.27,749.13,7380.43,71.93,105.72,3.31,Subtropical
City 1110,-39.99,93.81,4.22,6.89,729.13,6267.59,77.09,97.65,3.24,Subtropical
City 1111,46.06,-124.38,3.24,8.63,557.4,11595.53,70.61,164.91,3.57,Temperate
City 1112,-30.82,-4.58,4.88,9.45,867.46,16034.42,79.19,258.11,4.23,Subtropical
City 1113,-30.9,-25.21,4.6,5.71,824.96,3576.02,70.81,60.24,2.88,Subtropical
City 1114,9.81,34.89,7.5,1.0,1328.76,18.38,79.14,19.98,2.14,Equatorial
City 1115,17.08,179.84,5.78,10.82,1034.32,23489.73,74.91,360.28,4.81,Tropical
City 1116,15.41,97.0,5.22,3.05,920.58,546.0,74.48,20.83,2.28,Tropical
City 1117,-48.11,-36.77,3.57,6.16,619.95,4432.97,79.73,73.37,2.95,Temperate
City 1118,54.07,117.92,3.47,12.17,605.51,35505.37,79.9,565.37,5.16,Temperate
City 1119,-25.47,-118.54,6.05,5.59,1033.68,3256.75,76.5,65.34,3.12,Tropical
City 1120,-43.16,-169.03,3.68,8.16,627.41,10061.84,71.27,138.05,3.48,Subtropical
City 1121,55.54,-106.4,2.32,10.76,410.74,24882.49,75.06,356.6,4.29,Temperate
City 1122,64.23,-57.45,2.91,13.13,507.81,44894.01,75.29,648.64,5.4,Polar
City 1123,52.08,3.81,2.66,8.37,467.65,10603.99,75.14,152.19,3.45,Temperate
City 1124,45.24,41.45,3.62,12.32,634.77,36573.67,75.69,555.85,5.16,Temperate
City 1125,25.18,147.82,5.11,1.18,882.61,29.83,70.19,11.89,1.74,Tropical
City 1126,11.61,3.55,6.15,7.06,1075.18,6355.13,77.11,112.11,3.58,Equatorial
City 1127,-48.69,0.46,3.94,6.77,687.68,5755.95,77.12,96.12,3.17,Temperate
City 1128,-6.9,-161.91,6.18,8.12,1073.75,9928.27,71.15,150.28,3.84,Equatorial
City 1129,-11.55,-167.43,6.05,5.51,1078.97,3285.52,75.7,60.74,3.09,Equatorial
City 1130,-26.23,18.42,5.16,4.94,899.89,2342.65,75.68,45.26,2.79,Tropical
City 1131,34.04,-22.26,4.69,9.06,825.91,14853.89,76.82,217.97,4.02,Subtropical
City 1132,4.46,122.1,6.74,6.68,1205.52,5787.89,70.85,91.58,3.47,Equatorial
City 1133,-49.46,-122.16,3.76,10.55,670.97,22125.75,76.27,324.96,4.41,Temperate
City 1134,-31.38,-171.01,5.23,4.56,934.88,1843.37,72.81,39.78,2.67,Subtropical
City 1135,28.82,-18.35,5.18,5.67,894.36,3649.97,75.07,63.91,3.0,Tropical
City 1136,-50.1,-94.51,3.72,9.0,633.63,14157.94,77.73,224.32,3.89,Temperate
City 1137,50.66,-162.14,2.66,8.96,459.65,14055.56,77.06,211.16,3.7,Temperate
City 1138,4.37,80.86,6.72,6.31,1161.0,4996.83,71.19,85.79,3.37,Equatorial
City 1139,2.48,-139.83,7.07,1.0,1265.55,18.23,75.91,19.44,2.05,Equatorial
City 1140,17.01,39.0,6.17,6.54,1089.59,5422.19,79.69,95.9,3.45,Tropical
City 1141,47.21,-78.82,3.35,8.0,572.11,10071.72,71.57,150.25,3.41,Temperate
City 1142,-14.78,-117.54,5.64,3.38,965.67,770.29,78.53,26.23,2.47,Equatorial
City 1143,28.14,-43.29,4.74,4.96,813.69,2245.19,77.03,46.26,2.75,Tropical
City 1144,13.55,108.52,6.32,4.82,1114.25,2126.08,77.74,48.63,2.96,Equatorial
City 1145,-25.29,-38.85,5.75,1.0,1019.24,19.36,72.82,14.25,1.82,Tropical
City 1146,54.22,90.28,3.0,7.67,535.92,8341.87,72.88,119.41,3.25,Temperate
City 1147,43.67,-134.82,4.4,6.18,788.92,4525.39,79.06,76.22,3.07,Subtropical
City 1148,25.6,98.2,5.27,7.89,906.5,9100.41,73.6,140.46,3.67,Tropical
City 1149,50.58,-94.7,3.4,7.04,588.11,6523.54,70.63,100.36,3.1,Temperate
City 1150,52.75,63.86,3.2,8.74,552.02,12594.03,76.01,194.6,3.69,Temperate
City 1151,32.09,23.68,5.13,11.06,890.02,25814.92,71.25,354.94,4.73,Subtropical
City 1152,48.81,154.49,3.75,11.37,671.08,27757.24,77.97,435.63,4.79,Temperate
City 1153,30.67,-40.56,5.99,9.32,1052.91,15384.47,76.42,245.42,4.31,Subtropical
City 1154,28.42,-156.18,4.58,5.59,813.23,3252.24,78.75,59.43,2.93,Tropical
City 1155,20.42,-173.1,5.83,7.4,1019.62,7421.45,77.85,118.47,3.63,Tropical
City 1156,37.85,117.67,4.09,7.2,695.74,6755.42,71.12,96.64,3.24,Subtropical
City 1157,-39.38,8.9,3.81,7.45,649.92,7598.53,73.81,120.27,3.32,Subtropical
City 1158,54.51,99.09,3.18,10.48,557.47,22029.87,77.75,345.47,4.35,Temperate
City 1159,53.34,-95.61,3.33,7.84,590.9,9437.02,74.17,138.28,3.38,Temperate
City 1160,-56.2,-55.77,4.53,13.35,779.03,43654.73,79.72,657.84,5.74,Temperate
City 1161,47.36,-169.16,3.59,8.34,636.75,10549.75,77.36,169.49,3.62,Temperate
City 1162,-43.25,166.14,3.41,9.87,606.92,18751.36,70.15,269.92,4.05,Subtropical
City 1163,-16.43,60.43,5.99,9.28,1042.29,14884.78,78.8,245.47,4.32,Tropical
City 1164,36.66,155.95,3.4,10.24,602.8,21400.38,71.01,300.16,4.19,Subtropical
City 1165,-39.1,-84.42,4.22,4.39,733.92,1641.31,71.41,31.35,2.46,Subtropical
City 1166,46.34,40.13,3.76,9.75,665.5,17266.91,77.34,264.24,4.13,Temperate
City 1167,48.18,64.26,4.02,10.94,714.98,24356.63,78.65,364.15,4.63,Temperate
City 1168,5.97,-65.68,7.07,6.83,1271.82,6060.04,75.36,108.39,3.63,Equatorial
City 1169,-59.17,125.32,2.61,7.13,452.08,6592.16,72.89,96.4,3.03,Temperate
City 1170,-22.69,160.98,5.34,4.63,929.18,1805.13,73.51,39.53,2.71,Tropical
City 1171,20.2,138.55,5.2,8.51,893.11,11295.91,73.43,167.94,3.85,Tropical
City 1172,67.55,86.06,1.71,8.85,293.7,13555.46,73.27,199.37,3.48,Polar
City 1173,22.14,-80.11,5.61,5.46,991.79,3104.55,72.43,55.38,2.97,Tropical
City 1174,-26.23,-78.62,4.53,10.56,811.18,21234.92,76.09,316.71,4.51,Tropical
City 1175,22.42,166.81,5.22,6.12,908.56,4440.35,79.0,81.27,3.19,Tropical
City 1176,10.2,-176.3,5.79,3.2,994.46,619.26,73.07,21.39,2.39,Equatorial
City 1177,41.38,77.78,4.38,5.94,756.78,3994.61,71.87,67.94,2.93,Subtropical
City 1178,-46.09,74.25,4.67,9.44,815.89,15507.6,78.39,244.99,4.17,Temperate
City 1179,38.93,44.17,3.62,4.56,626.59,1811.96,77.42,35.9,2.48,Subtropical
City 1180,10.36,176.44,5.35,4.42,921.65,1721.23,79.31,41.25,2.72,Equatorial
City 1181,65.19,-67.72,2.37,11.35,421.11,26547.04,71.66,381.29,4.45,Polar
City 1182,-15.56,-57.61,5.92,8.8,1006.67,12668.72,71.44,186.07,4.03,Tropical
City 1183,22.24,-151.58,5.55,7.89,973.86,9089.95,75.41,150.69,3.74,Tropical
City 1184,61.16,-20.59,2.5,8.33,444.02,10696.13,76.14,153.79,3.42,Polar
City 1185,-46.67,-86.02,3.63,11.61,627.2,29380.12,74.8,409.11,4.77,Temperate
City 1186,61.84,-56.38,2.85,9.44,502.57,16493.35,75.99,247.89,3.89,Polar
City 1187,29.43,120.45,5.46,3.85,964.8,1134.26,71.8,28.2,2.5,Tropical
City 1188,-51.18,156.77,2.44,8.69,430.75,12069.35,74.8,176.97,3.53,Temperate
City 1189,-20.87,-113.14,5.35,9.68,934.1,17327.21,76.58,260.9,4.33,Tropical
City 1190,32.06,-45.9,4.86,7.62,843.48,8525.48,74.33,130.98,3.53,Subtropical
City 1191,-51.24,154.31,2.95,9.16,526.86,14616.1,76.79,228.45,3.81,Temperate
City 1192,15.68,-157.75,6.77,9.66,1201.86,17014.87,74.51,260.44,4.51,Tropical
City 1193,-15.04,-146.75,5.63,1.93,975.16,131.17,73.34,16.22,2.04,Tropical
City 1194,20.72,-121.4,5.53,2.86,945.63,442.95,73.04,19.85,2.26,Tropical
City 1195,-54.05,34.28,3.49,5.37,596.53,2904.71,74.11,48.13,2.65,Temperate
City 1196,53.3,-125.83,2.97,10.26,508.28,21169.2,70.23,282.09,4.1,Temperate
City 1197,66.55,168.51,1.5,11.07,263.74,26501.48,76.69,383.24,4.31,Polar
City 1198,65.95,-19.18,2.17,14.45,369.83,55143.92,78.45,857.37,5.96,Polar
City 1199,37.45,0.55,4.89,8.35,848.28,10598.19,73.55,151.99,3.74,Subtropical
City 1200,-43.09,-91.2,3.82,7.3,677.34,7704.09,70.46,109.02,3.23,Subtropical
City 1201,38.57,-10.45,3.88,7.86,670.43,9267.4,79.87,157.23,3.55,Subtropical
City 1202,-56.8,58.29,3.49,9.97,619.33,19565.98,72.64,282.68,4.13,Temperate
City 1203,-57.12,90.42,2.84,5.53,503.25,3068.66,71.27,46.98,2.57,Temperate
City 1204,-17.93,91.39,5.49,12.57,946.76,37831.67,73.7,526.94,5.43,Tropical
City 1205,3.52,28.04,6.83,5.65,1210.54,3444.83,77.39,71.06,3.27,Equatorial
City 1206,40.15,145.57,4.57,8.54,811.9,12284.57,72.94,189.02,3.79,Subtropical
City 1207,28.83,114.27,6.17,8.42,1073.92,10864.5,75.75,167.41,3.99,Tropical
City 1208,-2.03,92.54,7.27,5.98,1251.43,3945.73,74.16,72.61,3.38,Equatorial
City 1209,-24.43,-159.98,5.87,6.09,1028.49,4252.32,71.18,73.93,3.18,Tropical
City 1210,69.63,-177.52,1.87,9.38,335.7,16307.96,73.3,238.42,3.69,Polar
City 1211,-4.6,-103.52,6.17,5.96,1087.54,4204.63,77.25,80.24,3.26,Equatorial
City 1212,-1.32,58.87,6.94,5.1,1191.59,2645.24,76.12,55.6,3.11,Equatorial
City 1213,-38.73,-31.97,4.34,5.85,767.88,3983.94,71.2,67.07,2.89,Subtropical
City 1214,43.33,-35.13,3.43,11.88,597.4,30200.97,71.63,411.5,4.78,Subtropical
City 1215,30.18,138.45,4.8,7.75,844.37,8427.21,76.41,129.73,3.58,Subtropical
City 1216,-31.3,142.4,5.01,8.95,888.24,13136.14,78.13,212.77,4.05,Subtropical
City 1217,-49.29,147.3,3.73,12.41,653.28,35725.9,73.49,510.1,5.11,Temperate
City 1218,28.46,-67.0,5.26,6.9,936.94,6461.84,75.95,110.76,3.4,Tropical
City 1219,25.09,68.78,5.39,7.3,955.12,7700.07,71.71,112.72,3.48,Tropical
City 1220,-24.48,-82.21,5.03,8.47,886.59,11175.33,73.11,173.62,3.82,Tropical
City 1221,63.61,-111.38,2.29,8.55,392.79,12021.18,70.2,161.98,3.4,Polar
City 1222,-40.36,-113.53,3.58,8.17,637.66,10822.11,77.68,171.9,3.58,Subtropical
City 1223,-3.8,-56.84,7.5,4.69,1345.19,1956.99,74.01,44.19,3.05,Equatorial
City 1224,62.67,-25.22,2.62,7.88,448.96,8898.15,78.16,140.41,3.33,Polar
City 1225,-5.44,119.14,6.51,10.34,1137.98,20897.03,77.08,330.1,4.77,Equatorial
City 1226,23.01,-136.84,4.93,2.78,850.0,404.01,78.29,18.4,2.21,Tropical
City 1227,-8.31,84.57,7.5,1.59,1331.59,76.42,72.86,18.91,2.22,Equatorial
City 1228,-24.35,11.32,4.76,9.72,843.32,17339.72,71.85,249.21,4.19,Tropical
City 1229,67.92,-76.34,2.03,12.57,348.2,35860.78,79.72,567.68,5.06,Polar
City 1230,-6.79,-2.58,6.73,2.11,1203.63,188.77,77.17,20.04,2.29,Equatorial
City 1231,56.23,-72.02,3.36,11.14,577.93,26398.05,78.34,391.07,4.62,Temperate
City 1232,-30.11,34.59,5.37,10.68,955.99,23082.7,70.13,312.86,4.59,Subtropical
City 1233,-32.3,-23.82,5.64,7.15,985.11,7289.5,73.54,121.09,3.51,Subtropical
City 1234,-55.95,-120.81,3.34,16.09,578.14,76310.56,77.43,1114.38,6.9,Temperate
City 1235,24.72,-138.03,4.74,2.16,813.61,185.6,70.78,12.74,1.94,Tropical
City 1236,-12.09,16.81,6.03,6.94,1034.37,6567.3,75.67,112.54,3.52,Equatorial
City 1237,52.37,144.87,3.49,12.15,616.09,33245.14,74.29,487.99,4.99,Temperate
City 1238,1.52,-56.18,7.5,6.38,1316.28,5089.81,70.18,82.08,3.49,Equatorial
City 1239,65.87,83.88,1.69,10.08,289.46,18966.95,72.36,278.26,3.89,Polar
City 1240,-35.88,57.12,5.09,6.86,870.96,5837.61,72.85,93.91,3.31,Subtropical
City 1241,52.92,155.36,3.39,10.4,577.98,21425.92,71.12,297.35,4.23,Temperate
City 1242,40.96,115.55,4.55,10.14,807.68,19149.23,76.32,285.79,4.36,Subtropical
City 1243,40.22,23.98,4.13,9.53,732.14,16881.54,72.42,252.55,4.06,Subtropical
City 1244,49.82,56.53,3.09,11.58,527.32,29960.46,72.78,410.21,4.66,Temperate
City 1245,38.93,143.42,4.65,5.35,816.57,3032.63,78.98,56.46,2.87,Subtropical
City 1246,21.41,-36.17,5.83,5.57,995.8,3383.79,74.67,59.67,3.06,Tropical
City 1247,-42.94,-62.35,4.48,5.94,802.15,3855.64,73.92,67.2,2.96,Subtropical
City 1248,-55.77,-176.11,3.09,8.61,553.21,12518.63,77.24,193.76,3.65,Temperate
City 1249,59.71,117.56,2.52,12.51,446.06,37745.12,79.1,580.54,5.12,Temperate
City 1250,20.16,108.35,4.81,6.29,862.09,4804.17,70.25,73.39,3.07,Tropical
City 1251,43.55,-142.4,4.36,14.87,776.79,64684.95,74.48,941.13,6.46,Subtropical
City 1252,2.6,27.67,7.03,4.74,1253.36,2043.43,76.11,49.01,3.02,Equatorial
City 1253,-44.75,-12.97,3.38,8.62,594.67,12143.86,73.19,174.48,3.63,Subtropical
City 1254,-43.73,-137.26,3.67,8.64,635.12,12422.29,77.72,198.94,3.75,Subtropical
City 1255,29.12,173.0,4.73,5.32,814.05,2796.53,79.71,53.81,2.88,Tropical
City 1256,-4.06,-102.71,5.97,4.26,1035.18,1421.22,79.43,38.08,2.77,Equatorial
City 1257,-33.93,-155.8,4.22,10.21,743.21,20486.42,72.66,278.7,4.29,Subtropical
City 1258,3.91,34.15,6.16,4.68,1057.76,1887.73,72.26,40.66,2.83,Equatorial
City 1259,-51.65,85.99,3.18,7.18,548.49,6726.38,79.57,115.43,3.21,Temperate
City 1260,15.66,-168.32,5.53,3.25,966.81,619.61,74.59,23.62,2.38,Tropical
City 1261,-25.03,57.14,4.43,5.38,764.17,2988.4,72.08,50.21,2.77,Tropical
City 1262,43.68,11.63,4.95,8.55,871.25,11715.2,77.07,183.17,3.88,Subtropical
City 1263,-19.65,-142.82,6.25,8.95,1120.3,13979.74,72.84,199.38,4.15,Tropical
City 1264,-0.82,-117.89,6.55,1.0,1163.03,18.75,72.67,16.96,1.94,Equatorial
City 1265,-58.49,24.47,3.04,9.05,537.41,14059.44,78.79,220.1,3.81,Temperate
City 1266,-50.58,-73.31,3.67,9.42,644.93,15721.53,71.62,220.03,3.92,Temperate
City 1267,-8.98,157.79,6.97,1.0,1218.43,19.3,70.64,15.94,1.97,Equatorial
City 1268,2.39,114.75,6.42,2.16,1103.94,187.32,72.69,18.67,2.21,Equatorial
City 1269,18.0,174.08,6.29,4.1,1124.84,1373.97,76.07,36.23,2.74,Tropical
City 1270,-22.08,-86.52,5.18,4.22,893.5,1491.8,71.23,31.54,2.55,Tropical
City 1271,30.35,169.1,4.21,7.51,719.16,8357.52,74.72,126.82,3.41,Subtropical
City 1272,51.82,-24.76,3.73,8.78,662.95,13429.72,76.27,199.3,3.78,Temperate
City 1273,41.38,-54.89,4.75,6.75,815.62,5811.71,78.49,99.89,3.3,Subtropical
City 1274,-54.85,-161.87,4.45,10.55,773.83,22427.12,72.3,333.13,4.48,Temperate
City 1275,2.47,-161.0,6.23,8.55,1060.44,12196.41,78.17,204.3,4.11,Equatorial
City 1276,-46.36,69.12,4.1,12.73,703.36,40043.19,72.35,557.78,5.31,Temperate
City 1277,-28.53,-15.15,4.8,2.05,823.92,169.54,76.77,14.99,1.99,Tropical
City 1278,68.27,-98.45,2.61,12.27,445.64,35891.45,74.31,508.86,4.92,Polar
City 1279,-41.48,41.03,3.36,7.7,593.52,9137.62,71.15,128.11,3.3,Subtropical
City 1280,4.86,-88.97,6.03,4.87,1075.35,2164.1,77.14,49.9,2.92,Equatorial
City 1281,20.36,27.95,5.19,5.04,901.13,2518.2,72.18,45.92,2.79,Tropical
City 1282,31.32,-50.68,4.85,7.43,866.39,7942.61,71.77,117.89,3.44,Subtropical
City 1283,12.75,116.48,5.79,5.65,996.08,3503.26,73.58,66.15,3.07,Equatorial
City 1284,-58.73,115.45,3.22,8.43,557.61,11156.3,76.53,163.77,3.57,Temperate
City 1285,-17.56,-8.15,6.28,3.52,1077.79,850.01,72.34,27.22,2.54,Tropical
City 1286,7.3,-53.71,6.79,3.61,1196.19,930.39,71.84,30.36,2.63,Equatorial
City 1287,-48.58,-49.48,4.41,9.44,768.04,15526.57,70.1,217.3,4.01,Temperate
City 1288,-14.42,110.06,6.2,6.94,1091.78,6432.91,74.72,101.23,3.51,Equatorial
City 1289,-55.68,-61.86,2.49,11.7,442.92,30098.49,74.29,425.41,4.64,Temperate
City 1290,-49.78,-104.74,4.2,7.74,736.35,9274.8,72.34,131.97,3.45,Temperate
City 1291,-8.4,-149.51,6.11,5.55,1076.95,3240.2,70.54,57.35,3.05,Equatorial
City 1292,-42.75,-11.99,4.46,10.68,800.44,22489.64,74.29,338.79,4.54,Subtropical
City 1293,13.78,-6.43,6.82,8.29,1180.18,10697.93,77.88,174.63,4.08,Equatorial
City 1294,29.63,122.73,5.15,6.82,894.73,6113.81,77.15,102.0,3.36,Tropical
City 1295,44.08,-100.35,3.17,7.86,561.05,8798.66,78.61,140.63,3.41,Subtropical
City 1296,-33.98,-42.84,4.16,7.88,733.03,9383.34,70.1,135.89,3.46,Subtropical
City 1297,-38.23,111.03,4.99,4.95,856.43,2406.81,79.66,51.25,2.82,Subtropical
City 1298,-46.41,116.5,3.67,8.16,637.18,10690.77,73.41,154.82,3.52,Temperate
City 1299,22.74,-41.54,5.45,8.14,951.7,9763.56,79.9,168.18,3.86,Tropical
City 1300,31.84,-14.72,5.15,8.79,897.18,13569.66,72.53,200.74,3.95,Subtropical
City 1301,-55.89,-70.82,3.44,8.91,590.18,13737.9,74.72,199.13,3.76,Temperate
City 1302,61.71,155.72,2.82,10.72,505.45,22543.26,73.54,315.1,4.28,Polar
City 1303,-53.24,-137.29,3.17,7.26,562.82,6905.16,73.56,102.85,3.15,Temperate
City 1304,10.37,156.15,6.12,6.8,1069.49,5756.26,78.42,103.02,3.51,Equatorial
City 1305,32.18,66.19,5.18,7.02,915.21,6816.41,77.46,110.57,3.43,Subtropical
City 1306,53.23,11.37,3.55,8.63,635.53,11608.03,79.92,194.15,3.75,Temperate
City 1307,32.83,-168.24,4.57,6.38,783.66,4792.93,76.14,81.31,3.13,Subtropical
City 1308,44.22,-8.79,4.45,8.27,766.84,11018.56,74.63,174.51,3.7,Subtropical
City 1309,-15.87,-33.21,5.82,4.47,1021.77,1709.43,70.9,35.04,2.71,Tropical
City 1310,45.93,-121.96,3.36,10.24,597.92,20996.48,79.97,322.66,4.31,Temperate
City 1311,-49.59,56.31,3.15,7.97,536.57,9869.31,75.52,141.8,3.4,Temperate
City 1312,56.33,169.61,2.57,13.62,461.79,45683.87,77.0,658.97,5.5,Temperate
City 1313,11.19,22.39,6.08,8.78,1061.38,13399.12,74.07,211.25,4.11,Equatorial
City 1314,46.25,77.31,4.38,6.4,760.24,4828.59,75.48,76.24,3.09,Temperate
City 1315,-1.2,-155.36,6.51,4.29,1126.37,1512.9,79.43,39.56,2.86,Equatorial
City 1316,23.67,-29.64,5.44,4.74,933.89,2053.99,71.66,39.05,2.74,Tropical
City 1317,8.43,-138.11,6.08,4.03,1081.98,1197.17,72.92,31.3,2.65,Equatorial
City 1318,35.11,40.61,4.41,12.52,792.26,39126.36,71.52,561.8,5.29,Subtropical
City 1319,-49.39,157.85,2.79,8.17,485.46,10348.06,77.92,162.47,3.46,Temperate
City 1320,-52.15,58.24,3.24,10.12,581.47,18752.97,70.62,265.89,4.09,Temperate
City 1321,-27.88,-152.35,4.95,8.14,882.6,10723.18,70.82,153.68,3.67,Tropical
City 1322,-39.26,-52.32,4.52,5.42,790.49,3060.0,72.98,55.89,2.81,Subtropical
City 1323,53.33,18.24,3.38,7.2,597.1,7226.68,75.14,114.16,3.2,Temperate
City 1324,-31.5,-34.85,4.2,4.14,731.51,1347.04,74.06,29.01,2.42,Subtropical
City 1325,66.86,120.11,2.86,8.47,502.48,11957.66,70.45,165.49,3.47,Polar
City 1326,-16.2,113.28,5.97,1.0,1018.52,18.07,79.57,16.36,1.92,Tropical
City 1327,-36.32,40.26,4.56,8.99,806.32,13485.94,79.53,217.7,4.01,Subtropical
City 1328,42.66,-45.56,4.01,13.4,683.67,45585.89,72.79,653.85,5.6,Subtropical
City 1329,25.63,-88.08,4.95,6.93,881.39,6048.82,77.32,100.91,3.36,Tropical
City 1330,4.77,-141.89,6.78,1.0,1207.7,19.41,75.79,17.16,2.0,Equatorial
City 1331,12.2,-52.24,6.38,3.61,1100.41,885.91,72.37,27.96,2.58,Equatorial
City 1332,33.5,-31.26,3.78,6.2,655.15,4425.07,72.62,70.89,2.92,Subtropical
City 1333,-30.3,63.3,4.61,4.49,805.81,1625.74,74.91,34.61,2.58,Subtropical
City 1334,69.52,56.94,2.01,13.1,352.97,43730.13,74.19,629.53,5.22,Polar
City 1335,66.72,-154.76,2.46,12.7,424.83,40267.42,72.91,546.41,5.05,Polar
City 1336,24.54,-37.71,5.88,3.57,1034.21,851.78,78.08,28.84,2.55,Tropical
City 1337,-34.06,-114.56,4.23,9.22,731.69,14985.86,74.81,233.96,4.0,Subtropical
City 1338,28.43,-123.55,4.76,10.66,812.0,22356.01,76.55,350.83,4.62,Tropical
City 1339,-50.61,117.83,3.2,13.82,544.21,50771.79,71.89,687.78,5.63,Temperate
City 1340,-56.02,-164.91,2.68,16.76,458.0,84924.56,75.34,1210.05,7.09,Temperate
City 1341,-26.5,-29.09,4.97,4.4,884.51,1611.21,73.18,35.83,2.59,Tropical
City 1342,0.14,-119.45,7.38,11.07,1324.75,26199.1,75.26,397.54,5.15,Equatorial
City 1343,52.88,136.56,2.77,8.4,483.04,11765.62,77.81,181.99,3.54,Temperate
City 1344,34.53,20.53,4.8,5.97,840.03,3996.33,77.69,74.6,3.06,Subtropical
City 1345,36.55,-96.7,3.59,8.47,615.64,11879.6,73.54,175.26,3.62,Subtropical
City 1346,-4.69,0.87,6.39,3.01,1121.74,525.27,76.94,24.12,2.47,Equatorial
City 1347,-15.03,83.34,5.78,6.5,991.52,5453.56,79.41,92.56,3.38,Tropical
City 1348,-11.76,164.92,7.01,1.88,1235.23,124.16,76.26,18.8,2.26,Equatorial
City 1349,68.39,-100.64,2.07,10.24,372.11,20027.63,71.48,262.7,3.95,Polar
City 1350,-54.79,139.03,2.06,12.69,354.98,40433.93,76.8,621.06,5.14,Temperate
City 1351,52.71,156.35,2.31,9.13,410.46,13768.2,71.05,189.56,3.6,Temperate
City 1352,15.23,149.91,5.95,5.88,1013.08,3708.69,78.72,70.39,3.21,Tropical
City 1353,-2.98,48.75,7.1,5.49,1233.36,2999.39,75.17,62.65,3.23,Equatorial
City 1354,34.28,46.74,4.79,10.36,819.24,21858.13,73.85,321.86,4.48,Subtropical
City 1355,3.27,-34.84,6.86,1.0,1189.53,18.02,70.57,16.38,1.96,Equatorial
City 1356,53.55,90.86,3.83,10.82,658.26,24954.98,73.81,351.49,4.5,Temperate
City 1357,57.09,11.27,2.73,9.04,474.95,13958.83,79.03,224.36,3.77,Temperate
City 1358,-5.18,63.88,7.09,4.93,1234.05,2163.33,70.21,43.73,3.01,Equatorial
City 1359,-24.01,-25.76,4.5,9.05,779.07,13942.48,74.75,199.24,3.94,Tropical
City 1360,17.01,83.34,5.36,2.72,945.89,367.74,79.31,19.15,2.27,Tropical
City 1361,58.61,116.81,1.99,7.33,357.3,7578.06,73.95,108.77,3.02,Temperate
City 1362,-32.61,-127.28,4.58,2.42,796.88,275.32,74.28,14.79,2.02,Subtropical
City 1363,20.99,119.85,5.51,4.73,946.93,2002.5,75.79,43.23,2.79,Tropical
City 1364,22.1,14.51,5.51,9.54,951.59,15680.93,74.63,228.84,4.25,Tropical
City 1365,35.3,124.08,4.56,7.23,814.07,7295.72,71.69,112.51,3.34,Subtropical
City 1366,-42.9,-24.73,3.53,4.94,620.89,2371.99,70.19,38.19,2.5,Subtropical
City 1367,33.06,-43.55,4.59,6.09,801.34,4394.3,76.1,72.33,3.05,Subtropical
City 1368,58.17,149.42,2.18,6.1,373.7,4457.53,79.21,72.78,2.73,Temperate
City 1369,-36.64,-89.58,5.12,4.85,892.86,2100.76,71.06,42.22,2.72,Subtropical
City 1370,-29.12,123.92,4.81,7.88,831.07,9692.03,72.11,149.63,3.6,Tropical
City 1371,66.28,-5.75,2.12,7.69,379.65,8490.08,73.7,130.34,3.15,Polar
City 1372,-36.47,5.07,5.24,10.43,937.37,20447.14,78.09,322.3,4.61,Subtropical
City 1373,51.07,-68.95,2.8,8.93,479.03,14015.65,72.69,203.9,3.66,Temperate
City 1374,4.0,26.3,6.16,4.61,1078.58,1952.61,78.82,45.99,2.89,Equatorial
City 1375,-27.86,-62.92,4.5,6.09,775.42,4361.87,70.55,69.75,2.97,Tropical
City 1376,53.2,-165.86,3.24,11.25,564.5,26301.06,79.41,390.29,4.64,Temperate
City 1377,-2.11,-82.08,7.07,6.17,1263.55,4343.94,75.61,80.92,3.43,Equatorial
City 1378,6.93,-177.7,6.88,5.53,1206.77,3202.29,76.59,63.39,3.22,Equatorial
City 1379,-13.3,172.21,7.36,6.74,1274.94,6066.31,73.68,102.15,3.62,Equatorial
City 1380,17.08,167.67,4.68,5.18,805.23,2540.7,77.82,49.6,2.81,Tropical
City 1381,-38.74,-37.74,4.59,9.23,817.47,15451.4,71.67,212.86,3.99,Subtropical
City 1382,-9.16,82.21,6.08,4.07,1071.62,1253.97,70.49,30.69,2.64,Equatorial
City 1383,66.02,-55.51,2.09,10.61,364.23,23416.9,73.96,318.8,4.15,Polar
City 1384,-26.44,61.59,4.84,5.96,833.18,4195.46,78.54,78.83,3.08,Tropical
City 1385,25.38,109.95,4.77,5.39,826.72,2959.97,77.55,53.55,2.88,Tropical
City 1386,-17.73,160.83,6.6,4.05,1185.62,1244.01,75.17,33.82,2.76,Tropical
City 1387,40.55,-35.92,4.58,9.22,802.87,15387.41,75.72,242.52,4.07,Subtropical
City 1388,-42.99,101.99,4.0,11.58,696.47,29558.34,71.3,409.11,4.77,Subtropical
City 1389,66.08,-84.27,3.05,13.54,534.43,48030.92,78.41,695.74,5.62,Polar
City 1390,-1.01,176.52,6.17,1.0,1097.54,19.25,77.87,16.32,1.93,Equatorial
City 1391,-29.31,-170.72,4.28,10.15,742.63,19166.59,76.56,277.91,4.32,Tropical
City 1392,-50.45,37.27,2.38,8.25,408.83,11052.57,74.66,157.46,3.38,Temperate
City 1393,-37.93,57.42,4.0,9.29,702.53,14769.43,79.64,223.09,4.02,Subtropical
City 1394,7.57,67.7,6.55,2.49,1157.23,307.24,78.79,21.78,2.38,Equatorial
City 1395,-16.19,-136.66,5.92,5.97,1048.27,3944.34,76.44,74.86,3.21,Tropical
City 1396,47.75,157.87,3.73,9.56,667.33,17008.32,73.72,249.81,4.02,Temperate
City 1397,-3.98,-114.77,6.02,1.0,1044.97,18.57,76.18,15.57,1.89,Equatorial
City 1398,-27.67,44.19,5.46,8.29,933.15,10607.06,75.75,160.87,3.84,Tropical
City 1399,20.23,-99.84,5.7,9.39,1024.31,15404.96,73.94,227.02,4.23,Tropical
City 1400,31.88,-69.4,5.13,6.75,895.26,5999.82,73.07,99.2,3.3,Subtropical
City 1401,-38.28,16.73,3.37,11.23,594.56,27061.51,74.07,372.33,4.57,Subtropical
City 1402,-38.21,-29.81,4.48,7.35,791.64,7837.84,75.74,128.86,3.42,Subtropical
City 1403,-55.23,-122.32,2.54,11.65,445.65,29412.05,74.28,420.67,4.63,Temperate
City 1404,35.73,-118.46,4.3,2.03,739.84,161.39,72.64,12.88,1.87,Subtropical
City 1405,26.29,-29.47,5.43,12.68,963.49,39733.25,77.61,588.61,5.58,Tropical
City 1406,1.7,92.62,6.93,7.91,1233.16,9054.43,75.31,144.72,3.93,Equatorial
City 1407,49.74,143.27,3.09,8.26,542.79,10605.8,70.68,153.67,3.44,Temperate
City 1408,44.74,-149.71,3.87,3.54,677.08,843.84,73.68,21.93,2.21,Subtropical
City 1409,16.1,-38.48,5.11,6.33,874.1,4745.16,78.85,81.79,3.22,Tropical
City 1410,52.88,-143.91,3.87,5.68,661.81,3412.44,77.55,63.02,2.84,Temperate
City 1411,-33.24,-174.03,4.57,8.44,792.51,11631.44,73.23,165.31,3.74,Subtropical
City 1412,-45.45,58.22,4.38,9.57,757.82,16174.87,79.38,243.79,4.17,Temperate
City 1413,-24.93,36.88,4.99,4.14,896.15,1377.66,70.77,30.88,2.5,Tropical
City 1414,-52.58,-121.31,3.06,12.06,543.77,34855.63,79.61,548.02,5.05,Temperate
City 1415,9.05,-95.83,5.98,6.92,1056.82,6336.95,72.46,106.73,3.46,Equatorial
City 1416,61.76,-171.47,3.11,12.62,545.67,38594.43,70.09,516.02,5.05,Polar
City 1417,-54.89,120.58,2.8,9.51,481.25,15603.45,74.34,215.83,3.84,Temperate
City 1418,-44.13,170.89,4.23,4.87,761.12,2284.0,73.59,43.04,2.62,Subtropical
City 1419,-1.21,-131.23,6.72,6.57,1168.26,5257.19,75.39,90.0,3.49,Equatorial
City 1420,61.4,-96.67,1.71,9.46,293.17,16302.99,77.97,244.12,3.75,Polar
City 1421,-18.9,132.63,5.39,2.42,943.24,281.29,78.42,18.22,2.18,Tropical
City 1422,5.94,153.53,5.99,7.97,1071.48,9730.86,74.01,144.94,3.8,Equatorial
City 1423,-54.6,-28.93,3.2,14.71,571.55,61883.35,74.3,880.36,6.16,Temperate
City 1424,-40.72,-161.78,3.55,7.97,604.69,9557.91,71.48,136.95,3.41,Subtropical
City 1425,68.26,-165.82,2.68,16.22,480.19,77383.63,70.48,1065.95,6.7,Polar
City 1426,65.47,26.62,2.37,10.77,409.66,24512.12,76.41,367.37,4.33,Polar
City 1427,-59.36,-38.56,2.76,8.98,469.62,13105.7,70.64,176.18,3.6,Temperate
City 1428,63.74,-169.69,2.87,8.8,511.6,13209.77,77.34,195.39,3.67,Polar
City 1429,23.09,29.97,5.87,10.4,1047.89,20306.53,75.39,297.87,4.63,Tropical
City 1430,52.83,-175.93,3.29,7.33,579.25,7776.4,71.99,110.42,3.18,Temperate
City 1431,-0.88,103.45,6.55,5.93,1151.57,3812.59,75.4,72.29,3.28,Equatorial
City 1432,7.03,-69.68,5.62,3.3,1001.29,686.84,71.83,24.24,2.38,Equatorial
City 1433,3.55,-165.51,6.41,3.2,1139.83,631.46,74.39,25.44,2.5,Equatorial
City 1434,26.69,31.81,4.82,9.24,862.83,14945.46,78.0,236.9,4.13,Tropical
City 1435,-41.85,-36.83,4.12,7.23,723.94,7073.39,74.62,109.5,3.3,Subtropical
City 1436,-56.1,170.57,2.9,8.6,521.1,12037.21,71.49,167.21,3.52,Temperate
City 1437,-19.97,15.91,5.95,8.83,1070.07,12816.48,77.24,212.61,4.14,Tropical
City 1438,31.61,-80.91,4.48,11.15,766.98,26196.76,71.87,386.36,4.71,Subtropical
City 1439,-33.76,75.4,4.61,8.99,822.57,13589.11,77.39,211.83,3.99,Subtropical
City 1440,27.55,-82.26,5.66,5.12,991.15,2564.45,74.79,49.41,2.91,Tropical
City 1441,66.09,145.53,2.54,9.33,442.46,15016.73,74.54,225.16,3.77,Polar
City 1442,-47.79,-45.1,3.62,8.98,638.38,14462.14,78.51,216.55,3.86,Temperate
City 1443,27.44,17.95,4.78,7.55,814.99,8165.26,77.09,135.21,3.54,Tropical
City 1444,-2.31,-161.79,6.52,1.76,1141.69,100.52,70.33,17.16,2.1,Equatorial
City 1445,52.86,-26.6,2.87,11.09,513.72,25876.36,72.96,351.39,4.43,Temperate
City 1446,-36.97,119.65,4.14,7.91,712.91,9769.14,78.71,164.62,3.6,Subtropical
City 1447,30.04,110.03,5.27,2.71,919.23,361.05,70.18,17.94,2.16,Subtropical
City 1448,48.95,-99.25,3.46,6.57,621.1,5498.1,75.45,91.76,3.03,Temperate
City 1449,62.8,-98.61,1.93,9.02,336.22,14012.38,77.28,210.59,3.61,Polar
City 1450,28.82,114.23,5.87,6.7,1018.33,5515.93,76.22,92.1,3.41,Tropical
City 1451,4.63,154.94,6.84,9.19,1192.18,15222.14,77.61,244.12,4.4,Equatorial
City 1452,20.32,-145.67,4.87,6.63,853.92,5454.51,77.26,91.82,3.26,Tropical
City 1453,52.96,-17.98,3.07,7.19,541.66,6919.98,76.92,105.68,3.16,Temperate
City 1454,14.18,-58.52,6.06,5.97,1079.24,4181.34,78.22,77.55,3.25,Equatorial
City 1455,-56.05,133.45,3.93,8.72,685.66,12802.64,76.46,199.32,3.8,Temperate
City 1456,61.02,-149.93,2.17,10.91,387.41,25737.59,74.02,350.84,4.29,Polar
City 1457,29.64,-103.99,5.41,8.42,949.16,11477.7,74.72,173.33,3.88,Tropical
City 1458,27.95,90.89,5.74,9.82,995.83,18435.78,77.17,270.44,4.44,Tropical
City 1459,-31.96,-161.53,4.45,7.14,785.48,7147.31,78.76,121.83,3.38,Subtropical
City 1460,25.66,-2.69,5.07,10.66,897.47,21955.0,72.72,320.43,4.58,Tropical
City 1461,-8.8,-20.84,5.87,7.15,1029.96,7146.26,73.42,108.81,3.52,Equatorial
City 1462,24.66,-59.62,5.17,4.7,882.18,1992.97,79.31,45.44,2.77,Tropical
City 1463,-46.14,-37.95,3.75,14.14,644.16,51270.0,75.79,709.96,5.86,Temperate
City 1464,25.52,10.78,5.54,7.37,958.2,7611.24,71.79,117.99,3.52,Tropical
City 1465,69.92,-121.91,2.65,8.9,458.06,12825.43,76.64,199.05,3.66,Polar
City 1466,-53.73,25.92,2.86,13.51,506.29,47967.02,79.91,758.25,5.69,Temperate
City 1467,67.03,109.96,1.5,15.9,255.28,76714.57,78.23,1088.04,6.56,Polar
City 1468,-7.1,93.66,6.49,4.63,1152.74,1972.81,77.46,47.97,2.93,Equatorial
City 1469,53.2,-124.6,3.42,8.06,590.98,9619.1,72.08,145.99,3.44,Temperate
City 1470,41.71,-126.27,4.21,7.74,727.89,8908.6,78.76,145.14,3.53,Subtropical
City 1471,13.71,-83.46,5.88,7.16,1030.08,6756.89,75.26,111.14,3.54,Equatorial
City 1472,36.0,-50.01,4.54,10.79,782.03,24184.79,78.89,356.31,4.66,Subtropical
City 1473,54.21,-32.96,3.96,10.85,708.8,24816.13,73.3,357.8,4.53,Temperate
City 1474,-7.46,64.69,6.67,5.0,1139.35,2431.28,70.62,47.45,2.98,Equatorial
City 1475,-17.49,-159.6,5.59,9.49,975.02,16796.4,74.76,259.68,4.3,Tropical
City 1476,26.79,-167.52,4.87,5.9,870.12,4040.48,72.7,67.14,3.0,Tropical
City 1477,45.02,-38.91,3.76,11.08,663.0,24690.04,77.15,378.83,4.63,Temperate
City 1478,39.1,70.98,5.08,7.19,878.72,6944.39,79.57,113.31,3.48,Subtropical
City 1479,43.72,-110.36,3.85,9.45,670.39,16345.6,76.91,239.05,4.03,Subtropical
City 1480,-3.37,50.94,6.75,4.05,1195.89,1265.27,78.87,35.48,2.82,Equatorial
City 1481,46.32,-86.46,3.52,8.49,632.04,11257.46,74.53,160.31,3.6,Temperate
City 1482,-44.37,138.99,4.44,7.49,795.06,8040.18,77.72,131.03,3.48,Subtropical
City 1483,10.78,142.45,7.23,8.44,1253.0,11313.7,78.43,193.06,4.21,Equatorial
City 1484,-59.25,-72.98,3.08,8.09,553.93,9953.99,77.11,155.74,3.46,Temperate
City 1485,-17.8,-97.2,5.8,3.93,985.37,1190.7,75.08,31.29,2.61,Tropical
City 1486,-12.36,-31.93,6.15,10.54,1047.74,22021.31,76.26,340.61,4.77,Equatorial
City 1487,-8.5,-93.41,5.21,7.29,929.16,7006.66,77.01,114.15,3.5,Equatorial
City 1488,30.41,62.06,5.24,1.08,901.91,22.71,72.53,12.56,1.76,Subtropical
City 1489,-9.49,117.38,6.4,3.54,1092.39,871.22,78.1,28.57,2.62,Equatorial
City 1490,-1.67,62.31,7.1,1.0,1223.37,19.92,79.5,19.2,2.09,Equatorial
City 1491,-29.12,116.77,4.61,4.54,802.63,1807.47,74.65,35.7,2.59,Tropical
City 1492,-11.48,-37.08,6.0,1.0,1064.61,18.73,77.01,15.04,1.9,Equatorial
City 1493,-30.45,-123.73,4.66,6.7,821.76,5986.42,77.37,101.1,3.26,Subtropical
City 1494,-50.48,85.66,3.98,6.19,685.52,4591.58,76.62,80.4,3.0,Temperate
City 1495,18.45,-50.23,5.52,5.99,966.05,4241.27,75.47,75.53,3.15,Tropical
City 1496,26.87,61.66,6.16,2.62,1104.36,352.87,78.82,22.47,2.36,Tropical
City 1497,20.53,-82.57,5.78,6.26,1029.36,4603.12,74.49,81.17,3.25,Tropical
City 1498,0.25,-150.76,6.34,2.99,1099.05,505.8,70.61,21.52,2.39,Equatorial
City 1499,-10.63,177.33,6.19,8.82,1113.42,12595.74,78.45,209.03,4.18,Equatorial
City 1500,52.23,-123.77,3.02,12.75,534.42,38534.27,76.74,589.08,5.24,Temperate
City 1501,7.48,175.83,5.38,6.71,917.82,5911.94,78.49,98.9,3.38,Equatorial
City 1502,2.29,171.82,7.5,3.41,1277.64,786.58,71.39,27.51,2.68,Equatorial
City 1503,-56.67,105.77,3.38,14.63,581.14,60902.87,70.31,797.44,6.01,Temperate
City 1504,-15.64,57.39,6.17,1.68,1094.16,89.95,79.34,17.76,2.12,Tropical
City 1505,-10.57,28.01,6.34,1.55,1089.88,67.49,71.48,16.35,2.03,Equatorial
City 1506,-8.15,131.8,5.74,4.61,1004.86,1769.86,78.1,40.5,2.81,Equatorial
City 1507,15.42,-75.8,5.68,11.18,970.66,26180.92,78.23,398.25,4.97,Tropical
City 1508,9.37,-11.63,6.77,4.43,1212.37,1646.64,77.09,43.46,2.91,Equatorial
City 1509,19.03,42.98,5.14,5.44,891.91,3101.87,71.31,54.2,2.89,Tropical
City 1510,39.43,-31.97,2.97,4.34,532.53,1471.18,76.67,29.3,2.32,Subtropical
City 1511,45.69,-26.1,3.69,10.93,661.86,26114.25,78.89,416.6,4.66,Temperate
City 1512,33.36,-61.1,4.59,9.72,781.3,17190.63,74.26,253.3,4.2,Subtropical
City 1513,64.22,23.12,2.57,12.39,449.27,37503.24,74.14,544.8,5.0,Polar
City 1514,-57.63,126.21,3.33,8.19,566.95,10475.84,74.43,149.35,3.49,Temperate
City 1515,-34.55,-107.45,4.9,5.69,877.59,3360.68,70.82,55.1,2.91,Subtropical
City 1516,-59.02,156.4,3.0,6.67,525.24,5811.74,78.92,94.07,3.02,Temperate
City 1517,24.17,68.07,5.91,6.63,1008.4,5651.5,78.69,99.52,3.43,Tropical
City 1518,56.74,116.38,2.27,6.97,388.14,6461.54,79.98,109.19,3.03,Temperate
City 1519,-28.35,20.23,5.27,3.89,915.76,1121.15,75.85,30.81,2.53,Tropical
City 1520,60.51,100.63,3.08,8.99,552.07,13215.22,77.51,210.25,3.77,Polar
City 1521,-52.17,-174.17,2.73,7.99,482.78,9864.0,72.03,138.85,3.31,Temperate
City 1522,61.48,114.62,1.95,8.8,347.56,13521.01,76.68,211.91,3.55,Polar
City 1523,-14.29,-165.55,5.63,6.6,977.17,5216.71,76.5,91.82,3.35,Equatorial
City 1524,-46.82,140.37,3.39,8.88,578.13,12969.39,79.01,201.09,3.79,Temperate
City 1525,3.16,177.11,7.16,3.6,1286.11,920.88,78.31,33.53,2.75,Equatorial
City 1526,-26.62,-74.14,4.83,7.12,821.83,6700.67,79.38,107.69,3.42,Tropical
City 1527,-22.97,-104.29,4.96,3.82,890.95,1074.45,78.69,28.29,2.49,Tropical
City 1528,-20.05,95.53,5.29,6.27,918.89,4696.97,78.69,86.87,3.24,Tropical
City 1529,44.39,-88.91,4.45,8.82,757.25,13150.03,70.64,189.51,3.82,Subtropical
City 1530,10.09,131.6,6.3,1.25,1114.44,36.91,78.46,16.92,2.02,Equatorial
City 1531,-19.53,-142.98,5.54,8.44,996.71,11191.41,76.07,176.18,3.92,Tropical
City 1532,19.34,-134.66,5.59,3.73,1004.45,939.72,73.8,28.43,2.51,Tropical
City 1533,33.1,172.49,5.33,7.54,914.52,8339.81,70.57,125.79,3.53,Subtropical
City 1534,-24.56,62.58,4.91,9.37,842.96,16019.56,76.78,243.35,4.16,Tropical
City 1535,-6.24,124.88,7.22,6.94,1268.42,6459.55,73.28,103.3,3.65,Equatorial
City 1536,-44.15,-63.24,4.01,8.5,708.03,11850.29,74.68,174.32,3.7,Subtropical
City 1537,-36.45,63.53,4.37,6.74,774.9,5657.52,76.82,98.61,3.22,Subtropical
City 1538,28.55,33.93,6.25,9.22,1074.21,14158.27,79.12,227.47,4.32,Tropical
City 1539,-36.41,37.13,3.92,9.33,704.58,15922.57,78.25,246.49,4.03,Subtropical
City 1540,8.27,65.71,6.24,3.28,1101.39,670.58,74.51,25.08,2.49,Equatorial
City 1541,32.18,27.13,4.13,5.23,737.34,2663.35,73.88,49.66,2.71,Subtropical
City 1542,-46.11,-25.54,4.25,3.43,745.24,734.41,72.4,20.58,2.22,Temperate
City 1543,13.75,-80.67,6.88,5.76,1198.46,3464.08,73.72,66.64,3.26,Equatorial
City 1544,-26.65,96.69,5.97,6.46,1073.18,5035.83,71.11,81.58,3.3,Tropical
City 1545,65.18,-98.54,3.05,13.36,536.14,46745.71,79.71,680.59,5.56,Polar
City 1546,2.86,69.25,6.7,5.18,1197.25,2763.21,75.74,59.58,3.1,Equatorial
City 1547,44.78,-96.0,3.68,11.81,661.19,32632.91,71.28,472.21,4.88,Subtropical
City 1548,11.53,45.12,5.36,3.41,946.93,786.37,73.53,25.36,2.39,Equatorial
City 1549,-54.36,88.95,4.21,12.28,739.34,36703.42,75.47,561.98,5.25,Temperate
City 1550,22.31,-101.26,5.67,4.91,964.58,2253.67,75.33,47.59,2.86,Tropical
City 1551,63.68,-158.42,2.3,12.31,391.28,34414.7,70.36,474.31,4.8,Polar
City 1552,18.21,-132.85,6.39,2.17,1099.02,201.36,79.51,20.36,2.28,Tropical
City 1553,46.49,38.16,3.26,9.24,560.09,14524.42,72.75,210.72,3.81,Temperate
City 1554,54.95,125.8,3.36,4.53,579.25,1726.34,70.16,29.55,2.36,Temperate
City 1555,-30.35,-163.8,4.79,6.37,828.77,4766.66,70.76,74.37,3.09,Subtropical
City 1556,-32.43,84.29,5.05,8.34,876.5,11056.25,75.8,180.39,3.83,Subtropical
City 1557,19.43,-57.13,5.61,4.64,976.99,1862.85,71.38,37.91,2.73,Tropical
City 1558,-6.57,-7.73,5.81,2.03,994.28,153.28,70.42,15.95,2.07,Equatorial
City 1559,49.18,154.39,3.6,11.03,612.68,25394.91,73.8,349.05,4.52,Temperate
City 1560,57.0,-60.49,3.53,9.44,624.64,16621.18,76.23,245.42,3.99,Temperate
City 1561,-14.06,-12.48,6.0,4.18,1052.51,1399.56,71.12,32.61,2.66,Equatorial
City 1562,-29.21,-175.07,5.34,7.03,932.05,6850.64,73.13,103.04,3.4,Tropical
City 1563,41.47,-150.62,3.57,14.74,630.33,58882.09,74.18,805.12,6.11,Subtropical
City 1564,-24.28,-86.91,5.29,9.31,942.66,14800.76,71.59,207.24,4.1,Tropical
City 1565,46.94,-169.97,3.4,11.6,592.88,29896.21,75.06,450.28,4.79,Temperate
City 1566,-4.91,47.3,7.03,5.58,1240.08,3288.81,70.85,58.17,3.19,Equatorial
City 1567,26.78,-26.5,5.14,7.09,923.0,6898.5,70.47,102.5,3.36,Tropical
City 1568,-47.58,17.33,4.01,2.77,716.16,415.37,75.2,15.33,2.04,Temperate
City 1569,21.1,-117.13,6.07,4.41,1057.19,1675.76,72.48,38.41,2.75,Tropical
City 1570,-1.27,-73.46,7.26,2.93,1280.46,497.91,70.95,24.28,2.51,Equatorial
City 1571,16.26,58.98,6.0,1.0,1030.35,18.8,74.24,15.02,1.87,Tropical
City 1572,-38.16,167.51,3.83,4.92,672.54,2195.92,79.15,42.57,2.63,Subtropical
City 1573,35.79,-161.85,4.49,2.63,807.91,346.41,77.24,16.42,2.1,Subtropical
City 1574,52.16,140.54,3.08,9.12,539.91,13824.43,78.16,218.25,3.82,Temperate
City 1575,-31.82,27.68,4.6,9.23,824.73,14604.88,78.72,238.33,4.1,Subtropical
City 1576,-47.56,23.01,3.48,11.52,606.43,28173.89,79.73,419.38,4.79,Temperate
City 1577,-56.93,0.1,2.53,10.73,454.5,23214.37,77.63,348.64,4.33,Temperate
City 1578,23.46,-155.02,4.38,3.94,769.86,1112.11,76.08,26.49,2.41,Tropical
City 1579,18.92,-147.64,5.34,1.06,910.29,21.64,73.65,12.59,1.78,Tropical
City 1580,11.07,36.33,6.32,1.0,1111.79,19.31,71.82,15.81,1.89,Equatorial
City 1581,-29.85,-57.25,4.24,3.81,731.86,1064.88,76.87,26.35,2.37,Tropical
City 1582,-9.18,150.22,6.37,2.7,1084.13,380.51,79.95,21.58,2.41,Equatorial
City 1583,17.28,-33.63,6.74,5.33,1201.2,2923.6,74.67,57.35,3.13,Tropical
City 1584,4.58,-128.42,7.19,1.92,1242.29,129.54,77.24,21.12,2.31,Equatorial
City 1585,68.41,77.3,3.03,11.69,539.76,29674.91,74.95,446.07,4.75,Polar
City 1586,-42.26,-74.39,4.24,7.65,732.53,8160.43,74.32,130.6,3.45,Subtropical
City 1587,30.37,9.17,5.46,7.06,938.46,6936.95,74.1,110.42,3.45,Subtropical
City 1588,-7.44,71.22,6.12,7.59,1099.52,8538.69,75.05,139.22,3.73,Equatorial
City 1589,-4.33,144.1,6.37,1.48,1106.71,60.0,73.67,16.12,2.04,Equatorial
City 1590,33.29,105.19,3.3,8.38,580.9,10976.78,77.49,162.6,3.58,Subtropical
City 1591,30.02,63.49,5.49,6.97,967.12,6740.09,78.74,114.11,3.48,Subtropical
City 1592,68.86,64.67,2.95,10.05,517.99,19492.78,78.83,302.68,4.16,Polar
City 1593,-43.31,160.53,3.69,10.54,661.37,22978.69,72.28,317.37,4.35,Subtropical
City 1594,-46.47,-73.5,3.62,10.84,639.89,23628.6,78.96,377.42,4.57,Temperate
City 1595,34.16,-179.6,4.23,5.05,736.45,2372.53,73.42,41.77,2.66,Subtropical
City 1596,15.19,-82.1,6.13,5.06,1094.61,2540.55,73.09,49.78,2.94,Tropical
City 1597,-24.36,-101.56,5.86,7.14,1006.35,7048.07,77.27,113.58,3.56,Tropical
City 1598,-49.68,58.26,2.65,8.29,465.16,11011.12,73.05,157.68,3.41,Temperate
City 1599,-48.86,48.14,3.78,10.35,679.29,21176.19,70.53,278.69,4.24,Temperate
City 1600,56.24,33.65,2.92,10.33,515.46,21068.38,73.74,295.15,4.17,Temperate
City 1601,-35.06,-174.15,4.6,12.09,820.06,34384.79,77.21,511.09,5.2,Subtropical
City 1602,-17.96,82.36,5.97,1.97,1054.3,141.85,73.27,16.61,2.1,Tropical
City 1603,-30.53,-63.53,4.77,6.75,850.67,5746.12,76.3,96.07,3.27,Subtropical
City 1604,-13.85,59.42,5.98,3.11,1072.84,596.06,76.6,23.71,2.43,Equatorial
City 1605,-50.97,20.37,3.32,10.61,574.29,22222.74,77.34,335.79,4.39,Temperate
City 1606,7.48,-56.62,6.96,1.0,1195.3,19.09,78.97,18.24,2.06,Equatorial
City 1607,-51.21,-131.55,3.62,9.99,633.73,19328.64,74.33,276.45,4.16,Temperate
City 1608,44.05,-146.01,4.03,6.83,712.86,6370.83,71.66,99.81,3.14,Subtropical
City 1609,-29.62,119.35,4.29,5.13,739.27,2542.18,73.19,45.85,2.69,Tropical
City 1610,10.2,150.62,6.1,1.4,1036.67,52.18,74.32,15.1,1.99,Equatorial
City 1611,54.41,53.92,3.64,8.28,631.39,11167.83,77.14,181.08,3.62,Temperate
City 1612,24.61,-142.76,5.3,9.17,951.61,15135.1,70.13,222.14,4.07,Tropical
City 1613,9.28,-35.27,6.68,4.87,1182.0,2241.65,73.16,50.01,2.98,Equatorial
City 1614,-17.84,82.42,6.63,7.35,1154.52,7523.82,77.8,130.88,3.75,Tropical
City 1615,-16.71,100.74,6.35,9.83,1091.66,17726.86,76.71,270.76,4.53,Tropical
City 1616,27.03,-137.44,5.15,7.36,894.58,7670.27,77.32,122.92,3.53,Tropical
City 1617,69.24,-179.99,1.9,9.53,325.86,17079.05,78.12,262.77,3.82,Polar
City 1618,26.04,76.37,3.9,7.77,667.23,9280.21,77.83,154.55,3.5,Tropical
City 1619,12.51,-51.63,6.04,3.89,1081.56,1072.69,76.82,31.86,2.65,Equatorial
City 1620,34.98,-88.39,4.39,6.24,789.75,4575.9,74.4,78.89,3.05,Subtropical
City 1621,0.48,-175.36,7.16,1.0,1229.26,18.93,79.84,18.59,2.1,Equatorial
City 1622,-52.18,14.51,3.27,11.53,557.74,30617.75,75.69,443.95,4.75,Temperate
City 1623,13.1,126.41,5.92,4.34,1026.42,1587.6,72.03,37.3,2.71,Equatorial
City 1624,64.49,164.75,1.6,10.9,278.67,24394.66,72.93,351.13,4.19,Polar
City 1625,-37.21,23.67,3.93,5.13,675.34,2438.79,76.94,47.83,2.68,Subtropical
City 1626,29.7,5.21,5.16,8.06,892.63,10016.75,79.25,169.01,3.79,Tropical
City 1627,-33.88,-149.38,5.49,5.48,943.72,2998.75,71.79,53.48,2.95,Subtropical
City 1628,9.66,17.59,6.28,4.61,1115.37,1928.87,70.82,41.1,2.82,Equatorial
City 1629,-47.43,-43.21,3.84,10.94,680.81,25523.09,78.82,408.94,4.67,Temperate
City 1630,-1.45,38.57,7.37,6.12,1300.51,4341.51,79.15,85.31,3.5,Equatorial
City 1631,38.3,-40.06,3.91,7.78,680.44,8863.69,72.76,128.55,3.42,Subtropical
City 1632,-14.82,-93.49,6.15,1.06,1100.74,23.66,73.77,15.65,1.9,Equatorial
City 1633,26.44,-145.81,4.78,14.13,858.77,52362.46,76.6,775.93,6.11,Tropical
City 1634,43.41,-66.63,4.39,12.71,754.58,37940.29,73.3,516.02,5.29,Subtropical
City 1635,60.53,-145.21,2.84,11.86,488.86,33161.58,78.77,516.56,4.91,Polar
City 1636,-29.5,-116.32,5.08,5.07,891.09,2551.68,71.08,44.58,2.77,Tropical
City 1637,-8.09,175.44,6.04,4.52,1032.73,1819.7,70.38,37.76,2.75,Equatorial
City 1638,-40.19,-20.12,4.54,6.66,791.7,5432.77,72.08,87.98,3.16,Subtropical
City 1639,69.02,11.47,3.21,14.06,564.51,50847.21,72.86,709.29,5.74,Polar
City 1640,60.51,134.5,2.26,10.71,396.06,22159.65,71.13,315.8,4.17,Polar
City 1641,10.19,178.4,6.12,3.06,1060.05,528.83,70.66,20.98,2.38,Equatorial
City 1642,49.46,29.78,3.65,7.77,640.88,9168.48,77.56,151.51,3.46,Temperate
City 1643,7.72,112.49,6.85,7.58,1230.62,8033.87,71.64,122.25,3.77,Equatorial
City 1644,21.07,-62.3,5.25,10.11,902.56,20088.68,79.14,300.29,4.5,Tropical
City 1645,-48.41,-69.93,2.19,12.66,387.44,37565.57,73.68,552.14,5.02,Temperate
City 1646,38.19,-35.03,5.01,9.71,853.3,17208.58,76.71,270.22,4.3,Subtropical
City 1647,-43.4,62.1,4.34,7.71,741.1,9144.31,72.25,131.88,3.46,Subtropical
City 1648,47.39,65.59,2.81,1.0,493.44,18.49,72.4,7.4,1.39,Temperate
City 1649,41.66,-66.51,3.78,8.91,646.53,13261.43,75.75,200.21,3.82,Subtropical
City 1650,32.14,-132.04,5.53,7.21,942.1,6969.61,75.61,119.05,3.52,Subtropical
City 1651,-55.3,47.66,3.85,9.88,661.61,17570.5,77.69,269.26,4.19,Temperate
City 1652,-20.59,-133.8,6.03,6.19,1058.77,4510.46,77.58,81.85,3.3,Tropical
City 1653,-25.8,28.26,5.11,3.26,903.98,652.19,76.71,22.56,2.35,Tropical
City 1654,-13.18,69.63,6.12,6.71,1052.57,5862.46,74.49,96.17,3.44,Equatorial
City 1655,-48.61,72.22,3.53,10.44,624.06,22350.36,78.91,345.66,4.41,Temperate
City 1656,61.8,91.25,3.24,11.89,556.33,32056.18,76.23,469.96,4.88,Polar
City 1657,11.99,134.23,5.72,7.57,1007.93,7823.49,79.9,127.54,3.69,Equatorial
City 1658,-20.28,-0.01,5.18,7.54,901.48,8240.98,78.19,132.4,3.6,Tropical
City 1659,-8.39,82.89,6.92,3.81,1221.23,1004.93,70.44,28.9,2.69,Equatorial
City 1660,-1.86,42.9,6.85,4.01,1232.19,1239.48,73.21,35.71,2.76,Equatorial
City 1661,18.08,-112.81,6.42,6.04,1152.29,4258.72,75.72,78.66,3.3,Tropical
City 1662,7.04,-170.75,6.17,4.97,1049.43,2262.5,77.21,49.94,2.97,Equatorial
City 1663,59.52,-77.57,2.81,12.45,501.89,37876.83,75.5,577.04,5.11,Temperate
City 1664,4.61,-20.51,6.22,6.07,1060.93,4432.54,77.86,82.5,3.3,Equatorial
City 1665,68.98,42.16,2.18,16.09,390.49,81774.55,72.83,1194.68,6.8,Polar
City 1666,50.69,125.99,2.71,14.58,468.81,57735.6,71.84,778.72,5.89,Temperate
City 1667,-32.89,-109.35,4.45,7.49,774.13,8051.54,70.54,114.38,3.38,Subtropical
City 1668,60.98,-134.8,2.01,1.0,344.13,19.83,75.73,5.18,1.3,Polar
City 1669,-44.87,166.85,4.21,11.58,719.72,28941.82,76.89,431.97,4.89,Subtropical
City 1670,46.27,-141.1,4.12,7.28,730.25,7564.91,73.26,120.27,3.32,Temperate
City 1671,-10.52,-7.74,5.4,3.05,968.73,510.33,76.14,21.53,2.33,Equatorial
City 1672,54.14,30.8,3.88,8.42,682.84,10740.04,70.52,149.71,3.58,Temperate
City 1673,52.85,14.89,4.55,8.17,805.96,10637.38,70.99,158.3,3.63,Temperate
City 1674,44.77,-149.03,3.89,10.01,690.78,19568.06,77.02,296.64,4.26,Subtropical
City 1675,42.7,-159.47,3.69,4.37,637.03,1635.87,73.68,30.69,2.4,Subtropical
City 1676,-20.39,-142.03,6.98,3.34,1190.57,743.22,76.71,28.41,2.64,Tropical
City 1677,-49.48,30.81,2.88,9.81,489.12,17194.66,78.32,274.53,4.05,Temperate
City 1678,-7.61,15.96,6.48,6.32,1123.83,4657.91,78.53,89.37,3.42,Equatorial
City 1679,-37.44,-95.85,4.47,9.35,770.5,16180.41,71.72,233.1,4.03,Subtropical
City 1680,30.34,49.6,5.55,5.07,946.71,2387.46,74.86,46.81,2.88,Subtropical
City 1681,-15.01,115.22,6.13,3.06,1053.0,552.15,77.34,22.56,2.45,Tropical
City 1682,66.83,-165.03,2.07,9.42,354.93,15914.43,77.74,239.54,3.78,Polar
City 1683,23.33,-0.67,4.89,6.93,876.32,6052.07,77.85,105.2,3.36,Tropical
City 1684,46.92,68.15,3.54,12.41,607.54,35457.93,72.28,488.02,5.04,Temperate
City 1685,-42.77,-89.17,3.5,3.16,614.26,600.02,71.93,16.13,2.03,Subtropical
City 1686,52.06,-69.2,3.38,8.65,594.57,12772.49,75.9,201.52,3.7,Temperate
City 1687,59.96,40.91,2.52,6.66,442.24,5746.1,77.41,94.1,2.94,Temperate
City 1688,3.32,143.26,6.02,1.0,1029.49,19.24,73.19,14.8,1.86,Equatorial
City 1689,18.81,111.57,6.31,8.3,1092.93,10854.24,71.05,155.11,3.91,Tropical
City 1690,39.43,29.93,3.99,9.3,680.58,14978.66,77.17,221.01,3.99,Subtropical
City 1691,-37.27,82.88,3.76,8.85,653.55,12645.01,73.0,176.74,3.74,Subtropical
City 1692,5.33,-48.66,6.54,6.84,1124.57,6011.3,71.66,98.35,3.5,Equatorial
City 1693,-8.17,50.75,6.46,3.62,1134.84,855.23,71.48,25.93,2.58,Equatorial
City 1694,-40.97,-12.17,3.26,7.02,576.57,6360.97,73.15,99.9,3.1,Subtropical
City 1695,-12.22,-111.62,6.31,10.69,1106.34,23022.25,75.93,366.14,4.87,Equatorial
City 1696,-51.14,72.63,2.9,8.5,505.03,11557.51,73.58,166.27,3.52,Temperate
City 1697,-56.64,20.33,3.89,11.5,676.44,27526.82,70.21,374.38,4.68,Temperate
City 1698,-42.43,-50.9,4.29,8.26,765.76,10803.28,70.97,159.47,3.62,Subtropical
City 1699,65.2,148.08,2.24,5.9,384.97,3922.31,72.91,62.41,2.61,Polar
City 1700,11.44,-172.46,5.83,1.0,1033.32,18.16,76.6,15.94,1.87,Equatorial
City 1701,65.56,-66.32,2.36,9.11,418.82,15026.44,70.99,198.61,3.61,Polar
City 1702,-3.78,-159.52,7.04,7.02,1226.68,6289.86,75.61,104.22,3.67,Equatorial
City 1703,-19.46,95.95,5.62,7.92,972.94,9780.95,71.2,149.37,3.71,Tropical
City 1704,5.8,72.76,6.49,6.87,1133.06,5823.93,72.12,97.22,3.51,Equatorial
City 1705,-2.86,-60.71,6.83,1.82,1167.25,118.9,71.72,16.85,2.17,Equatorial
City 1706,-46.26,63.24,3.46,12.67,589.72,36656.05,70.67,500.24,5.1,Temperate
City 1707,23.31,-37.46,5.2,3.92,889.27,1174.21,76.71,30.97,2.53,Tropical
City 1708,-31.92,92.25,3.72,7.72,639.89,8626.56,74.63,127.51,3.39,Subtropical
City 1709,20.55,-16.49,6.05,6.03,1058.76,4267.7,78.31,82.35,3.27,Tropical
City 1710,24.53,-31.58,5.43,6.02,969.67,4098.07,70.99,65.14,3.09,Tropical
City 1711,-40.24,156.5,3.8,11.37,654.39,26667.37,71.45,381.91,4.66,Subtropical
City 1712,-52.02,-89.68,4.31,7.44,772.58,8044.08,73.06,123.89,3.39,Temperate
City 1713,41.5,-136.64,4.14,4.78,743.08,1976.33,77.66,39.34,2.62,Subtropical
City 1714,-0.23,30.44,6.47,4.07,1161.24,1340.43,73.06,35.53,2.72,Equatorial
City 1715,-52.44,168.96,3.76,8.24,670.27,10143.49,74.08,156.74,3.57,Temperate
City 1716,69.33,-43.98,2.35,19.38,407.31,137926.65,73.02,2006.77,8.83,Polar
City 1717,-52.49,-157.67,3.52,10.94,601.49,25462.34,70.8,345.74,4.45,Temperate
City 1718,30.35,-57.85,4.66,6.01,819.11,4082.5,79.39,75.39,3.07,Subtropical
City 1719,67.88,2.14,2.47,8.15,434.36,9970.37,75.49,150.84,3.36,Polar
City 1720,-28.91,-121.71,4.85,2.19,864.95,204.99,77.88,15.87,2.04,Tropical
City 1721,-41.51,56.92,4.37,5.59,786.86,3413.98,76.58,63.64,2.88,Subtropical
City 1722,-44.22,179.19,2.95,8.71,516.86,13110.43,75.14,184.38,3.62,Subtropical
City 1723,-20.57,-17.37,5.34,9.63,926.73,16724.7,70.9,232.32,4.22,Tropical
City 1724,-46.86,-52.3,4.58,11.49,787.22,28845.0,76.43,432.03,4.92,Temperate
City 1725,29.98,-35.75,4.52,7.57,768.24,8126.1,71.55,116.83,3.42,Tropical
City 1726,-51.9,-138.55,3.06,8.38,536.64,10904.15,74.14,168.09,3.52,Temperate
City 1727,6.22,137.98,6.34,5.29,1113.07,2894.41,76.29,58.99,3.08,Equatorial
City 1728,69.57,-30.66,1.52,9.66,271.41,16840.49,77.82,252.43,3.78,Polar
City 1729,45.82,-40.58,2.69,12.88,470.65,40267.39,76.85,614.55,5.27,Temperate
City 1730,19.98,57.49,5.49,5.52,982.94,3171.72,76.72,60.24,3.02,Tropical
City 1731,-20.19,-20.87,5.65,5.8,996.84,3795.72,71.49,65.5,3.07,Tropical
City 1732,21.11,53.36,5.5,1.0,980.56,19.84,73.46,13.23,1.79,Tropical
City 1733,8.52,-157.88,6.33,4.36,1085.74,1605.65,70.43,35.51,2.75,Equatorial
City 1734,-4.61,112.94,6.7,6.55,1196.11,5328.43,77.19,92.06,3.5,Equatorial
City 1735,-43.01,158.58,4.5,5.63,795.54,3492.98,79.53,66.09,2.94,Subtropical
City 1736,55.26,53.56,3.04,7.65,521.4,8629.27,72.64,126.02,3.26,Temperate
City 1737,-1.53,163.64,6.61,6.13,1135.56,4183.52,70.88,70.14,3.29,Equatorial
City 1738,-34.7,-125.48,4.43,3.78,794.23,981.16,74.76,25.13,2.36,Subtropical
City 1739,-12.19,-8.13,6.44,7.86,1096.24,8789.57,78.57,143.06,3.88,Equatorial
City 1740,-6.16,36.65,7.27,3.29,1270.33,671.06,75.52,29.1,2.66,Equatorial
City 1741,47.58,29.43,3.36,7.79,580.92,9277.68,70.47,125.8,3.31,Temperate
City 1742,35.37,-35.47,4.57,4.73,807.93,1967.71,79.74,43.67,2.7,Subtropical
City 1743,40.01,-58.29,4.37,8.95,779.32,13437.66,78.29,211.72,3.95,Subtropical
City 1744,-58.57,-134.34,2.4,16.01,417.36,81273.96,71.32,1120.78,6.69,Temperate
City 1745,-5.9,-38.97,6.6,6.54,1149.69,5512.73,79.22,98.2,3.51,Equatorial
City 1746,2.57,-121.44,6.09,2.1,1094.55,178.19,74.51,18.9,2.17,Equatorial
City 1747,-57.51,84.37,2.09,12.59,371.71,36982.03,73.72,511.18,4.93,Temperate
City 1748,-26.22,-104.82,5.35,5.83,957.08,3614.54,74.61,65.41,3.06,Tropical
City 1749,38.84,-158.92,4.09,11.32,713.15,26156.75,78.35,420.75,4.81,Subtropical
City 1750,-42.18,18.85,4.15,10.23,715.01,19524.31,76.59,306.36,4.36,Subtropical
City 1751,9.59,34.28,6.32,1.0,1100.38,18.59,70.59,15.07,1.88,Equatorial
City 1752,-32.02,133.89,4.27,4.69,756.5,1973.5,79.58,43.41,2.64,Subtropical
City 1753,-58.42,27.71,2.89,12.2,494.06,32945.17,71.48,463.76,4.85,Temperate
City 1754,-28.64,-55.63,4.38,7.24,756.17,6944.59,77.46,109.85,3.37,Tropical
City 1755,66.86,109.08,3.02,8.13,513.96,9856.2,76.36,148.96,3.44,Polar
City 1756,44.2,14.5,3.23,6.84,562.72,6153.94,71.88,90.13,3.02,Subtropical
City 1757,64.74,-151.46,2.37,5.71,422.5,3578.27,71.71,53.61,2.56,Polar
City 1758,3.42,23.71,6.24,4.12,1062.24,1336.99,78.7,36.86,2.76,Equatorial
City 1759,-45.73,146.89,4.08,14.1,721.83,51864.1,74.2,747.9,5.94,Temperate
City 1760,11.23,-37.33,6.05,7.14,1084.53,6810.06,76.55,109.23,3.57,Equatorial
City 1761,-0.93,-73.32,6.68,9.57,1150.65,15941.59,75.04,253.38,4.47,Equatorial
City 1762,49.77,-128.35,3.94,11.18,697.65,25804.63,77.27,380.78,4.69,Temperate
City 1763,-47.25,-125.48,3.71,11.29,666.38,28514.42,74.79,436.37,4.74,Temperate
City 1764,3.47,-24.2,7.02,9.28,1260.11,15963.14,72.87,249.87,4.42,Equatorial
City 1765,-40.49,34.44,3.67,8.99,633.35,14031.27,73.63,214.68,3.82,Subtropical
City 1766,-17.79,-150.98,5.05,5.31,863.93,2971.44,78.59,59.15,2.92,Tropical
City 1767,35.86,158.24,4.54,10.17,779.16,20269.62,74.68,289.88,4.36,Subtropical
City 1768,1.88,91.85,6.71,7.82,1187.6,8648.97,72.13,135.28,3.83,Equatorial
City 1769,-11.13,31.18,6.53,3.91,1158.17,1198.39,79.35,34.5,2.76,Equatorial
City 1770,-8.72,118.24,6.35,3.07,1122.28,525.46,77.97,23.79,2.49,Equatorial
City 1771,-0.27,-151.13,7.08,4.37,1228.0,1620.91,70.56,38.64,2.87,Equatorial
City 1772,42.05,-8.34,3.24,10.28,557.1,20127.34,79.99,299.17,4.27,Subtropical
City 1773,55.97,46.83,4.03,11.59,707.85,29261.68,76.95,459.82,4.91,Temperate
City 1774,64.19,118.32,2.42,6.86,423.86,6225.06,71.6,94.44,2.91,Polar
City 1775,42.3,102.05,4.39,13.01,777.94,41547.8,72.37,574.7,5.44,Subtropical
City 1776,-19.0,-80.26,5.25,4.3,916.05,1467.68,76.92,34.9,2.64,Tropical
City 1777,29.46,158.72,5.09,6.28,882.88,4630.61,77.8,81.21,3.19,Tropical
City 1778,-3.11,-135.24,6.13,2.05,1060.22,162.03,72.39,17.49,2.14,Equatorial
City 1779,-26.89,135.05,5.34,13.44,919.7,48303.98,72.57,692.18,5.86,Tropical
City 1780,49.31,169.54,3.37,9.54,581.87,16996.62,73.07,238.35,3.94,Temperate
City 1781,-55.0,-116.22,3.16,7.37,540.93,7582.12,75.98,116.61,3.22,Temperate
City 1782,57.23,79.94,3.34,11.88,579.9,30871.4,71.72,425.37,4.79,Temperate
City 1783,-0.01,-165.5,6.38,5.92,1087.47,4078.57,71.04,73.1,3.21,Equatorial
City 1784,22.84,-34.05,5.06,5.81,869.5,3599.85,76.79,62.98,3.04,Tropical
City 1785,25.72,5.86,5.43,8.67,963.39,12018.14,77.79,183.58,3.99,Tropical
City 1786,56.37,29.03,4.1,7.57,710.96,8136.55,75.01,131.14,3.42,Temperate
City 1787,22.77,156.94,5.34,5.04,943.0,2536.49,73.64,50.72,2.83,Tropical
City 1788,19.81,62.01,5.91,1.0,1046.85,18.26,74.32,15.63,1.86,Tropical
City 1789,-51.34,-6.74,3.35,5.82,589.51,3603.43,73.88,58.93,2.76,Temperate
City 1790,7.39,111.48,7.45,9.26,1338.57,15068.96,79.6,252.32,4.54,Equatorial
City 1791,-40.48,162.19,3.29,12.15,560.5,33287.88,77.68,502.91,5.02,Subtropical
City 1792,35.87,-172.06,4.54,7.75,804.74,8912.02,72.08,127.04,3.49,Subtropical
City 1793,6.59,173.71,5.73,8.82,1028.32,12953.39,73.84,198.14,4.05,Equatorial
City 1794,28.43,-148.99,3.76,6.44,671.02,5046.48,75.44,77.76,3.02,Tropical
City 1795,-54.58,113.18,3.33,8.85,571.34,12630.83,76.13,187.45,3.72,Temperate
City 1796,-48.98,-79.08,3.64,9.04,630.93,13501.57,74.68,209.66,3.83,Temperate
City 1797,33.12,-132.42,4.54,7.0,779.46,6736.97,78.1,109.24,3.34,Subtropical
City 1798,-50.63,-21.65,3.4,8.52,598.95,12249.41,77.68,198.4,3.68,Temperate
City 1799,-50.74,51.82,5.0,11.93,885.18,31376.82,75.05,447.95,5.1,Temperate
City 1800,-58.43,-42.86,2.78,10.22,481.61,19444.73,78.54,291.56,4.16,Temperate
City 1801,64.35,-160.36,2.75,12.22,482.49,33006.54,77.51,499.86,4.95,Polar
City 1802,35.88,35.81,4.16,10.17,736.65,20189.91,77.79,317.8,4.38,Subtropical
City 1803,-14.08,144.87,6.16,6.38,1073.54,5041.76,79.56,92.46,3.41,Equatorial
City 1804,-21.45,-42.04,5.38,3.72,960.43,964.5,72.66,27.65,2.47,Tropical
City 1805,-14.54,-102.12,5.78,2.07,1026.67,172.13,72.68,15.75,2.09,Equatorial
City 1806,40.7,-20.67,5.06,8.44,863.49,11689.25,78.89,196.51,3.91,Subtropical
City 1807,25.98,-162.59,5.77,6.17,1016.76,4666.6,77.72,81.24,3.26,Tropical
City 1808,-35.92,115.38,4.55,7.81,784.84,8639.75,79.27,147.68,3.61,Subtropical
City 1809,-37.37,117.48,3.23,7.7,567.51,8381.54,70.63,118.84,3.27,Subtropical
City 1810,-47.21,31.68,3.51,15.18,631.17,63440.13,76.28,961.09,6.46,Temperate
City 1811,25.84,-52.88,6.54,3.26,1169.78,682.75,71.45,25.6,2.5,Tropical
City 1812,39.37,107.92,4.13,2.96,718.61,508.95,75.04,16.9,2.11,Subtropical
City 1813,-25.54,19.69,5.76,7.39,996.6,7713.72,71.56,123.64,3.57,Tropical
City 1814,-57.28,117.34,3.71,8.79,639.67,12324.3,71.28,170.87,3.69,Temperate
City 1815,-49.32,47.33,3.66,9.72,641.21,17042.11,70.12,229.25,3.99,Temperate
City 1816,65.82,102.39,1.97,12.04,337.42,32470.59,76.3,491.36,4.77,Polar
City 1817,-21.59,35.48,4.27,9.37,749.51,15727.8,73.59,220.83,4.01,Tropical
City 1818,40.0,-30.91,4.54,4.23,772.23,1403.25,71.05,28.51,2.46,Subtropical
City 1819,21.21,164.86,5.11,4.73,884.93,1918.85,73.23,39.03,2.7,Tropical
City 1820,-10.35,14.8,6.36,6.11,1095.83,4431.94,71.69,77.91,3.27,Equatorial
City 1821,-33.26,37.83,4.05,9.25,727.27,14730.19,79.42,224.59,4.01,Subtropical
City 1822,-44.22,-100.62,3.77,13.91,668.67,50832.34,73.2,719.87,5.8,Subtropical
City 1823,19.95,45.23,5.62,8.38,975.09,10759.95,73.34,167.16,3.88,Tropical
City 1824,40.7,25.78,4.29,7.93,732.45,9770.21,78.4,162.38,3.61,Subtropical
City 1825,23.71,-113.46,4.78,4.14,837.84,1362.1,76.48,33.43,2.53,Tropical
City 1826,8.94,-158.55,6.97,3.48,1200.24,836.9,77.1,30.74,2.68,Equatorial
City 1827,-54.55,37.57,2.88,7.97,505.63,9624.8,76.36,149.34,3.39,Temperate
City 1828,65.9,94.93,1.55,12.23,276.36,36357.3,79.46,549.22,4.87,Polar
City 1829,43.83,8.42,3.88,9.03,683.0,14546.63,72.07,200.03,3.82,Subtropical
City 1830,-21.93,-98.36,5.48,2.88,966.66,459.52,79.89,22.13,2.34,Tropical
City 1831,67.4,59.95,2.36,9.65,414.42,17853.06,78.31,285.9,3.95,Polar
City 1832,18.24,-151.16,6.4,8.02,1148.05,9612.61,75.89,159.03,3.91,Tropical
City 1833,15.71,-20.94,5.78,6.45,1036.77,5027.8,76.62,83.8,3.33,Tropical
City 1834,37.25,-121.19,4.33,9.15,758.78,13843.16,76.49,212.12,3.98,Subtropical
City 1835,45.53,-113.59,3.26,9.51,564.39,16496.68,70.58,231.57,3.89,Temperate
City 1836,25.34,-107.17,5.64,10.6,984.08,23159.89,72.18,337.73,4.67,Tropical
City 1837,-43.35,-40.79,4.06,8.92,697.4,13895.87,79.61,225.86,3.94,Subtropical
City 1838,-16.03,-161.59,5.67,4.64,999.67,1825.09,75.34,40.68,2.78,Tropical
City 1839,60.65,-36.79,1.8,7.78,315.37,8879.97,73.78,125.15,3.12,Polar
City 1840,-30.8,4.21,5.57,7.7,952.01,8392.21,77.62,144.22,3.71,Subtropical
City 1841,-11.62,-6.01,5.57,1.0,958.4,19.32,75.25,14.27,1.82,Equatorial
City 1842,-3.83,-42.2,6.44,3.92,1125.03,1105.21,70.13,28.89,2.64,Equatorial
City 1843,-2.88,122.09,6.98,3.77,1248.15,1064.03,77.36,33.35,2.76,Equatorial
City 1844,19.68,-127.68,5.02,2.56,882.53,308.65,77.32,18.28,2.16,Tropical
City 1845,62.6,2.05,1.87,7.94,330.87,9299.54,71.65,136.45,3.17,Polar
City 1846,-28.71,-157.67,3.93,8.9,681.13,13866.42,79.57,217.73,3.9,Tropical
City 1847,-44.2,-154.38,4.27,9.0,749.62,13777.86,72.24,189.71,3.86,Subtropical
City 1848,-34.33,26.59,4.32,7.69,754.49,8198.98,74.58,120.84,3.46,Subtropical
City 1849,55.3,23.77,4.59,10.3,811.02,20725.17,71.15,284.5,4.36,Temperate
City 1850,23.96,136.09,4.83,6.63,822.85,5288.17,76.03,89.48,3.24,Tropical
City 1851,-22.83,20.83,4.94,9.39,864.35,16536.4,73.75,246.0,4.15,Tropical
City 1852,46.07,165.52,3.49,8.92,604.01,13591.15,73.53,201.11,3.76,Temperate
City 1853,51.98,-162.47,3.48,5.55,603.49,3168.78,78.27,57.38,2.75,Temperate
City 1854,50.05,-144.72,3.26,13.08,585.82,42803.68,70.1,548.61,5.24,Temperate
City 1855,59.46,-164.14,3.14,10.87,540.21,23328.23,77.98,338.94,4.44,Temperate
City 1856,-27.21,-113.3,4.61,5.25,797.37,2832.48,75.71,51.45,2.8,Tropical
City 1857,38.16,14.86,3.64,4.68,637.07,2037.42,79.86,39.11,2.55,Subtropical
City 1858,-0.13,52.41,6.09,5.0,1088.18,2472.72,75.89,49.05,2.95,Equatorial
City 1859,49.46,-163.59,2.43,8.65,422.53,12105.04,70.55,170.43,3.46,Temperate
City 1860,34.7,160.55,4.31,11.41,765.06,27674.88,70.51,393.63,4.75,Subtropical
City 1861,40.94,123.18,3.98,7.23,711.37,6826.62,78.83,115.91,3.33,Subtropical
City 1862,25.3,-73.22,4.91,4.44,850.48,1685.72,78.41,39.05,2.65,Tropical
City 1863,-36.93,-152.21,5.04,9.93,875.95,18688.6,73.46,277.83,4.34,Subtropical
City 1864,10.85,-118.84,6.85,7.4,1189.67,7661.82,76.18,131.29,3.78,Equatorial
City 1865,68.01,-134.3,2.07,11.22,369.52,28005.9,74.9,394.09,4.42,Polar
City 1866,61.86,-135.62,1.77,11.88,302.16,30719.37,79.67,493.96,4.74,Polar
City 1867,-54.39,6.68,2.91,9.34,503.59,14703.14,79.5,222.04,3.87,Temperate
City 1868,-38.57,-91.49,4.0,8.44,707.16,10918.0,79.84,171.05,3.73,Subtropical
City 1869,-42.88,-51.07,3.67,11.2,644.68,25916.37,78.66,388.17,4.68,Subtropical
City 1870,34.38,176.22,4.24,9.0,740.12,13175.07,79.1,219.58,3.97,Subtropical
City 1871,46.31,66.35,3.43,8.21,601.87,10509.92,72.17,160.21,3.5,Temperate
City 1872,-32.24,161.63,4.55,10.61,782.44,22219.5,78.31,352.87,4.6,Subtropical
City 1873,5.76,-128.68,6.28,1.0,1094.47,18.36,77.09,16.52,1.94,Equatorial
City 1874,49.29,-42.43,3.65,14.06,639.47,54191.55,79.63,831.31,6.04,Temperate
City 1875,35.26,19.7,4.71,3.26,843.45,638.69,75.71,22.38,2.28,Subtropical
City 1876,10.49,-152.37,5.81,3.48,1002.91,817.5,70.85,25.01,2.45,Equatorial
City 1877,16.75,-178.49,6.46,5.57,1154.86,3235.14,75.97,66.34,3.17,Tropical
City 1878,6.09,61.36,6.08,4.24,1073.46,1452.63,76.87,36.18,2.75,Equatorial
City 1879,-21.32,51.06,4.7,8.65,799.75,12849.31,72.2,183.97,3.82,Tropical
City 1880,13.45,-32.12,6.25,2.7,1107.56,356.04,73.94,21.33,2.34,Equatorial
City 1881,29.56,-3.73,4.52,7.61,770.42,8365.25,75.99,127.03,3.49,Tropical
City 1882,53.53,-30.44,3.41,7.91,614.32,9745.55,73.74,151.96,3.42,Temperate
City 1883,22.72,-171.36,4.21,7.01,752.07,6604.56,73.75,103.17,3.24,Tropical
City 1884,38.95,-59.27,4.97,7.73,859.68,8578.6,71.33,133.66,3.55,Subtropical
City 1885,-39.19,-116.25,4.59,8.15,792.6,10180.02,79.41,162.7,3.73,Subtropical
City 1886,0.0,-144.57,6.25,2.63,1086.27,350.37,77.5,21.64,2.36,
City 1887,-58.79,164.42,2.15,8.6,372.38,12597.72,70.01,172.22,3.41,Temperate
City 1888,-27.93,35.77,5.88,7.51,1021.65,7663.1,77.66,129.85,3.68,Tropical
City 1889,34.44,82.32,4.22,9.8,730.92,17093.33,77.4,262.24,4.21,Subtropical
City 1890,68.94,-66.47,1.76,9.4,309.68,15479.76,70.1,220.63,3.62,Polar
City 1891,-47.11,-38.47,2.57,6.54,441.03,5162.38,73.7,80.05,2.86,Temperate
City 1892,-7.81,-94.71,6.28,6.31,1120.41,4664.79,76.07,81.42,3.35,Equatorial
City 1893,44.01,-145.09,3.81,8.32,677.85,10620.33,74.53,166.88,3.61,Subtropical
City 1894,-33.48,-115.55,5.01,9.42,876.35,15392.05,77.78,235.2,4.19,Subtropical
City 1895,12.16,107.11,5.45,2.95,972.83,469.58,74.25,20.07,2.29,Equatorial
City 1896,35.3,63.92,3.77,3.08,650.03,581.25,71.54,16.04,2.05,Subtropical
City 1897,20.08,16.89,5.82,4.68,990.42,1868.98,79.76,45.16,2.86,Tropical
City 1898,-35.56,-8.97,5.01,5.64,883.5,3302.3,72.42,56.3,2.93,Subtropical
City 1899,-13.8,152.08,5.25,5.18,916.27,2574.82,77.18,49.89,2.89,Equatorial
City 1900,41.89,-153.82,4.61,6.6,809.54,5704.09,71.43,92.31,3.16,Subtropical
City 1901,12.05,-78.98,6.18,7.06,1105.34,6858.66,73.29,114.47,3.55,Equatorial
City 1902,-59.32,-54.02,3.39,9.21,609.81,15304.18,74.42,216.52,3.85,Temperate
City 1903,38.93,101.67,4.24,8.27,747.68,10295.98,71.92,155.19,3.62,Subtropical
City 1904,-55.41,177.31,1.86,9.94,330.45,19291.72,74.5,289.83,3.92,Temperate
City 1905,36.95,-93.36,4.34,8.18,741.07,10306.31,71.57,143.56,3.59,Subtropical
City 1906,-33.68,134.75,5.17,7.31,887.66,7228.82,75.59,120.56,3.5,Subtropical
City 1907,64.55,119.02,2.03,11.73,360.81,30921.36,76.64,457.78,4.66,Polar
City 1908,-12.17,-99.12,5.95,3.23,1037.91,660.53,70.62,23.2,2.4,Equatorial
City 1909,-17.5,-36.24,5.69,9.25,992.15,15470.83,78.71,246.02,4.27,Tropical
City 1910,-40.64,-32.52,2.71,7.47,468.22,8255.26,71.85,121.57,3.15,Subtropical
City 1911,-20.27,172.16,6.42,2.75,1129.81,412.17,72.25,20.13,2.36,Tropical
City 1912,53.96,-114.88,2.77,9.87,476.34,17746.88,76.61,272.6,4.03,Temperate
City 1913,69.52,107.7,2.39,8.82,420.62,12951.31,74.69,180.43,3.56,Polar
City 1914,-12.12,-59.69,6.11,6.88,1049.02,5859.43,74.99,97.97,3.48,Equatorial
City 1915,-1.68,83.11,7.5,9.69,1279.79,17989.02,71.28,251.38,4.57,Equatorial
City 1916,33.87,-28.8,4.83,5.42,837.43,2915.98,78.06,57.56,2.91,Subtropical
City 1917,55.21,28.21,3.02,10.35,520.06,21876.54,76.17,317.77,4.24,Temperate
City 1918,17.1,119.74,5.36,1.32,958.23,42.99,71.35,13.51,1.83,Tropical
City 1919,-9.1,109.5,6.76,6.04,1153.22,4138.63,73.74,73.59,3.32,Equatorial
City 1920,-6.36,131.91,5.62,2.42,965.01,256.73,78.1,18.65,2.22,Equatorial
City 1921,30.43,-158.54,5.19,5.48,911.27,3071.38,75.68,57.16,2.95,Subtropical
City 1922,-59.58,69.14,2.28,7.2,398.53,7396.85,71.09,108.49,3.0,Temperate
City 1923,20.55,-129.6,6.19,7.89,1054.78,8849.43,73.73,132.51,3.79,Tropical
City 1924,-13.79,-30.31,6.12,7.9,1040.1,9264.29,72.43,137.2,3.77,Equatorial
City 1925,43.25,17.49,4.29,8.38,772.56,10641.13,75.17,163.91,3.7,Subtropical
City 1926,-47.91,-35.01,3.69,6.63,651.12,5462.15,78.43,95.39,3.11,Temperate
City 1927,16.47,7.06,4.97,9.62,863.26,16334.61,74.36,232.11,4.2,Tropical
City 1928,2.53,178.75,6.39,2.38,1116.85,248.4,74.33,18.35,2.28,Equatorial
City 1929,23.5,-131.32,5.69,1.0,982.64,19.76,79.05,14.51,1.87,Tropical
City 1930,-51.57,63.16,3.47,10.3,602.47,20639.33,75.76,310.31,4.28,Temperate
City 1931,15.4,-37.44,6.51,2.78,1149.42,397.57,75.66,22.0,2.41,Tropical
City 1932,12.99,-132.12,6.29,7.77,1125.21,8999.52,72.62,144.48,3.78,Equatorial
City 1933,12.89,-122.85,5.61,4.34,964.83,1490.27,76.08,33.89,2.7,Equatorial
City 1934,18.45,161.74,5.31,7.35,947.36,7367.05,75.76,115.86,3.52,Tropical
City 1935,27.94,136.66,5.1,10.3,872.45,20849.73,73.97,298.86,4.48,Tropical
City 1936,44.65,146.54,2.72,5.44,467.83,2978.73,79.91,53.02,2.63,Subtropical
City 1937,-24.92,176.95,6.09,5.08,1037.92,2534.04,78.82,54.53,3.01,Tropical
City 1938,47.26,-105.01,3.91,8.54,670.71,11808.6,77.5,176.48,3.73,Temperate
City 1939,4.77,-52.04,7.28,8.32,1304.27,11260.85,75.37,188.35,4.15,Equatorial
City 1940,-49.98,60.92,2.71,7.35,473.31,7907.58,74.62,116.84,3.14,Temperate
City 1941,-52.39,-5.83,3.96,7.75,675.44,8495.0,71.85,128.0,3.41,Temperate
City 1942,-16.55,-29.38,6.96,6.85,1249.52,6001.35,73.06,100.9,3.58,Tropical
City 1943,42.04,-51.19,3.4,6.76,607.35,5759.42,77.74,91.3,3.09,Subtropical
City 1944,32.0,33.76,5.15,7.58,913.62,7974.72,74.54,130.47,3.57,Subtropical
City 1945,42.52,27.21,4.02,4.37,721.67,1640.95,78.82,36.57,2.51,Subtropical
City 1946,7.24,-121.88,5.72,10.26,985.1,21084.22,71.48,296.45,4.53,Equatorial
City 1947,-2.77,-10.17,7.05,1.0,1257.87,18.97,75.08,18.39,2.04,Equatorial
City 1948,-40.83,19.25,4.56,7.28,806.42,7356.05,76.47,115.57,3.4,Subtropical
City 1949,-17.33,25.3,5.49,5.65,980.33,3271.98,75.17,61.95,3.04,Tropical
City 1950,-3.58,-104.36,7.33,9.14,1304.96,14589.71,78.89,233.46,4.46,Equatorial
City 1951,-48.48,87.22,2.77,5.54,481.0,3322.61,79.9,59.83,2.67,Temperate
City 1952,-31.32,-170.93,4.06,12.09,721.67,33848.16,71.16,453.48,4.97,Subtropical
City 1953,17.77,-52.26,5.82,7.67,1005.44,8360.92,71.3,120.4,3.64,Tropical
City 1954,35.64,100.88,4.52,8.61,782.93,12325.5,71.3,173.26,3.76,Subtropical
City 1955,69.79,23.0,1.76,8.52,300.54,11567.1,76.81,167.57,3.39,Polar
City 1956,61.3,-85.98,3.11,11.56,558.4,29477.12,73.73,421.11,4.69,Polar
City 1957,23.53,70.18,5.62,4.54,971.43,1781.07,77.33,39.18,2.77,Tropical
City 1958,-5.24,24.26,7.06,7.69,1237.38,8533.73,74.05,141.29,3.88,Equatorial
City 1959,22.7,106.65,5.35,3.84,930.3,1102.91,76.28,28.66,2.53,Tropical
City 1960,42.13,84.61,4.35,7.93,781.59,9859.87,77.7,160.52,3.62,Subtropical
City 1961,-44.62,39.64,3.65,7.07,633.43,6374.08,75.48,101.33,3.19,Subtropical
City 1962,-6.71,-4.26,7.5,2.2,1333.39,212.25,75.4,23.27,2.41,Equatorial
City 1963,49.17,-132.05,3.15,10.77,562.72,23769.23,70.88,344.94,4.35,Temperate
City 1964,-10.1,-85.92,7.35,6.35,1280.74,4964.93,74.11,91.36,3.51,Equatorial
City 1965,14.34,-29.12,6.01,8.46,1045.02,11921.81,75.46,190.99,4.01,Equatorial
City 1966,16.41,35.75,5.16,1.19,916.41,32.01,74.62,13.29,1.8,Tropical
City 1967,-36.02,4.93,5.16,10.26,924.8,21258.33,79.01,341.88,4.59,Subtropical
City 1968,-12.91,-76.25,6.16,11.55,1093.58,28315.25,79.07,463.03,5.23,Equatorial
City 1969,-16.51,-177.67,6.27,4.52,1080.07,1694.14,78.22,39.16,2.87,Tropical
City 1970,-56.59,-1.35,3.65,14.4,652.98,57641.85,73.75,820.15,6.05,Temperate
City 1971,-56.86,-77.17,3.19,9.03,554.51,14523.49,77.17,214.52,3.8,Temperate
City 1972,48.12,84.46,3.34,5.38,586.24,3082.7,73.95,51.87,2.64,Temperate
City 1973,-24.5,-171.38,5.77,5.69,1029.37,3545.65,72.33,62.65,3.06,Tropical
City 1974,7.35,30.54,6.49,7.36,1114.82,7581.58,73.43,122.3,3.68,Equatorial
City 1975,-21.17,158.93,5.86,4.02,1042.41,1213.44,70.71,30.47,2.59,Tropical
City 1976,62.29,-117.21,1.56,8.73,275.02,13270.96,73.32,197.84,3.43,Polar
City 1977,-26.29,-10.21,5.38,8.11,963.21,9953.47,74.61,155.6,3.77,Tropical
City 1978,-4.14,-147.09,6.39,4.42,1097.39,1685.25,79.55,43.59,2.88,Equatorial
City 1979,53.45,45.25,4.08,10.81,711.6,24062.17,73.13,337.71,4.51,Temperate
City 1980,49.45,18.19,3.85,9.54,686.56,16683.67,79.02,259.11,4.1,Temperate
City 1981,-35.81,-33.35,4.61,8.78,785.17,12714.59,72.29,184.84,3.85,Subtropical
City 1982,44.34,7.7,4.14,7.35,708.29,7925.04,71.91,115.21,3.32,Subtropical
City 1983,-0.44,142.77,6.47,4.62,1164.04,1891.3,75.19,43.1,2.89,Equatorial
City 1984,2.79,-109.33,7.5,1.96,1296.03,149.69,76.73,21.29,2.36,Equatorial
City 1985,-42.65,-171.88,5.01,11.49,900.64,27297.79,70.44,380.6,4.85,Subtropical
City 1986,-49.52,130.2,3.73,7.37,640.9,7653.24,72.21,115.43,3.26,Temperate
City 1987,34.63,27.76,5.37,10.29,932.46,21145.85,74.56,307.88,4.53,Subtropical
City 1988,4.54,140.64,6.4,3.87,1135.76,1129.64,73.31,30.94,2.66,Equatorial
City 1989,-3.21,34.9,6.38,4.83,1126.0,2226.53,77.13,49.71,2.96,Equatorial
City 1990,34.84,111.66,4.58,6.25,805.56,4388.66,75.11,71.26,3.07,Subtropical
City 1991,39.52,-25.32,4.45,5.41,780.31,2852.89,71.6,48.14,2.77,Subtropical
City 1992,-39.34,89.95,4.05,3.57,722.49,863.62,78.94,22.64,2.29,Subtropical
City 1993,19.33,148.69,5.92,3.29,1019.59,645.8,72.93,22.04,2.43,Tropical
City 1994,-42.4,25.96,4.18,7.43,729.95,8184.62,77.31,127.41,3.41,Subtropical
City 1995,37.68,-114.92,3.86,8.3,662.77,10536.87,77.8,157.18,3.63,Subtropical
City 1996,25.4,-83.23,5.48,9.07,964.45,14118.93,79.63,222.1,4.17,Tropical
City 1997,64.36,-108.49,2.93,9.32,504.85,14678.57,74.99,219.85,3.82,Polar
City 1998,-51.04,-91.13,3.51,6.9,608.98,6252.47,76.16,94.7,3.13,Temperate
City 1999,-52.58,-69.69,3.9,5.65,680.6,3386.28,73.35,56.3,2.78,Temperate
City 2000,-23.32,19.85,4.76,7.53,810.34,7728.69,76.78,129.99,3.52,Tropical
City 2001,-25.98,31.68,5.42,10.06,925.61,18984.61,74.63,290.99,4.46,Tropical
City 2002,-27.89,-26.46,4.46,9.96,789.21,18531.01,74.38,267.43,4.26,Tropical
City 2003,57.81,41.55,2.4,11.56,417.61,30834.05,78.55,487.3,4.73,Temperate
City 2004,-27.56,-150.63,4.76,8.35,849.54,10730.05,70.5,152.33,3.69,Tropical
City 2005,-24.65,-148.4,4.8,10.71,850.0,23442.71,78.82,347.43,4.66,Tropical
City 2006,38.72,-118.14,4.02,8.7,682.96,13164.16,78.52,217.33,3.85,Subtropical
City 2007,-1.53,6.51,6.79,5.77,1195.39,3759.56,75.06,73.42,3.27,Equatorial
City 2008,40.97,-102.96,4.55,7.3,777.85,7760.1,74.9,121.07,3.4,Subtropical
City 2009,-51.5,-78.02,3.23,5.75,575.08,3780.51,73.62,61.99,2.72,Temperate
City 2010,3.38,-35.89,5.97,2.63,1074.15,344.79,79.94,21.94,2.34,Equatorial
City 2011,-55.63,112.27,3.68,9.54,644.43,16838.43,71.11,228.62,3.95,Temperate
City 2012,-51.86,-175.01,2.95,9.34,521.92,14833.97,75.9,214.46,3.83,Temperate
City 2013,57.84,53.78,2.92,14.6,503.68,58757.05,76.82,862.15,6.09,Temperate
City 2014,-41.9,60.8,4.29,8.39,748.14,11598.66,79.34,194.19,3.79,Subtropical
City 2015,9.21,107.52,6.45,7.87,1152.57,9261.6,77.8,146.01,3.88,Equatorial
City 2016,-6.56,155.79,7.09,3.57,1216.84,881.5,76.44,31.38,2.71,Equatorial
City 2017,-14.85,-172.75,6.2,4.71,1070.52,2030.58,71.17,39.98,2.83,Equatorial
City 2018,56.98,-124.64,2.58,6.38,450.24,4795.56,73.74,73.33,2.81,Temperate
City 2019,-57.16,139.02,4.09,7.86,724.05,9592.78,71.39,141.97,3.47,Temperate
City 2020,26.29,-14.93,5.26,7.95,913.39,9494.6,78.81,158.92,3.76,Tropical
City 2021,65.24,23.25,2.36,10.54,422.99,21587.11,77.5,309.02,4.2,Polar
City 2022,12.82,58.69,6.58,7.64,1125.57,8797.23,77.58,145.0,3.84,Equatorial
City 2023,61.79,64.46,2.8,10.63,486.32,22636.23,76.52,339.15,4.32,Polar
City 2024,-53.21,155.43,3.48,8.44,615.41,11721.97,75.07,167.93,3.6,Temperate
City 2025,-5.56,178.9,7.5,9.93,1291.95,18677.68,71.5,260.87,4.65,Equatorial
City 2026,-26.18,79.26,5.03,6.38,888.1,4880.15,73.3,81.71,3.17,Tropical
City 2027,35.01,-76.6,4.39,10.41,753.62,22121.64,71.37,310.9,4.4,Subtropical
City 2028,67.57,136.71,2.33,9.75,397.15,17787.91,77.25,257.41,3.92,Polar
City 2029,-26.65,-162.28,5.67,8.44,970.79,11287.85,71.6,167.39,3.88,Tropical
City 2030,25.04,-96.81,4.49,8.82,805.73,12519.05,77.02,203.47,3.91,Tropical
City 2031,-34.25,143.06,3.62,7.95,635.36,9928.98,76.92,146.53,3.49,Subtropical
City 2032,13.49,-87.77,5.76,1.0,1025.41,18.07,74.59,15.01,1.84,Equatorial
City 2033,0.31,-100.57,6.16,4.08,1067.91,1336.57,71.35,31.13,2.66,Equatorial
City 2034,66.36,-130.27,2.14,13.71,376.89,48264.45,73.15,640.9,5.4,Polar
City 2035,19.11,129.28,5.91,7.23,1034.59,7284.71,73.2,111.45,3.55,Tropical
City 2036,-14.56,0.02,5.54,6.57,993.32,5630.35,77.0,96.12,3.34,Equatorial
City 2037,-45.17,62.96,3.12,4.21,554.59,1366.86,71.14,26.8,2.25,Temperate
City 2038,-40.34,-93.94,4.21,6.23,746.64,4632.58,78.29,78.18,3.06,Subtropical
City 2039,-30.71,92.89,5.28,8.1,900.33,10375.65,77.61,168.47,3.8,Subtropical
City 2040,-27.37,93.6,4.24,7.76,743.46,9131.18,71.86,133.57,3.46,Tropical
City 2041,50.58,-67.46,3.87,12.09,675.89,33705.94,77.19,490.16,5.06,Temperate
City 2042,12.96,-32.15,6.5,4.93,1165.58,2311.77,76.69,50.74,3.0,Equatorial
City 2043,8.04,-104.51,6.91,5.82,1193.2,3844.45,77.48,76.48,3.33,Equatorial
City 2044,-45.08,171.56,4.45,8.55,769.14,12297.23,71.89,184.72,3.76,Temperate
City 2045,51.82,52.42,4.47,6.71,778.94,5910.08,71.58,94.28,3.17,Temperate
City 2046,33.97,156.44,4.44,1.76,766.35,101.49,72.36,11.73,1.81,Subtropical
City 2047,-51.2,-70.78,3.47,10.2,594.48,21203.71,73.66,314.49,4.24,Temperate
City 2048,32.02,101.48,4.55,7.64,812.6,8403.7,77.94,132.34,3.53,Subtropical
City 2049,10.66,95.71,6.25,3.52,1098.23,787.57,77.38,28.42,2.59,Equatorial
City 2050,-49.38,69.0,4.31,4.89,769.85,2189.06,79.25,46.66,2.7,Temperate
City 2051,-0.42,167.63,6.3,5.62,1123.01,3234.29,70.59,55.45,3.09,Equatorial
City 2052,3.01,-38.32,6.36,3.64,1098.92,877.11,70.12,26.16,2.56,Equatorial
City 2053,-38.45,-132.94,5.0,9.24,876.88,14630.5,76.99,230.38,4.13,Subtropical
City 2054,62.94,61.82,3.1,14.95,530.29,60552.19,72.79,862.75,6.17,Polar
City 2055,50.5,82.55,3.28,3.7,588.28,978.41,73.34,21.09,2.16,Temperate
City 2056,26.97,27.02,5.54,4.95,964.04,2198.84,75.47,47.61,2.85,Tropical
City 2057,0.1,-105.55,7.16,3.49,1246.03,780.02,71.02,27.67,2.65,Equatorial
City 2058,-6.47,1.6,7.3,8.28,1262.62,10338.81,76.43,162.51,4.11,Equatorial
City 2059,24.63,-67.61,5.31,2.37,927.75,241.8,73.25,15.46,2.11,Tropical
City 2060,10.91,-26.11,6.75,9.93,1164.39,18150.44,76.33,288.46,4.63,Equatorial
City 2061,-51.9,52.28,4.69,9.53,814.48,16569.87,78.34,247.31,4.2,Temperate
City 2062,6.63,88.28,6.84,4.42,1216.68,1723.88,71.71,38.55,2.86,Equatorial
City 2063,44.83,-96.4,3.89,7.99,693.11,10067.5,79.31,163.43,3.58,Subtropical
City 2064,-0.3,-34.08,7.34,2.94,1270.18,501.54,75.31,25.63,2.57,Equatorial
City 2065,-53.25,-83.1,3.09,11.94,539.82,31277.31,79.23,488.38,4.93,Temperate
City 2066,42.22,-108.49,5.24,5.55,936.38,3168.28,72.08,55.58,2.94,Subtropical
City 2067,-33.82,102.02,4.72,8.25,805.3,10177.54,76.05,163.26,3.73,Subtropical
City 2068,-26.38,147.33,5.02,5.68,897.5,3579.04,74.04,66.12,2.97,Tropical
City 2069,-38.59,-46.72,3.88,5.95,668.27,3827.74,77.74,64.81,2.91,Subtropical
City 2070,-17.07,90.46,6.35,12.17,1123.22,34469.8,76.06,525.36,5.48,Tropical
City 2071,38.38,142.92,4.75,8.89,834.67,12974.85,74.95,205.51,3.95,Subtropical
City 2072,7.52,124.6,6.22,6.29,1092.66,4590.05,79.13,87.11,3.38,Equatorial
City 2073,-33.37,-114.19,4.95,10.18,884.51,21086.11,73.77,313.82,4.45,Subtropical
City 2074,54.12,164.27,2.46,5.86,420.27,3923.53,72.2,57.86,2.62,Temperate
City 2075,54.35,-44.4,3.29,13.82,570.42,51876.46,76.08,760.94,5.79,Temperate
City 2076,53.18,-57.87,3.5,3.05,614.56,540.57,76.24,16.84,2.05,Temperate
City 2077,-28.96,-157.52,5.83,4.97,1037.81,2429.07,74.39,50.03,2.89,Tropical
City 2078,-1.34,-4.98,6.52,2.99,1122.66,513.76,74.87,24.49,2.46,Equatorial
City 2079,68.05,-140.76,1.6,12.26,284.39,36649.64,79.6,531.14,4.86,Polar
City 2080,40.36,-90.53,3.73,8.58,648.48,11736.85,77.33,173.64,3.7,Subtropical
City 2081,-56.47,-65.9,2.38,9.23,408.91,15089.14,71.11,200.08,3.65,Temperate
City 2082,-51.52,111.18,4.06,9.12,721.32,14712.26,72.12,216.9,3.9,Temperate
City 2083,0.31,135.18,7.5,1.59,1281.82,74.95,79.76,19.77,2.29,Equatorial
City 2084,58.2,-71.11,3.09,6.08,540.54,4433.99,77.26,73.97,2.84,Temperate
City 2085,10.03,129.13,6.91,6.82,1178.85,6329.81,79.15,110.84,3.64,Equatorial
City 2086,4.72,128.6,6.74,6.21,1169.28,4538.04,73.04,78.85,3.36,Equatorial
City 2087,-46.29,95.27,3.71,12.59,653.4,37480.94,77.42,544.15,5.24,Temperate
City 2088,25.38,-127.19,5.06,4.56,887.77,1799.9,77.14,40.91,2.69,Tropical
City 2089,46.87,68.52,3.56,10.42,620.24,22290.12,72.95,320.42,4.31,Temperate
City 2090,-10.55,160.21,5.49,4.35,956.49,1582.72,75.51,38.13,2.68,Equatorial
City 2091,40.83,65.71,4.27,11.06,736.28,24467.63,76.27,368.13,4.67,Subtropical
City 2092,65.38,-60.62,2.4,13.09,419.48,42835.61,74.81,590.49,5.22,Polar
City 2093,-33.51,0.21,5.03,7.88,902.5,8821.24,78.27,139.6,3.67,Subtropical
City 2094,8.03,52.46,6.48,3.95,1157.51,1209.39,78.33,37.04,2.75,Equatorial
City 2095,-22.67,3.81,5.33,8.67,914.12,12156.84,78.51,199.6,4.0,Tropical
City 2096,43.07,-136.82,3.55,9.92,604.46,18517.43,78.03,270.06,4.16,Subtropical
City 2097,15.09,-67.66,5.98,3.8,1072.42,1073.32,74.88,31.18,2.6,Tropical
City 2098,22.5,108.86,5.79,2.93,1015.57,455.14,73.81,20.44,2.33,Tropical
City 2099,43.73,130.11,3.37,7.65,590.55,8205.5,78.31,128.23,3.36,Subtropical
City 2100,-8.52,-130.57,6.45,8.64,1146.34,12126.72,74.9,182.02,4.1,Equatorial
City 2101,58.96,162.86,2.99,12.76,517.57,38372.85,72.46,554.61,5.15,Temperate
City 2102,9.29,-61.62,5.99,2.15,1047.24,185.23,75.07,16.77,2.17,Equatorial
City 2103,-39.47,58.43,3.94,5.03,708.59,2540.55,71.42,43.11,2.6,Subtropical
City 2104,30.47,90.66,4.98,10.23,880.54,21059.13,76.92,314.09,4.5,Subtropical
City 2105,43.12,112.3,3.41,5.47,585.73,3241.22,73.36,51.44,2.66,Subtropical
City 2106,-18.82,160.47,5.86,7.16,1003.58,7280.78,72.61,114.38,3.52,Tropical
City 2107,51.43,-67.35,2.95,7.6,507.87,8211.1,79.57,125.03,3.3,Temperate
City 2108,57.8,129.06,3.49,13.82,619.26,49105.92,77.77,719.35,5.78,Temperate
City 2109,-24.0,-132.59,6.49,4.47,1122.25,1654.1,77.87,42.95,2.89,Tropical
City 2110,67.86,73.81,1.82,13.64,309.72,49938.02,76.24,713.33,5.47,Polar
City 2111,-41.71,87.11,4.35,8.63,780.14,12455.32,78.39,194.24,3.85,Subtropical
City 2112,-33.74,63.98,4.27,8.0,734.0,9473.04,77.59,150.05,3.61,Subtropical
City 2113,-36.05,-89.17,5.0,2.68,849.95,360.71,75.99,17.59,2.17,Subtropical
City 2114,56.22,134.3,2.43,4.11,419.22,1324.46,79.61,27.23,2.21,Temperate
City 2115,25.06,-119.21,5.49,5.95,945.55,4023.0,71.92,65.68,3.09,Tropical
City 2116,-40.23,-160.69,3.75,8.64,652.92,12755.51,79.43,210.28,3.8,Subtropical
City 2117,-2.76,78.29,6.7,1.46,1201.28,58.72,74.01,18.2,2.09,Equatorial
City 2118,19.99,-8.83,5.09,3.28,909.21,697.47,75.28,23.52,2.33,Tropical
City 2119,-49.15,125.68,3.97,10.32,693.16,20745.95,71.23,277.52,4.26,Temperate
City 2120,54.71,-41.98,2.75,10.88,479.06,25094.93,75.4,347.93,4.37,Temperate
City 2121,44.47,-119.42,4.16,8.1,730.85,10564.44,76.11,164.96,3.62,Subtropical
City 2122,5.68,121.12,6.43,6.52,1108.85,5487.56,79.98,104.07,3.5,Equatorial
City 2123,65.73,17.61,2.34,7.64,399.35,8068.72,79.75,129.46,3.23,Polar
City 2124,-5.69,-111.89,6.68,3.68,1197.53,917.01,79.66,31.04,2.72,Equatorial
City 2125,67.93,79.34,1.86,14.91,320.31,62864.11,73.48,844.15,5.96,Polar
City 2126,26.83,4.0,5.23,6.85,898.98,6072.97,79.91,108.08,3.42,Tropical
City 2127,22.51,37.55,6.19,6.57,1081.49,5459.47,74.55,94.82,3.41,Tropical
City 2128,-38.43,-14.08,3.92,13.61,685.87,50113.25,78.52,731.72,5.81,Subtropical
City 2129,54.65,118.34,3.76,5.97,639.95,3871.39,72.16,58.78,2.84,Temperate
City 2130,-4.43,118.64,7.44,6.43,1275.67,5034.21,75.06,89.12,3.55,Equatorial
City 2131,-38.91,75.38,3.87,12.05,672.23,32175.2,79.66,501.49,5.09,Subtropical
City 2132,-58.36,-142.06,2.19,9.02,386.78,14541.12,79.47,230.29,3.7,Temperate
City 2133,12.77,121.99,6.26,7.43,1078.02,8160.87,76.84,139.28,3.72,Equatorial
City 2134,8.56,61.56,6.13,2.4,1067.5,262.44,77.98,19.93,2.28,Equatorial
City 2135,33.52,70.93,5.59,5.63,981.14,3257.54,71.76,55.43,3.01,Subtropical
City 2136,55.73,-49.33,3.12,10.54,557.42,22887.74,77.22,350.58,4.36,Temperate
City 2137,-49.68,136.54,3.12,10.96,540.83,25562.09,76.18,397.08,4.53,Temperate
City 2138,35.09,81.13,3.97,10.31,680.17,20514.52,70.92,297.77,4.29,Subtropical
City 2139,-35.64,-139.47,5.05,11.49,883.28,29978.75,71.13,433.42,4.94,Subtropical
City 2140,51.56,-33.2,3.1,8.99,551.04,14485.14,71.08,198.85,3.69,Temperate
City 2141,46.48,139.1,3.77,11.63,644.77,30084.12,77.24,462.89,4.89,Temperate
City 2142,10.3,-163.01,6.76,4.17,1177.33,1391.81,71.42,36.15,2.78,Equatorial
City 2143,32.33,166.11,4.49,9.49,764.89,15884.5,74.68,240.67,4.11,Subtropical
City 2144,-19.13,64.5,5.64,6.43,960.29,5101.2,73.57,82.5,3.27,Tropical
City 2145,1.25,47.3,6.9,5.24,1207.04,2715.34,75.51,58.96,3.14,Equatorial
City 2146,46.81,-82.6,4.06,9.74,703.13,17190.9,77.06,260.65,4.17,Temperate
City 2147,-0.3,-90.43,7.27,1.0,1298.18,18.13,76.85,18.47,2.08,Equatorial
City 2148,-13.49,159.14,5.95,2.54,1046.61,302.65,75.16,18.48,2.26,Equatorial
City 2149,4.25,-72.62,6.73,4.68,1175.43,1886.97,74.64,44.11,2.94,Equatorial
City 2150,47.67,99.18,3.48,4.55,605.28,1796.52,73.98,33.54,2.42,Temperate
City 2151,-16.42,-38.48,5.11,7.72,894.39,8836.56,78.62,139.15,3.65,Tropical
City 2152,-37.41,-129.87,4.51,9.92,768.53,18759.55,73.31,278.88,4.26,Subtropical
City 2153,32.56,-176.14,5.67,8.07,1013.94,9883.15,72.59,155.04,3.78,Subtropical
City 2154,47.38,15.93,3.24,5.93,583.46,3938.89,77.43,68.11,2.82,Temperate
City 2155,-46.92,171.28,3.33,12.14,572.02,35208.53,73.6,484.66,4.95,Temperate
City 2156,-28.82,-47.11,4.55,11.97,778.55,32542.85,78.47,506.72,5.17,Tropical
City 2157,-41.54,-51.41,4.45,8.52,763.62,12363.23,73.28,173.35,3.75,Subtropical
City 2158,-14.77,-56.13,6.19,6.75,1093.31,5814.25,77.02,99.01,3.49,Equatorial
City 2159,-1.45,7.4,6.82,4.65,1204.32,1940.16,70.45,41.64,2.9,Equatorial
City 2160,37.35,-21.36,3.93,9.06,700.83,13464.07,73.86,205.78,3.86,Subtropical
City 2161,24.65,136.77,5.32,6.17,944.53,4526.09,73.43,75.45,3.15,Tropical
City 2162,20.72,1.99,4.77,5.99,831.87,4225.38,78.17,71.24,3.06,Tropical
City 2163,-14.19,2.79,6.08,7.68,1070.57,9019.6,79.67,150.37,3.8,Equatorial
City 2164,49.39,-130.19,3.98,14.8,703.74,64856.3,74.61,929.25,6.37,Temperate
City 2165,1.27,173.79,6.29,1.0,1100.8,18.56,78.25,17.43,1.96,Equatorial
City 2166,67.28,-90.01,1.52,10.47,266.31,21972.55,77.0,340.45,4.1,Polar
City 2167,22.44,-153.59,6.22,3.29,1097.35,674.76,79.67,25.93,2.55,Tropical
City 2168,-43.59,58.73,3.64,12.34,639.64,35930.32,78.11,524.75,5.15,Subtropical
City 2169,27.9,34.33,5.61,5.32,990.66,2759.15,70.77,48.64,2.91,Tropical
City 2170,-17.74,-30.55,5.68,2.17,1000.67,200.22,77.13,18.13,2.15,Tropical
City 2171,29.22,-28.01,4.87,8.52,863.54,12247.71,75.35,177.96,3.84,Tropical
City 2172,-50.95,102.62,3.65,13.46,644.48,46040.52,70.16,597.94,5.46,Temperate
City 2173,-37.27,-109.54,3.95,9.39,691.93,15345.3,72.51,221.84,3.96,Subtropical
City 2174,51.25,115.29,3.48,9.64,615.16,16360.04,79.22,248.71,4.06,Temperate
City 2175,-30.47,53.55,4.68,8.07,816.04,10176.94,79.26,158.45,3.71,Subtropical
City 2176,48.82,-29.17,2.92,12.42,503.92,35670.2,77.99,528.12,5.07,Temperate
City 2177,-23.69,-15.11,5.51,4.18,936.8,1451.55,79.82,35.36,2.68,Tropical
City 2178,23.57,-87.61,5.22,6.08,916.3,4342.61,78.07,78.09,3.16,Tropical
City 2179,30.24,90.76,4.8,5.89,845.18,3946.41,70.1,67.04,2.96,Subtropical
City 2180,6.65,4.63,5.93,1.74,1065.7,101.56,72.88,15.52,2.03,Equatorial
City 2181,-20.31,-64.49,6.37,5.21,1106.63,2558.56,70.31,48.3,2.99,Tropical
City 2182,-32.36,34.58,5.17,10.0,899.87,19893.21,70.94,293.01,4.38,Subtropical
City 2183,-55.69,178.46,3.58,10.99,616.53,25525.17,72.19,372.78,4.52,Temperate
City 2184,-20.49,-23.31,5.41,7.66,924.06,8981.91,75.04,139.66,3.64,Tropical
City 2185,24.91,151.45,4.39,6.86,780.52,6150.61,78.48,105.51,3.28,Tropical
City 2186,61.98,-55.79,3.64,11.51,627.52,29584.08,78.62,431.71,4.81,Polar
City 2187,53.26,-160.3,3.24,7.32,570.79,7116.29,76.16,113.73,3.22,Temperate
City 2188,39.59,-106.47,3.85,7.19,681.76,7145.41,79.28,123.77,3.32,Subtropical
City 2189,42.5,-29.27,4.23,8.73,739.65,12992.82,75.0,196.46,3.82,Subtropical
City 2190,26.45,-100.93,5.73,7.34,1024.71,7729.32,78.89,131.19,3.63,Tropical
City 2191,-26.16,-179.92,5.16,7.42,899.59,7972.03,74.54,121.51,3.51,Tropical
City 2192,57.94,149.4,3.58,9.45,619.46,15560.9,72.77,226.87,3.93,Temperate
City 2193,27.2,123.8,5.64,5.78,1008.95,3844.44,79.16,73.7,3.15,Tropical
City 2194,12.86,87.23,5.56,13.18,993.42,45770.16,73.88,666.92,5.8,Equatorial
City 2195,-45.57,-119.59,3.47,10.82,596.13,23018.72,75.03,319.87,4.42,Temperate
City 2196,-1.88,-136.67,7.35,5.22,1250.89,2828.52,73.29,57.1,3.17,Equatorial
City 2197,-0.15,-155.66,5.63,3.43,962.67,751.25,76.63,25.2,2.47,Equatorial
City 2198,52.39,80.65,3.26,8.11,563.15,10341.65,79.95,160.55,3.53,Temperate
City 2199,11.06,154.37,5.51,4.78,990.29,2038.99,70.26,39.19,2.74,Equatorial
City 2200,-10.55,-25.01,6.02,5.79,1057.61,3863.29,79.0,72.12,3.2,Equatorial
City 2201,66.98,-137.11,2.16,6.0,375.56,3926.57,70.04,58.53,2.59,Polar
City 2202,-45.61,4.46,3.63,4.64,649.08,1894.12,73.64,35.98,2.47,Temperate
City 2203,-5.07,-54.42,6.37,2.91,1111.6,466.89,71.69,22.28,2.39,Equatorial
City 2204,-54.54,-45.06,2.63,9.97,456.06,18493.18,77.57,273.28,4.04,Temperate
City 2205,36.19,43.68,5.61,7.02,1007.01,6675.34,70.51,107.38,3.42,Subtropical
City 2206,59.35,78.74,3.78,13.63,674.58,46245.24,75.53,690.65,5.71,Temperate
City 2207,-23.6,-140.18,4.77,2.65,850.66,363.09,72.95,16.64,2.1,Tropical
City 2208,51.58,-167.19,4.18,7.28,732.04,7701.84,71.34,109.44,3.29,Temperate
City 2209,-22.01,177.96,5.26,10.0,935.63,19617.31,77.72,295.73,4.46,Tropical
City 2210,58.4,-96.22,2.98,10.17,511.36,20729.55,72.17,305.28,4.13,Temperate
City 2211,38.02,-160.62,4.31,10.01,756.93,18795.82,72.24,263.0,4.22,Subtropical
City 2212,44.64,-111.64,3.55,13.59,637.61,46828.97,72.75,644.37,5.57,Subtropical
City 2213,-57.66,-165.98,3.46,8.03,597.54,9860.68,75.87,145.83,3.47,Temperate
City 2214,65.17,-38.95,2.5,10.27,445.1,19586.76,76.6,300.95,4.13,Polar
City 2215,34.47,108.86,4.35,6.77,760.66,6159.99,70.18,90.1,3.15,Subtropical
City 2216,-20.38,-57.15,4.92,1.15,838.52,27.94,72.42,11.71,1.73,Tropical
City 2217,47.82,-20.09,3.21,8.01,569.43,10164.05,74.31,150.18,3.42,Temperate
City 2218,-23.4,63.21,4.54,8.54,779.65,11326.61,73.32,167.47,3.76,Tropical
City 2219,53.46,3.2,3.26,10.7,575.5,24047.89,78.84,365.41,4.46,Temperate
City 2220,-45.36,130.12,3.23,10.08,551.21,18769.98,77.88,286.0,4.18,Temperate
City 2221,31.48,131.77,4.66,6.21,836.98,4327.17,76.26,77.3,3.09,Subtropical
City 2222,10.29,-176.43,6.96,3.39,1204.32,756.53,73.38,28.26,2.62,Equatorial
City 2223,-47.45,100.1,4.28,11.92,736.97,31421.1,77.01,485.29,5.07,Temperate
City 2224,-28.55,-14.14,4.99,5.61,853.9,3434.18,78.44,61.22,2.99,Tropical
City 2225,-58.39,175.98,2.87,10.57,514.93,22593.14,75.95,343.97,4.31,Temperate
City 2226,0.94,-6.04,7.5,4.5,1328.39,1662.65,77.84,42.47,3.04,Equatorial
City 2227,-20.84,175.28,5.8,9.74,1029.35,18342.6,77.49,273.95,4.44,Tropical
City 2228,17.79,91.64,5.59,8.21,978.4,10450.8,75.72,172.18,3.86,Tropical
City 2229,-21.36,-90.5,4.79,2.9,837.36,473.73,73.12,18.83,2.17,Tropical
City 2230,-21.01,13.82,5.73,3.13,979.75,583.9,77.46,23.14,2.41,Tropical
City 2231,36.62,177.17,4.85,9.11,851.93,14517.1,72.07,218.75,4.01,Subtropical
City 2232,-53.74,128.71,2.92,9.21,504.0,14550.84,77.79,233.99,3.84,Temperate
City 2233,57.38,-144.95,3.13,8.6,562.55,11702.69,78.05,184.0,3.65,Temperate
City 2234,50.79,74.29,3.26,11.62,580.63,29932.68,78.22,458.88,4.82,Temperate
City 2235,26.81,-55.59,5.03,7.15,876.04,6901.61,74.73,113.39,3.42,Tropical
City 2236,17.12,-177.49,4.56,5.84,781.72,3746.4,71.92,60.14,2.92,Tropical
City 2237,56.0,-34.75,2.97,11.55,528.07,29803.12,71.0,394.82,4.6,Temperate
City 2238,-35.91,-95.49,4.97,6.65,851.17,5707.11,77.43,99.12,3.29,Subtropical
City 2239,-49.73,114.79,3.2,12.89,550.56,38789.69,78.86,579.85,5.31,Temperate
City 2240,-28.86,-58.56,5.01,4.92,861.58,2219.32,76.51,43.07,2.77,Tropical
City 2241,43.3,117.91,3.59,9.97,630.53,18664.96,71.44,256.81,4.09,Subtropical
City 2242,-55.49,-179.78,3.3,13.13,586.21,41219.34,79.35,620.89,5.45,Temperate
City 2243,15.76,-69.19,5.79,2.13,1002.19,179.32,79.89,18.81,2.19,Tropical
City 2244,69.41,-93.18,1.67,10.08,285.64,18554.22,74.33,271.63,3.9,Polar
City 2245,51.24,-95.92,4.08,11.98,712.46,34370.84,75.95,507.9,5.08,Temperate
City 2246,7.79,-155.45,6.92,7.67,1228.05,8793.16,77.77,155.39,3.91,Equatorial
City 2247,-51.73,-112.64,3.08,8.74,529.86,12150.44,77.36,194.3,3.68,Temperate
City 2248,48.08,20.0,3.88,6.97,668.72,6111.77,79.68,102.78,3.24,Temperate
City 2249,17.87,-75.11,6.02,8.18,1080.06,10626.16,71.15,165.01,3.86,Tropical
City 2250,-45.06,-29.74,4.17,11.46,748.16,28448.4,75.81,416.29,4.83,Temperate
City 2251,-47.8,-44.33,2.81,5.87,504.99,3955.35,76.92,63.34,2.73,Temperate
City 2252,58.25,135.33,3.43,6.82,610.04,6282.91,78.9,100.43,3.13,Temperate
City 2253,27.0,145.91,4.83,7.26,829.4,7354.82,78.74,124.53,3.47,Tropical
City 2254,47.81,-2.54,3.47,10.35,598.04,20396.22,79.78,318.27,4.35,Temperate
City 2255,54.27,-61.14,4.52,8.68,783.82,12790.38,75.12,196.99,3.85,Temperate
City 2256,14.33,-141.55,6.15,7.13,1064.69,7221.18,78.31,125.7,3.63,Equatorial
City 2257,7.27,163.23,6.3,2.95,1130.92,492.63,74.27,21.76,2.41,Equatorial
City 2258,-4.04,-158.32,5.61,1.0,998.72,19.36,74.22,13.68,1.81,Equatorial
City 2259,-18.8,-72.85,6.38,4.82,1130.63,2091.15,72.53,44.55,2.91,Tropical
City 2260,-3.5,-72.7,6.08,4.51,1045.29,1719.3,78.18,39.73,2.84,Equatorial
City 2261,40.6,-64.66,3.66,7.37,654.77,7796.52,79.86,130.02,3.35,Subtropical
City 2262,18.25,-120.86,5.56,2.93,990.66,498.67,72.56,20.65,2.28,Tropical
City 2263,56.03,101.94,3.79,5.06,649.86,2500.4,70.56,42.62,2.57,Temperate
City 2264,-2.36,-135.9,7.22,2.95,1290.54,503.09,78.16,26.08,2.59,Equatorial
City 2265,18.92,48.57,5.6,8.14,966.65,9880.03,76.2,159.35,3.83,Tropical
City 2266,22.07,-135.42,5.61,9.35,958.11,15047.6,79.6,250.46,4.3,Tropical
City 2267,16.92,-154.61,5.52,8.66,973.84,12387.16,72.52,193.76,3.96,Tropical
City 2268,31.34,147.39,4.88,5.09,860.77,2426.64,70.71,45.74,2.74,Subtropical
City 2269,-29.13,-111.55,5.0,4.03,854.29,1260.39,74.92,30.29,2.51,Tropical
City 2270,6.61,115.65,7.02,5.9,1216.11,3821.12,70.85,65.62,3.28,Equatorial
City 2271,-46.45,16.07,4.23,10.23,761.46,20983.0,72.62,305.75,4.33,Temperate
City 2272,-10.01,-151.97,6.55,6.0,1157.24,4240.87,71.26,76.45,3.26,Equatorial
City 2273,3.4,163.96,6.58,1.0,1166.83,18.93,72.24,15.78,1.94,Equatorial
City 2274,24.79,-91.09,5.64,4.31,970.06,1471.83,71.06,32.12,2.64,Tropical
City 2275,63.57,129.47,2.5,10.28,427.68,20976.42,79.54,311.52,4.18,Polar
City 2276,18.08,-119.23,5.19,7.03,897.21,6933.23,72.79,110.99,3.39,Tropical
City 2277,36.67,127.42,4.23,9.58,729.91,16947.16,74.44,247.55,4.11,Subtropical
City 2278,5.81,-175.24,6.64,4.94,1143.55,2181.36,78.99,47.6,3.04,Equatorial
City 2279,22.43,4.24,5.88,7.07,1011.75,6374.15,76.77,111.99,3.54,Tropical
City 2280,-50.78,97.0,3.35,9.29,589.41,14945.7,76.18,226.22,3.89,Temperate
City 2281,-26.93,156.53,4.51,8.41,781.56,10927.87,77.06,168.38,3.76,Tropical
City 2282,-12.96,147.31,6.12,6.08,1090.83,4406.89,78.29,80.43,3.29,Equatorial
City 2283,1.42,115.06,6.96,4.31,1195.49,1572.85,78.78,40.52,2.92,Equatorial
City 2284,-54.07,139.75,3.31,8.74,577.79,12344.15,76.43,186.76,3.69,Temperate
City 2285,-41.8,-108.28,4.53,8.38,771.43,10987.38,78.9,173.25,3.78,Subtropical
City 2286,-24.01,-77.69,5.83,7.61,1018.91,8150.32,75.35,131.94,3.68,Tropical
City 2287,66.3,-75.97,2.06,11.3,351.68,28583.03,72.77,411.59,4.45,Polar
City 2288,-16.92,-44.26,5.51,6.64,990.07,5575.35,78.8,100.1,3.38,Tropical
City 2289,2.67,-38.4,6.29,7.62,1119.62,8555.97,75.41,135.64,3.76,Equatorial
City 2290,-34.51,16.04,4.93,8.11,862.94,10058.19,79.06,164.55,3.76,Subtropical
City 2291,19.4,-122.44,6.37,4.32,1087.79,1550.4,70.4,36.55,2.75,Tropical
City 2292,-23.51,68.85,5.2,8.56,914.22,11774.59,73.98,170.24,3.87,Tropical
City 2293,-33.09,-119.68,4.56,3.89,810.32,1102.6,79.48,27.6,2.46,Subtropical
City 2294,7.15,-68.29,7.23,2.01,1243.33,156.92,72.5,19.4,2.29,Equatorial
City 2295,-59.28,1.2,3.1,10.77,545.12,23950.08,79.42,375.02,4.48,Temperate
City 2296,-59.0,106.72,3.09,11.19,550.08,26053.08,79.54,389.83,4.6,Temperate
City 2297,-31.52,86.21,4.2,4.04,745.92,1206.13,78.82,29.99,2.44,Subtropical
City 2298,-55.23,52.39,3.47,8.57,618.39,11775.35,75.64,180.85,3.66,Temperate
City 2299,-45.96,-123.92,3.32,7.08,593.32,6684.1,76.47,110.45,3.17,Temperate
City 2300,-15.95,16.94,5.32,4.38,953.68,1616.07,78.7,37.08,2.7,Tropical
City 2301,44.34,-148.52,3.72,10.79,648.02,24927.65,77.76,387.86,4.57,Subtropical
City 2302,14.37,-44.15,5.7,7.2,1001.68,6753.62,76.3,107.5,3.53,Equatorial
City 2303,6.65,-31.13,6.42,4.62,1142.86,1819.36,79.82,45.23,2.94,Equatorial
City 2304,-21.85,-165.67,4.75,4.82,840.66,2058.7,76.86,42.57,2.71,Tropical
City 2305,61.13,-81.36,3.2,6.74,575.94,5815.43,79.75,95.71,3.08,Polar
City 2306,-8.39,164.03,6.98,8.39,1186.99,11135.25,70.57,171.22,4.05,Equatorial
City 2307,-48.68,163.31,2.62,10.35,454.51,21561.5,71.39,283.05,4.09,Temperate
City 2308,20.22,-53.16,6.07,4.26,1049.64,1424.21,74.51,35.1,2.73,Tropical
City 2309,-45.2,-164.48,3.43,10.32,592.21,21085.2,73.85,295.11,4.24,Temperate
City 2310,-15.12,-115.53,6.37,5.34,1097.08,3004.25,77.83,62.2,3.11,Tropical
City 2311,5.96,-38.8,6.55,3.88,1159.65,1156.52,71.61,30.0,2.66,Equatorial
City 2312,53.65,161.2,3.26,10.45,556.79,22748.32,79.76,365.51,4.41,Temperate
City 2313,4.16,-129.17,6.62,2.56,1173.82,328.84,73.15,21.63,2.35,Equatorial
City 2314,31.29,94.87,5.42,6.27,958.19,4883.43,74.29,85.34,3.21,Subtropical
City 2315,69.07,-140.87,1.55,11.21,266.62,26019.16,72.75,350.04,4.26,Polar
City 2316,-42.91,173.25,4.3,7.04,741.95,6423.83,75.79,104.61,3.29,Subtropical
City 2317,-24.28,-42.62,5.85,8.1,1031.42,9577.1,70.59,135.0,3.76,Tropical
City 2318,-8.71,99.08,6.75,9.54,1198.74,16872.8,71.5,254.48,4.44,Equatorial
City 2319,-5.16,-56.67,7.5,2.63,1340.74,361.76,77.46,25.64,2.54,Equatorial
City 2320,-6.57,45.96,6.28,1.0,1120.37,18.37,71.87,15.6,1.89,Equatorial
City 2321,57.99,-110.87,3.42,4.79,614.29,2124.34,72.36,38.56,2.47,Temperate
City 2322,32.82,-127.43,4.65,6.91,817.4,6421.03,77.93,102.6,3.32,Subtropical
City 2323,19.03,157.7,6.28,4.24,1125.52,1518.67,70.93,35.74,2.72,Tropical
City 2324,-19.78,150.35,5.61,6.5,999.32,5293.17,74.37,86.97,3.3,Tropical
City 2325,47.09,139.49,3.51,9.04,628.03,14735.13,70.23,215.2,3.78,Temperate
City 2326,64.16,45.16,3.16,6.41,537.91,4917.11,73.47,79.01,2.9,Polar
City 2327,46.76,110.98,3.48,4.14,625.45,1325.33,76.99,29.24,2.34,Temperate
City 2328,-59.8,-155.15,2.11,10.72,368.32,23509.18,70.9,336.34,4.18,Temperate
City 2329,22.73,-59.48,5.15,6.61,916.66,5424.4,78.88,93.51,3.31,Tropical
City 2330,-53.35,-67.07,3.57,8.27,612.27,10185.15,79.09,169.11,3.62,Temperate
City 2331,-26.51,48.83,5.84,2.51,1015.97,307.14,71.05,17.53,2.2,Tropical
City 2332,-52.26,-51.86,3.4,10.4,586.75,21968.2,79.91,350.83,4.4,Temperate
City 2333,18.49,-126.54,6.36,9.03,1100.54,14349.33,72.98,219.55,4.22,Tropical
City 2334,29.26,34.73,4.27,7.62,731.67,8271.46,70.84,115.04,3.39,Tropical
City 2335,-45.12,113.18,3.62,6.39,644.61,4976.0,70.05,73.71,2.92,Temperate
City 2336,-10.1,-42.44,6.15,5.12,1045.84,2514.72,74.09,47.58,2.97,Equatorial
City 2337,-0.69,-132.38,6.89,1.0,1193.61,18.03,76.3,18.48,2.02,Equatorial
City 2338,-12.02,-109.19,6.2,7.85,1064.89,9241.56,73.32,137.87,3.78,Equatorial
City 2339,-44.27,-94.51,4.25,8.63,746.97,11733.58,78.37,186.67,3.82,Subtropical
City 2340,-5.54,-72.04,6.39,1.0,1102.55,18.16,77.17,16.93,1.96,Equatorial
City 2341,37.65,51.41,4.43,7.01,765.23,6731.44,73.5,101.4,3.27,Subtropical
City 2342,-50.77,36.34,3.42,10.24,598.73,19320.31,77.34,292.25,4.25,Temperate
City 2343,-49.58,70.59,3.07,8.13,541.35,10683.73,79.4,171.27,3.51,Temperate
City 2344,-13.88,-49.5,5.97,4.7,1022.41,1973.58,70.93,38.93,2.79,Equatorial
City 2345,62.42,116.64,2.56,7.18,439.43,7394.76,73.06,111.94,3.05,Polar
City 2346,26.91,-106.53,5.03,8.11,868.13,9655.41,74.63,146.08,3.71,Tropical
City 2347,28.23,-11.15,5.04,5.2,905.87,2697.43,74.98,49.77,2.84,Tropical
City 2348,-12.95,108.34,6.13,1.0,1066.67,18.7,75.42,15.65,1.9,Equatorial
City 2349,17.18,-115.14,5.58,4.79,982.29,2162.89,73.01,43.22,2.79,Tropical
City 2350,-58.68,-140.45,3.53,12.32,608.38,35020.17,76.67,541.99,5.14,Temperate
City 2351,22.69,138.13,4.83,5.3,844.23,2760.35,76.45,54.45,2.86,Tropical
City 2352,58.73,-56.55,2.53,14.22,431.74,56661.3,75.78,820.58,5.87,Temperate
City 2353,19.63,66.19,7.02,7.04,1195.08,6530.4,71.14,102.87,3.62,Tropical
City 2354,53.58,-170.87,2.73,10.2,476.96,19165.5,74.77,273.92,4.09,Temperate
City 2355,34.12,68.42,3.93,7.09,684.63,6695.27,73.56,100.62,3.22,Subtropical
City 2356,-44.33,-66.2,4.26,8.26,730.77,10889.81,74.91,166.17,3.67,Subtropical
City 2357,57.32,-159.93,1.95,9.07,344.75,13825.38,79.22,220.13,3.66,Temperate
City 2358,-51.36,39.53,3.29,8.38,591.43,11103.29,74.81,162.91,3.55,Temperate
City 2359,9.42,-93.31,7.41,6.27,1289.68,4462.13,70.14,74.15,3.44,Equatorial
City 2360,-41.52,-40.75,3.32,5.81,585.31,3766.02,74.39,61.34,2.76,Subtropical
City 2361,-58.48,-150.99,1.92,7.16,344.09,7156.56,78.21,106.4,3.0,Temperate
City 2362,-5.14,-127.02,5.89,1.71,1050.44,93.41,77.8,17.27,2.07,Equatorial
City 2363,-21.64,-72.73,5.93,11.28,1036.3,27030.75,75.13,401.44,5.0,Tropical
City 2364,3.18,-147.69,7.34,5.64,1301.89,3267.69,72.5,62.92,3.28,Equatorial
City 2365,15.04,147.9,5.69,6.26,974.79,4525.19,74.65,76.37,3.24,Tropical
City 2366,-54.31,-177.82,3.54,6.79,619.86,5725.62,75.64,95.08,3.1,Temperate
City 2367,-44.01,-5.81,4.61,9.96,797.33,18732.85,80.0,284.06,4.36,Subtropical
City 2368,12.62,-135.63,7.01,4.97,1203.0,2340.99,76.44,53.48,3.09,Equatorial
City 2369,-15.39,-69.24,5.8,6.07,1010.66,4459.48,76.94,78.93,3.23,Tropical
City 2370,34.79,153.38,3.41,5.04,584.82,2320.01,74.91,43.0,2.56,Subtropical
City 2371,24.8,-121.79,4.85,6.88,859.06,6253.86,73.54,101.79,3.3,Tropical
City 2372,49.93,167.7,3.29,7.93,574.59,9513.07,78.13,143.51,3.44,Temperate
City 2373,30.02,-105.91,4.77,5.09,836.03,2507.46,74.95,49.27,2.77,Subtropical
City 2374,-4.11,86.96,6.62,6.25,1134.82,4812.0,79.95,92.06,3.44,Equatorial
City 2375,27.49,16.8,5.64,2.9,965.9,451.03,74.57,19.09,2.3,Tropical
City 2376,-24.2,138.41,5.94,7.83,1045.01,8686.63,70.68,125.65,3.7,Tropical
City 2377,-20.18,19.44,5.5,7.73,989.47,8932.07,76.83,146.89,3.7,Tropical
City 2378,42.57,12.44,4.57,6.06,781.21,4154.7,70.47,67.22,2.97,Subtropical
City 2379,-1.97,-109.64,7.04,2.15,1217.13,178.17,72.51,19.72,2.3,Equatorial
City 2380,43.79,-120.16,3.97,7.82,708.88,8852.92,73.54,136.7,3.46,Subtropical
City 2381,46.91,149.94,4.17,9.4,711.78,15447.49,77.39,241.61,4.07,Temperate
City 2382,51.48,-61.98,3.43,8.77,613.56,12956.64,74.94,198.64,3.72,Temperate
City 2383,59.16,-46.05,3.89,11.0,681.26,24418.52,70.29,337.84,4.5,Temperate
City 2384,-3.97,93.54,6.0,8.8,1044.98,12849.78,76.17,196.02,4.11,Equatorial
City 2385,-18.55,-58.02,5.44,4.59,942.36,1828.5,74.11,40.71,2.72,Tropical
City 2386,15.69,162.74,5.84,1.28,1009.93,39.73,79.22,15.0,1.97,Tropical
City 2387,-11.75,85.65,6.4,7.24,1107.12,7568.93,75.0,121.89,3.65,Equatorial
City 2388,18.14,35.07,6.36,10.02,1138.23,18212.04,77.09,290.25,4.61,Tropical
City 2389,31.73,137.12,4.77,8.15,844.89,10791.78,72.19,158.38,3.67,Subtropical
City 2390,29.49,-162.14,4.22,4.23,746.44,1450.35,77.61,30.77,2.48,Tropical
City 2391,-11.31,-87.46,6.63,4.82,1180.0,2195.33,77.21,47.25,2.99,Equatorial
City 2392,-38.31,-12.59,4.7,5.03,810.38,2406.75,79.04,49.07,2.79,Subtropical
City 2393,-4.03,-98.29,5.75,6.01,1012.49,4105.04,70.34,71.74,3.13,Equatorial
City 2394,-41.46,87.81,4.1,4.77,715.11,2141.8,74.48,40.65,2.58,Subtropical
City 2395,55.71,150.91,2.31,8.82,409.89,13584.11,76.79,204.32,3.6,Temperate
City 2396,-15.04,-27.44,5.62,2.99,971.94,495.28,70.95,19.4,2.29,Tropical
City 2397,-39.92,-56.83,3.75,8.31,662.36,10554.6,74.11,153.89,3.58,Subtropical
City 2398,-56.69,166.16,3.44,8.75,614.47,12737.98,79.42,191.33,3.75,Temperate
City 2399,23.96,-19.85,5.38,6.84,936.48,6329.77,74.36,100.21,3.37,Tropical
City 2400,22.8,-3.94,4.76,6.34,812.61,4741.55,79.85,83.82,3.18,Tropical
City 2401,-15.72,-53.41,6.34,3.11,1110.44,578.15,70.57,21.92,2.42,Tropical
City 2402,-50.68,147.44,2.74,10.63,474.53,23354.55,77.18,334.25,4.31,Temperate
City 2403,-6.75,24.82,6.69,4.55,1182.75,1845.77,75.81,44.62,2.92,Equatorial
City 2404,-19.54,94.38,5.23,3.48,937.95,808.11,75.01,25.92,2.4,Tropical
City 2405,28.03,112.25,4.86,12.4,848.99,35896.28,79.71,582.08,5.44,Tropical
City 2406,18.75,-56.93,5.94,7.07,1037.41,7033.22,71.3,110.69,3.49,Tropical
City 2407,-12.6,-23.87,6.38,4.88,1126.1,2230.01,78.96,47.98,2.99,Equatorial
City 2408,-31.67,125.45,5.45,10.71,932.36,23871.98,76.91,371.66,4.77,Subtropical
City 2409,68.44,-49.23,2.17,15.45,374.01,68914.43,72.59,916.41,6.23,Polar
City 2410,-0.98,105.82,7.08,3.73,1269.5,1007.37,79.02,34.79,2.79,Equatorial
City 2411,29.48,158.76,4.72,7.82,833.64,8840.99,74.29,140.58,3.58,Tropical
City 2412,-41.73,44.36,4.17,5.7,709.47,3429.31,78.14,62.91,2.89,Subtropical
City 2413,3.13,86.99,7.0,3.94,1204.47,1192.61,73.89,35.25,2.78,Equatorial
City 2414,-56.42,109.84,3.0,9.14,530.74,14561.01,78.51,230.76,3.84,Temperate
City 2415,5.71,124.21,5.7,5.03,1012.3,2469.05,76.37,51.54,2.91,Equatorial
City 2416,65.32,-37.78,2.59,11.36,462.62,27207.69,71.41,366.01,4.46,Polar
City 2417,-10.05,-161.55,6.48,6.4,1120.28,5044.03,76.5,93.6,3.43,Equatorial
City 2418,-54.93,-35.32,2.81,10.09,504.72,19386.06,71.91,262.61,4.03,Temperate
City 2419,-55.98,62.55,2.44,6.57,428.2,5445.05,74.12,86.24,2.86,Temperate
City 2420,-9.56,-17.87,7.07,2.61,1250.9,330.38,71.7,21.12,2.41,Equatorial
City 2421,-39.2,89.63,4.5,6.55,792.2,5469.45,70.22,80.29,3.1,Subtropical
City 2422,-56.96,-51.49,2.9,8.99,496.21,14253.35,72.12,209.06,3.69,Temperate
City 2423,38.31,48.51,3.75,10.46,673.61,21181.04,75.36,296.55,4.34,Subtropical
City 2424,-0.39,-112.89,6.56,1.13,1123.54,26.97,74.82,16.93,1.99,Equatorial
City 2425,-22.4,89.77,6.08,5.35,1049.69,2952.67,75.01,55.62,3.04,Tropical
City 2426,57.01,16.45,3.08,12.08,548.32,34213.19,72.48,498.07,4.91,Temperate
City 2427,-44.9,-106.54,3.58,7.74,631.02,9001.03,76.85,143.48,3.42,Subtropical
City 2428,64.27,-74.91,2.76,11.58,491.62,30055.59,77.04,454.98,4.72,Polar
City 2429,-19.18,89.5,5.25,5.57,919.56,3245.58,73.58,57.4,2.96,Tropical
City 2430,55.49,-6.26,3.87,10.19,671.79,19888.26,78.81,293.59,4.32,Temperate
City 2431,18.38,-102.23,6.39,5.27,1145.14,2704.62,76.44,57.86,3.08,Tropical
City 2432,47.47,168.22,3.44,10.41,586.67,20688.81,77.13,300.99,4.31,Temperate
City 2433,67.92,77.45,1.93,6.93,344.83,6450.31,72.77,92.69,2.87,Polar
City 2434,-22.51,164.57,4.12,5.34,709.12,2773.11,70.01,46.81,2.69,Tropical
City 2435,64.95,-26.24,1.71,11.24,305.73,28195.35,78.65,425.13,4.46,Polar
City 2436,-9.37,-8.96,5.67,6.27,972.57,4846.65,78.22,83.75,3.28,Equatorial
City 2437,-9.88,143.26,6.38,8.72,1120.87,13075.4,71.23,184.86,4.07,Equatorial
City 2438,-15.75,9.02,5.73,4.6,1025.78,1925.29,73.74,39.71,2.76,Tropical
City 2439,10.38,74.62,5.6,8.74,978.61,12549.97,76.61,204.45,4.05,Equatorial
City 2440,-39.96,-89.22,4.06,6.35,720.89,5039.01,76.52,79.61,3.05,Subtropical
City 2441,11.98,-19.18,6.41,8.52,1141.97,11327.44,78.6,195.58,4.12,Equatorial
City 2442,10.42,-135.56,6.53,7.09,1158.97,6419.3,71.4,99.55,3.56,Equatorial
City 2443,39.05,-105.85,3.32,5.62,594.56,3475.72,74.3,55.1,2.7,Subtropical
City 2444,48.37,-179.66,3.55,9.61,619.3,16082.94,70.97,227.05,3.95,Temperate
City 2445,-2.74,-165.86,6.12,4.15,1050.37,1423.88,73.9,33.2,2.7,Equatorial
City 2446,-20.7,171.82,6.0,7.63,1023.23,8607.26,70.15,129.75,3.66,Tropical
City 2447,-26.29,-92.75,5.55,6.07,957.53,4363.7,78.98,82.8,3.22,Tropical
City 2448,-34.7,58.79,4.12,6.7,706.65,5566.01,75.27,85.44,3.14,Subtropical
City 2449,-52.51,122.08,2.94,12.67,516.48,39382.3,78.5,613.86,5.27,Temperate
City 2450,-15.48,18.24,5.69,5.3,977.07,2694.75,70.6,48.71,2.91,Tropical
City 2451,-24.87,-124.87,4.13,8.55,704.19,12310.04,72.27,172.31,3.7,Tropical
City 2452,65.63,82.12,2.57,10.0,438.44,18339.51,72.59,250.17,3.96,Polar
City 2453,12.5,36.09,5.99,9.42,1067.83,16195.84,73.87,252.97,4.32,Equatorial
City 2454,-14.85,83.25,6.45,3.79,1133.82,1004.01,78.03,30.4,2.69,Equatorial
City 2455,15.46,97.11,5.37,4.01,931.88,1170.12,73.87,30.64,2.55,Tropical
City 2456,-41.9,171.15,3.76,12.0,672.31,32782.26,72.05,460.09,4.93,Subtropical
City 2457,-2.27,26.48,6.09,3.12,1039.15,554.33,70.65,20.35,2.38,Equatorial
City 2458,21.41,-57.01,5.0,10.14,898.86,20310.06,70.79,284.22,4.37,Tropical
City 2459,3.56,53.45,6.16,6.59,1085.17,5276.05,77.6,96.92,3.44,Equatorial
City 2460,-7.77,-155.36,6.95,4.39,1194.97,1581.1,74.45,40.2,2.89,Equatorial
City 2461,69.2,143.06,1.81,6.39,319.43,4985.11,77.26,77.78,2.74,Polar
City 2462,54.44,-137.02,3.25,9.4,577.53,15403.21,76.82,242.1,3.93,Temperate
City 2463,21.04,-61.98,5.34,6.36,930.14,4821.4,71.35,74.86,3.17,Tropical
City 2464,14.02,113.67,5.38,8.32,961.66,11306.03,71.43,173.68,3.82,Equatorial
City 2465,20.69,35.03,5.47,10.04,937.77,18577.96,77.55,298.05,4.5,Tropical
City 2466,-33.83,-38.29,4.93,5.67,852.1,3311.92,77.21,62.43,2.99,Subtropical
City 2467,-8.63,-9.56,5.79,6.87,990.03,6039.18,73.78,101.83,3.43,Equatorial
City 2468,-54.87,127.64,3.56,11.4,613.33,27929.16,70.77,385.58,4.63,Temperate
City 2469,1.82,-57.6,6.45,6.87,1111.5,6176.47,70.12,98.89,3.48,Equatorial
City 2470,10.59,133.07,6.02,6.31,1078.1,4700.6,72.88,80.53,3.28,Equatorial
City 2471,-30.39,-148.27,5.14,2.18,877.45,203.69,70.09,14.18,2.0,Subtropical
City 2472,65.32,99.65,2.1,10.14,365.21,18869.93,72.3,266.15,3.95,Polar
City 2473,58.23,125.12,2.94,6.93,515.93,6287.92,74.2,93.47,3.03,Temperate
City 2474,33.88,-114.55,4.47,6.88,800.28,6114.46,71.21,92.97,3.21,Subtropical
City 2475,9.34,-25.08,6.41,7.38,1153.81,7768.37,71.04,117.65,3.64,Equatorial
City 2476,53.1,-120.42,2.09,10.07,371.56,20369.09,78.96,298.82,4.04,Temperate
City 2477,-43.02,74.38,3.07,11.17,552.44,26521.06,75.85,382.88,4.55,Subtropical
City 2478,42.77,12.73,4.31,9.13,767.4,15206.05,79.34,249.73,4.06,Subtropical
City 2479,-43.77,48.72,4.45,5.13,800.16,2513.94,73.46,45.68,2.72,Subtropical
City 2480,43.25,-109.26,3.52,2.02,622.84,149.45,76.77,11.56,1.79,Subtropical
City 2481,-24.15,-103.77,5.19,6.79,886.01,5731.07,72.05,87.48,3.29,Tropical
City 2482,54.02,-165.06,3.37,8.87,585.72,13101.34,76.18,196.54,3.75,Temperate
City 2483,62.73,-64.06,2.96,7.83,521.6,8945.21,71.3,123.04,3.27,Polar
City 2484,-40.66,21.51,3.14,3.81,544.85,1009.49,70.02,19.89,2.13,Subtropical
City 2485,0.15,128.86,6.55,2.18,1130.82,194.89,79.32,20.23,2.3,Equatorial
City 2486,67.53,60.09,2.11,10.27,370.31,20210.18,75.55,298.76,4.06,Polar
City 2487,2.84,-23.26,7.15,5.95,1282.7,3841.31,79.27,74.85,3.41,Equatorial
City 2488,52.26,163.12,4.59,9.7,782.06,16956.54,73.34,246.51,4.17,Temperate
City 2489,16.54,78.93,5.73,9.67,1017.92,17899.65,73.28,273.46,4.37,Tropical
City 2490,-11.21,154.86,5.51,2.53,976.88,301.89,74.01,17.36,2.19,Equatorial
City 2491,-22.85,9.93,5.6,8.49,1006.3,11878.44,77.06,179.1,3.95,Tropical
City 2492,-33.58,-86.79,5.31,7.48,952.09,8033.67,75.66,131.24,3.58,Subtropical
City 2493,39.03,-160.98,4.32,9.64,767.62,16890.78,79.25,253.41,4.19,Subtropical
City 2494,-9.75,81.39,5.86,3.88,1027.43,1082.4,70.25,29.59,2.55,Equatorial
City 2495,6.47,-136.33,7.03,7.33,1208.84,7366.92,77.08,127.05,3.79,Equatorial
City 2496,4.0,-71.0,7.05,5.14,1237.22,2602.56,73.3,53.31,3.1,Equatorial
City 2497,15.05,11.69,5.43,3.81,965.32,1031.07,71.8,27.03,2.49,Tropical
City 2498,52.53,23.19,3.51,9.22,628.85,14456.34,75.1,216.92,3.87,Temperate
City 2499,67.5,36.21,2.77,10.15,493.47,19069.84,75.05,266.94,4.07,Polar
City 2500,-7.01,-120.15,7.1,5.92,1220.86,4108.65,71.37,75.54,3.32,Equatorial
City 2501,47.58,-43.29,3.64,5.81,639.99,3699.68,72.02,60.17,2.78,Temperate
City 2502,39.39,42.19,4.06,7.87,704.34,9367.34,74.08,137.05,3.49,Subtropical
City 2503,14.56,169.13,6.59,6.44,1121.68,5079.38,74.09,87.87,3.42,Equatorial
City 2504,64.29,81.95,1.89,10.51,325.93,22930.49,73.18,310.86,4.08,Polar
City 2505,-33.94,152.14,4.84,10.76,828.9,23794.37,71.49,317.45,4.56,Subtropical
City 2506,-45.8,94.4,3.11,10.51,554.78,22042.21,70.04,304.86,4.22,Temperate
City 2507,51.02,33.02,3.96,9.08,683.72,14873.15,79.7,239.27,3.98,Temperate
City 2508,-2.91,-110.87,6.67,4.83,1152.41,2194.18,79.43,50.95,3.03,Equatorial
City 2509,50.11,60.01,4.13,9.75,741.18,16889.0,74.84,242.33,4.13,Temperate
City 2510,56.1,44.42,3.32,10.62,576.74,21975.76,79.95,346.32,4.43,Temperate
City 2511,-51.88,36.89,2.76,4.62,468.91,1935.14,76.74,33.41,2.37,Temperate
City 2512,54.85,-3.68,3.87,8.73,669.37,13093.86,70.69,186.98,3.72,Temperate
City 2513,-1.72,10.32,7.5,1.0,1283.95,19.09,71.18,17.72,2.06,Equatorial
City 2514,6.36,-59.6,7.0,7.83,1196.55,9177.86,79.16,158.59,3.98,Equatorial
City 2515,21.46,6.95,5.12,5.99,873.89,4147.65,76.3,75.83,3.1,Tropical
City 2516,60.43,-108.88,2.62,9.56,460.4,16492.38,78.43,261.95,3.93,Polar
City 2517,-57.51,109.86,3.05,11.99,523.7,33400.3,78.98,534.85,5.0,Temperate
City 2518,1.99,-113.12,6.51,5.25,1130.02,2643.25,74.48,56.07,3.07,Equatorial
City 2519,29.4,-149.41,5.79,4.12,1033.84,1392.06,70.49,33.42,2.61,Tropical
City 2520,33.95,-22.95,4.7,7.22,818.17,7332.95,71.88,116.67,3.36,Subtropical
City 2521,30.03,56.99,3.55,6.17,635.34,4513.46,70.67,71.8,2.86,Subtropical
City 2522,-42.52,-22.42,4.19,3.89,733.7,1097.64,71.89,25.61,2.33,Subtropical
City 2523,-21.08,-80.37,5.35,4.38,930.91,1541.83,74.11,33.26,2.65,Tropical
City 2524,-13.37,20.94,6.03,4.88,1069.79,2184.11,71.18,41.92,2.85,Equatorial
City 2525,44.58,-55.08,3.7,8.17,630.91,10538.85,71.67,157.5,3.52,Subtropical
City 2526,-23.76,155.83,5.74,2.67,980.98,366.96,74.46,19.05,2.26,Tropical
City 2527,-32.61,152.15,5.28,10.14,931.54,19564.51,73.4,295.31,4.45,Subtropical
City 2528,64.47,0.85,2.63,10.19,459.69,20352.83,74.68,289.48,4.09,Polar
City 2529,-58.85,-61.96,2.71,9.98,482.3,19502.11,74.29,279.05,4.03,Temperate
City 2530,69.72,85.37,2.1,11.97,376.09,30986.89,76.44,465.13,4.74,Polar
City 2531,27.99,-166.78,5.05,4.83,878.24,2127.76,79.37,47.31,2.79,Tropical
City 2532,47.7,-9.08,3.26,9.91,573.59,19000.57,71.08,252.88,4.02,Temperate
City 2533,-21.7,-58.92,5.77,5.25,1009.88,2766.29,70.99,52.87,2.92,Tropical
City 2534,-58.14,151.39,3.16,7.57,568.27,8381.68,78.53,137.65,3.33,Temperate
City 2535,35.92,-175.68,5.26,9.03,937.13,13995.55,75.06,208.84,4.06,Subtropical
