Operating_Temperature_C,Current_Density_mA_cm2,Cell_Voltage_V,Cathode_Pressure_bar,Anode_Pressure_bar,Anode_Catalyst_Type,Anode_Catalyst_Loading_mg_cm2,Cathode_Catalyst_Type,Cathode_Catalyst_Loading_mg_cm2,Membrane_Type,Membrane_Thickness_um,Membrane_Water_Content_lambda,Water_Flow_Rate_mL_min,Water_Flow_Rate_L_min,Power_Density_W_cm2,H2_Production_Rate_mL_min,H2_Production_Rate_NL_h,Energy_Efficiency_percent,Temp_x_CurrentDensity,CurrentDensity_per_MembraneThickness,Pressure_Differential,Anode_Catalyst_Activity,Membrane_Resistance_Index,Power_per_Temperature,Cathode_Catalyst_Efficiency,Voltage_per_Temperature,Current_Efficiency,Total_Catalyst_Loading
55.45,3796.49,2.24,8.2,2.45,Ir_black,2.87,Pt/C,0.11,Nafion_117,174.28,16.58,66492.9,66.49,8.49,661.05,39.66,66.17,210515.3705,21.783853568969473,5.749999999999999,4.996871565805634,10.51145958986731,0.15311091073038774,0.9019999999999999,0.040396753832281335,0.17412135946624382,2.98
74.79,3028.51,1.96,21.3,2.22,IrRuOx,1.15,Pt/C,0.1,Nafion_115,131.1,18.06,35213.82,35.21,5.95,527.33,31.64,75.32,226502.26290000003,23.100762776506485,19.080000000000002,2.429442828491492,7.259136212624585,0.0795560903864153,2.1300000000000003,0.02620671212728974,0.17412192794476491,1.25
67.56,2154.79,1.86,20.26,2.54,IrO2,2.11,Pt/C,0.13,Nafion_212,49.81,22.37,44763.99,44.76,4.0,375.19,22.51,79.7,145577.6124,43.260188717125075,17.720000000000002,4.14659679113289,2.226642825212338,0.05920663114268798,2.6338000000000004,0.027531083481349913,0.1741190556852408,2.2399999999999998
63.49,4483.86,2.41,18.74,3.56,IrO2,1.57,Pt/C,0.29,Nafion_212,50.22,18.14,57708.87,57.71,10.8,780.73,46.84,61.45,284680.27139999997,89.28434886499402,15.179999999999998,2.9623285144266394,2.7684674751929434,0.17010552842967397,5.434599999999999,0.03795873365884391,0.1741200661929677,1.86
44.65,3725.99,2.25,4.83,2.18,IrO2,1.82,Pt/C,0.17,Nafion_117,180.37,23.28,66615.8,66.62,8.38,648.77,38.93,65.77,166365.45349999997,20.657481842878525,2.65,2.844355491351904,7.7478522336769755,0.1876819708846585,0.8211,0.0503919372900336,0.174120166720791,1.99
44.65,1610.83,1.79,12.09,1.83,IrO2,1.29,Pt/C,0.1,Nafion_117,179.25,19.11,23787.78,23.79,2.88,280.48,16.83,82.69,71923.55949999999,8.98649930264993,10.26,2.0160541669472285,9.379905808477238,0.064501679731243,1.209,0.04008958566629339,0.1741214156676993,1.3900000000000001
36.99,5259.75,2.5,11.34,3.14,IrO2,1.95,Pt/C,0.19,Nafion_212,53.58,16.71,89900.39,89.9,13.15,915.83,54.95,59.2,194558.1525,98.16629339305712,8.2,2.8228002044585656,3.2064631956912026,0.3555014868883482,2.1546,0.06758583400919167,0.174120442986834,2.14
71.42,4543.63,2.41,13.09,3.55,IrO2,1.53,Pt/C,0.06,Nafion_117,179.58,21.81,49834.14,49.83,10.93,791.14,47.47,61.5,324506.05460000003,25.30142554850206,9.54,3.1251045399234716,8.233837689133425,0.15303836460375245,0.7854,0.03374404928591431,0.17412069204578717,1.59
63.57,5693.55,2.5,6.97,1.63,IrRuOx,0.9,Pt/C,0.04,Nafion_117,174.4,18.95,48803.7,48.8,14.23,991.36,59.48,59.2,361938.9735,32.64650229357798,5.34,1.6995091674474694,9.203166226912929,0.22384772691521157,0.2788,0.03932672644329086,0.17411983735981945,0.9400000000000001
66.86,3946.23,2.17,24.76,1.98,IrO2,1.85,Pt/C,0.07,Nafion_117,178.03,20.43,90093.44,90.09,8.55,687.12,41.23,68.27,263844.9378,22.166095601864853,22.78,3.610281109895467,8.7141458639256,0.12787915046365542,1.7332000000000003,0.03245587795393359,0.17412061638576565,1.9200000000000002
32.14,3374.55,2.18,16.07,1.75,IrRuOx,1.63,Pt/C,0.09,Nafion_115,127.89,23.15,44840.71,44.84,7.34,587.58,35.25,68.03,108458.03700000001,26.386347642505278,14.32,2.247863062276659,5.524406047516199,0.2283758556316117,1.4463,0.06782825140012445,0.17412099391029914,1.72
75.93,2552.56,1.93,12.14,2.2,Ir_black,1.4,Pt/C,0.12,Nafion_212,53.69,14.97,52855.18,52.86,4.93,444.45,26.67,76.62,193815.8808,47.54255913577948,9.940000000000001,2.9914919312570993,3.586506346025384,0.06492822336362439,1.4568,0.025418148294481756,0.17411931551070298,1.52
70.4,5487.64,2.5,13.7,2.43,IrO2,2.19,Pt/C,0.14,Nafion_212,51.81,15.73,151167.1,151.17,13.72,955.51,57.33,59.2,386329.856,105.91854854275236,11.27,4.427794231113562,3.2937062937062938,0.19488636363636364,1.9180000000000001,0.03551136363636363,0.17412038690584658,2.33
47.92,4866.03,2.42,14.47,3.26,IrRuOx,0.76,Pt/C,0.22,Nafion_115,122.75,20.49,61154.44,61.15,11.76,847.27,50.84,61.22,233180.1576,39.64179226069246,11.21,1.2272343653545734,5.990727183992192,0.24540901502504173,3.1834000000000002,0.0505008347245409,0.17411935397027967,0.98
46.21,943.96,1.53,16.82,2.95,IrO2,1.56,Pt/C,0.12,Nafion_115,139.43,17.66,12493.93,12.49,1.44,164.36,9.86,96.93,43620.3916,6.770135551889837,13.870000000000001,2.476350295680159,7.89524348810872,0.031162086128543605,2.0183999999999997,0.03310971651157758,0.17411754735370144,1.6800000000000002
46.31,768.09,1.59,15.49,2.87,Ir_black,1.23,Pt/C,0.11,Nafion_117,181.32,16.77,13851.5,13.85,1.22,133.74,8.02,92.91,35570.2479,4.236101919258769,12.620000000000001,1.9544604474445462,10.81216457960644,0.02634420211617361,1.7039,0.03433383718419348,0.17412022028668517,1.34
52.44,2395.63,1.91,24.08,2.21,IrO2,1.37,Pt/C,0.04,Nafion_115,133.38,14.74,59407.52,59.41,4.57,417.13,25.03,77.63,125626.8372,17.960938671464987,21.869999999999997,2.3145394818897786,9.048846675712348,0.08714721586575135,0.9632,0.036422578184591915,0.174121212374198,1.4100000000000001
61.04,4462.05,2.41,15.21,3.62,IrRuOx,0.96,Pt/C,0.04,Nafion_117,179.24,14.3,102678.65,102.68,10.75,776.93,46.62,61.43,272363.532,24.894275831287658,11.59,1.767521009851483,12.534265734265734,0.17611402359108783,0.6084,0.03948230668414155,0.1741195190551428,1.0
57.7,6342.27,2.5,28.15,2.48,IrRuOx,0.45,Pt/C,0.12,Nafion_115,129.67,20.85,100850.01,100.85,15.86,1104.32,66.26,59.2,365948.97900000005,48.91085062080667,25.669999999999998,0.8013097550698258,6.219184652278177,0.2748700173310225,3.3779999999999997,0.04332755632582322,0.1741206224269859,0.5700000000000001
51.85,1556.87,1.72,21.96,4.5,IrO2,1.62,Pt/C,0.1,Nafion_117,184.2,16.22,31490.67,31.49,2.67,271.08,16.26,86.16,80723.7095,8.452062975027145,17.46,2.720800529286646,11.356350184956844,0.05149469623915139,2.196,0.03317261330761813,0.17411858408216485,1.7200000000000002
63.91,3285.22,2.15,10.2,2.9,IrO2,2.48,Pt/C,0.19,Nafion_117,186.09,19.0,37649.84,37.65,7.06,572.02,34.32,68.88,209958.41019999998,17.65393089365361,7.299999999999999,4.699041539607746,9.794210526315789,0.11046784540760445,1.938,0.03364105773744328,0.17411923706783716,2.67
43.58,2412.0,1.9,24.51,1.71,IrRuOx,0.54,Pt/C,0.06,Nafion_117,185.29,19.83,61288.13,61.29,4.57,419.98,25.2,78.08,105114.95999999999,13.01743213341249,22.8,0.8349477429160124,9.343923348461926,0.10486461679669574,1.4706000000000001,0.04359798072510326,0.17412106135986732,0.6000000000000001
51.89,5988.61,2.5,7.87,3.03,IrRuOx,1.29,Pt/C,0.04,Nafion_117,184.36,18.74,148207.38,148.21,14.97,1042.74,62.56,59.2,310748.9729,32.483239314384896,4.84,2.1674301831339147,9.837780149413021,0.28849489304297554,0.3148,0.048178839853536326,0.1741205388228654,1.33
55.11,4683.11,2.41,21.09,2.15,IrO2,1.51,Pt/C,0.11,Nafion_117,178.42,14.44,55724.23,55.72,11.28,815.43,48.93,61.44,258086.1921,26.247674027575385,18.94,2.6200925742364833,12.355955678670359,0.20468154599891125,2.3199,0.043730720377426965,0.17412147056122962,1.62
58.6,4655.47,2.4,13.43,3.06,IrRuOx,1.14,Pt/C,0.07,Nafion_117,177.14,20.91,63437.39,63.44,11.18,810.61,48.64,61.66,272810.542,26.281302924240716,10.37,2.0483370368391105,8.471544715447154,0.19078498293515359,0.9401,0.040955631399317405,0.17411990626080717,1.21
69.08,2749.77,1.96,22.71,1.53,IrO2,1.31,Pt/C,0.04,Nafion_212,51.0,13.9,29781.94,29.78,5.38,478.79,28.73,75.59,189954.1116,53.91705882352941,21.18,2.613857598415744,3.6690647482014387,0.07788071800810654,0.9084000000000001,0.028372900984365953,0.17412001731053872,1.35
47.23,2539.49,1.96,22.42,1.84,IrRuOx,0.62,Pt/C,0.16,Nafion_115,131.67,20.76,33806.26,33.81,4.97,442.18,26.53,75.59,119940.11269999998,19.286777549935444,20.580000000000002,0.9942806173575293,6.342485549132947,0.10522972686851577,3.5872,0.041499047215752705,0.17412157559194957,0.78
60.68,2029.67,1.79,20.81,3.68,IrO2,1.13,Pt/C,0.05,Nafion_115,125.89,21.83,41876.28,41.88,3.64,353.41,21.2,82.58,123160.3756,16.122567320676783,17.13,2.0730431173363706,5.766834631241411,0.05998681608437706,1.0405,0.02949901120632828,0.17412190158991364,1.18
63.29,1030.68,1.65,20.44,1.95,Ir_black,1.42,Pt/C,0.14,Nafion_212,53.2,18.77,14916.16,14.92,1.7,179.46,10.77,89.88,65231.7372,19.373684210526317,18.490000000000002,2.6739502451668566,2.8343100692594567,0.026860483488702798,2.8616000000000006,0.02607046926844683,0.17411805798113866,1.56
35.72,4855.37,2.45,12.12,3.6,IrO2,1.18,Pt/C,0.08,Nafion_212,54.36,19.42,51459.96,51.46,11.88,845.42,50.73,60.5,173433.81639999998,89.31880058866814,8.52,1.6865996126203555,2.799176107106076,0.33258678611422177,0.9695999999999999,0.06858902575587907,0.17412061284721864,1.26
63.78,4477.83,2.37,6.73,2.06,IrO2,1.88,Pt/C,0.06,Nafion_115,122.42,19.06,63072.13,63.07,10.6,779.68,46.78,62.53,285595.9974,36.57760169906878,4.67,3.5575488300820215,6.422875131164743,0.16619629978049544,0.4038,0.03715898400752587,0.1741200536867188,1.94
45.54,6902.02,2.5,13.79,2.93,IrO2,2.33,Pt/C,0.09,Nafion_212,47.49,18.47,177005.77,177.01,17.26,1201.78,72.11,59.2,314317.9908,145.33628132238366,10.86,3.6739532699000828,2.5711965349214947,0.37900746596398777,1.2410999999999999,0.05489679402722881,0.17412004022010946,2.42
37.69,6661.85,2.5,9.39,3.08,IrO2,2.17,Pt/C,0.18,Nafion_117,179.3,21.77,116952.07,116.95,16.65,1159.96,69.6,59.2,251085.1265,37.1547685443391,6.3100000000000005,3.163336001918161,8.23610473128158,0.4417617405147254,1.6902000000000001,0.06633059166887768,0.17411980155662465,2.35
74.7,3112.16,2.06,18.48,2.58,IrRuOx,1.18,Pt/C,0.1,Nafion_117,181.54,21.84,46339.43,46.34,6.41,541.89,32.51,71.81,232478.35199999998,17.143108956703756,15.9,2.4905770695813914,8.312271062271062,0.085809906291834,1.848,0.02757697456492637,0.1741202251812246,1.28
75.65,4197.42,2.35,12.85,2.11,IrO2,1.03,Pt/C,0.17,Nafion_115,124.38,18.09,50120.85,50.12,9.87,730.86,43.85,62.94,317534.82300000003,33.74674384949349,10.74,2.194729495462541,6.875621890547263,0.13046926635822867,2.1845,0.031064111037673495,0.17412124590820074,1.2
69.73,5629.61,2.5,26.74,1.92,IrRuOx,0.76,Pt/C,0.05,Nafion_115,133.76,19.88,146194.6,146.19,14.07,980.23,58.81,59.2,392552.7053,42.08739533492823,24.82,1.5263254106023223,6.7283702213279675,0.2017782876810555,1.337,0.035852574214828625,0.17412040976195511,0.81
52.46,4739.03,2.46,17.5,1.36,IrO2,1.38,Pt/C,0.18,Nafion_115,129.12,22.21,98242.12,98.24,11.66,825.16,49.51,60.14,248609.5138,36.70252478314745,16.14,2.331900264080616,5.813597478613238,0.22226458253907738,3.15,0.04689287075867327,0.1741200203417155,1.5599999999999998
40.55,1939.98,1.86,21.21,2.11,IrO2,1.29,Pt/C,0.07,Nafion_117,180.2,22.71,26043.6,26.04,3.61,337.79,20.27,79.56,78666.189,10.76570477247503,19.1,1.9350675169885927,7.9348304711580795,0.08902589395807645,1.4847000000000001,0.04586929716399507,0.1741203517562037,1.36
66.15,2677.79,1.96,8.34,2.96,IrO2,1.65,Pt/C,0.15,Nafion_117,172.82,19.26,27322.58,27.32,5.26,466.26,27.98,75.36,177135.8085,15.494676542066891,5.38,3.1971995560456707,8.973001038421598,0.07951625094482237,1.251,0.029629629629629627,0.1741211969571923,1.7999999999999998
58.01,1457.34,1.74,22.25,4.14,IrO2,1.68,Pt/C,0.13,Nafion_115,120.42,18.9,14397.59,14.4,2.54,253.75,15.23,85.04,84540.2934,12.10214250124564,18.11,3.000844633119712,6.371428571428572,0.04378555421479056,2.8925,0.029994828477848647,0.17411859964044082,1.81
42.38,5750.09,2.5,24.2,3.76,IrO2,1.44,Pt/C,0.23,Nafion_117,181.41,17.63,64401.39,64.4,14.38,1001.21,60.07,59.2,243688.81420000002,31.69665398820352,20.439999999999998,2.1999686573152726,10.289846851956892,0.33931099575271356,5.566,0.05899008966493629,0.17412075289256343,1.67
60.01,3340.76,2.19,15.06,3.32,IrO2,1.44,Pt/C,0.09,Nafion_115,116.34,22.65,56419.14,56.42,7.31,581.69,34.9,67.62,200479.0076,28.715489083720133,11.74,2.6241134707892817,5.136423841059603,0.12181303116147309,1.3554,0.0364939176803866,0.17411906272824149,1.53
34.23,1872.9,1.92,16.91,3.41,IrO2,2.2,Pt/C,0.05,Nafion_115,132.06,16.32,43844.33,43.84,3.6,326.11,19.57,77.02,64109.367,14.182189913675602,13.5,3.0980019157095926,8.091911764705882,0.105170902716915,0.8455,0.056091148115687994,0.17412034812323135,2.25
72.94,3659.02,2.16,19.89,2.99,IrO2,2.11,Pt/C,0.04,Nafion_212,49.53,19.68,57911.1,57.91,7.91,637.11,38.23,68.5,266888.9188,73.87482333939026,16.9,4.375793818101099,2.516768292682927,0.10844529750479846,0.7956000000000001,0.02961338086098163,0.17412039289208586,2.15
50.31,3396.72,2.12,9.43,2.02,IrRuOx,0.78,Pt/C,0.19,Nafion_212,59.73,17.66,71984.78,71.98,7.2,591.44,35.49,69.86,170888.9832,56.867905575087896,7.41,1.2899953848112722,3.3822197055492635,0.14311270125223613,1.7917,0.04213873981315842,0.1741209166490026,0.97
65.49,2328.55,1.95,15.29,3.94,IrRuOx,1.57,Pt/C,0.12,Nafion_212,56.92,17.64,35457.95,35.46,4.55,405.45,24.33,75.79,152496.7395,40.909170765987355,11.35,3.0221715200175265,3.2267573696145124,0.06947625591693389,1.8347999999999998,0.029775538250114524,0.1741212342444869,1.69
52.78,1378.96,1.75,13.72,3.01,IrO2,2.58,Pt/C,0.18,Nafion_115,126.09,18.58,25831.88,25.83,2.42,240.1,14.41,84.41,72781.50880000001,10.936315330319612,10.71,4.373612816131381,6.78632938643703,0.045850701023114816,2.4696000000000002,0.03315649867374005,0.17411672564831465,2.7600000000000002
60.88,3658.37,2.16,8.71,2.7,IrO2,1.4,Pt/C,0.07,Nafion_212,49.68,23.77,69912.21,69.91,7.92,637.0,38.22,68.38,222721.5656,73.63868760064412,6.010000000000001,2.5735138879573496,2.0900294488851494,0.13009198423127463,0.6097000000000001,0.035479632063074903,0.17412126165478067,1.47
61.78,2961.49,2.01,13.22,1.67,Ir_black,1.94,Pt/C,0.09,Nafion_115,131.98,15.06,35685.67,35.69,5.95,515.66,30.94,73.69,182960.8522,22.438930140930445,11.55,3.598395217198176,8.763612217795483,0.09630948527031402,1.1898,0.03253480090644221,0.17412181030494786,2.03
46.39,4217.7,2.32,6.26,2.42,IrRuOx,0.97,Pt/C,0.04,Nafion_117,188.52,19.67,60260.58,60.26,9.78,734.39,44.06,63.8,195659.103,22.37269255251432,3.84,1.5425560180119993,9.584138281647178,0.2108212976934684,0.2504,0.05001077818495365,0.17412096640349006,1.01
75.91,2960.89,1.95,4.24,2.46,IrRuOx,1.64,Pt/C,0.25,Nafion_117,171.81,15.52,52299.11,52.3,5.77,515.55,30.93,75.98,224761.15989999997,17.23351376520575,1.7800000000000002,3.5036183257304176,11.070231958762887,0.0760110657357397,1.06,0.025688315109998684,0.17411994366558703,1.89
68.8,4758.16,2.39,8.41,3.73,IrO2,2.32,Pt/C,0.15,Nafion_117,171.07,16.45,48617.71,48.62,11.37,828.49,49.71,61.93,327361.408,27.814111182556847,4.68,4.616178441725633,10.399392097264437,0.16526162790697674,1.2615,0.03473837209302326,0.17411982783260757,2.4699999999999998
74.23,3096.77,2.0,25.99,2.67,IrRuOx,0.53,Pt/C,0.23,Nafion_115,123.89,18.82,44256.04,44.26,6.19,539.21,32.35,74.08,229873.2371,24.99612559528614,23.32,1.1134037085152888,6.582890541976621,0.08338946517580494,5.9777,0.026943284386366697,0.1741201316210116,0.76
72.39,3136.31,2.02,16.0,2.27,IrRuOx,0.85,Pt/C,0.08,Nafion_115,129.91,19.27,51108.15,51.11,6.34,546.1,32.77,73.25,227037.4809,24.142175352166884,13.73,1.7530919727917977,6.741567202906071,0.08758115761845559,1.28,0.027904406686006356,0.1741218183151538,0.9299999999999999
63.47,4952.13,2.48,26.14,4.47,IrRuOx,1.02,Pt/C,0.14,Nafion_212,51.49,17.46,133364.17,133.36,12.3,862.27,51.74,59.59,314311.6911,96.17653913381238,21.67,1.924185242118282,2.9490263459335626,0.19379234283913663,3.6596000000000006,0.03907357806837876,0.1741210347870512,1.1600000000000001
73.44,2496.49,1.92,14.25,1.67,Ir_black,2.13,Pt/C,0.15,Nafion_117,185.35,17.94,38849.43,38.85,4.8,434.69,26.08,76.98,183342.22559999998,13.469058537901267,12.58,4.439412197463193,10.331661092530657,0.06535947712418301,2.1374999999999997,0.026143790849673203,0.17412046513304683,2.28
39.8,1480.76,1.79,12.25,2.37,IrO2,1.2,Pt/C,0.08,Nafion_117,174.0,15.59,30554.09,30.55,2.65,257.83,15.47,82.76,58934.24799999999,8.510114942528736,9.879999999999999,1.786612835888733,11.161000641436818,0.06658291457286432,0.98,0.0449748743718593,0.1741200464626273,1.28
47.02,793.55,1.5,15.34,1.41,IrO2,2.27,Pt/C,0.2,Nafion_212,43.05,17.83,11958.31,11.96,1.19,138.17,8.29,98.67,37312.721,18.43321718931475,13.93,3.6327132886117077,2.414469994391475,0.025308379413015735,3.068,0.03190131858783496,0.17411631277172201,2.47
35.58,4114.63,2.37,14.36,3.23,IrRuOx,1.16,Pt/C,0.24,Nafion_117,184.29,22.79,83326.09,83.33,9.75,716.44,42.99,62.45,146398.5354,22.326930381464,11.129999999999999,1.6556935841531502,8.086441421676174,0.2740303541315346,3.4463999999999997,0.06661045531197303,0.17412015175119028,1.4
53.38,3407.02,2.13,7.55,4.01,IrRuOx,1.41,Pt/C,0.21,Nafion_115,122.86,22.44,58204.48,58.2,7.26,593.23,35.59,69.5,181866.7276,27.73091323457594,3.54,2.404614751860847,5.475044563279857,0.13600599475458972,1.5855,0.039902585237916816,0.1741199053718499,1.6199999999999999
56.02,3828.05,2.23,17.5,2.06,IrO2,2.27,Pt/C,0.17,Nafion_115,116.91,18.08,85031.79,85.03,8.54,666.54,39.99,66.31,214447.36100000003,32.74356342485673,15.44,3.9748214604731142,6.466261061946903,0.15244555515887181,2.975,0.039807211710103534,0.17411998275884588,2.44
50.92,1814.52,1.81,10.37,3.7,IrO2,2.03,Pt/C,0.08,Nafion_115,127.73,19.63,26911.95,26.91,3.28,315.95,18.96,81.76,92395.3584,14.20590307680263,6.669999999999999,3.3778377743243015,6.5068772287315335,0.06441476826394343,0.8296,0.035545954438334644,0.1741231840927628,2.11
70.29,1491.97,1.63,17.14,2.09,IrO2,1.55,Pt/C,0.08,Nafion_117,183.97,22.01,25667.98,25.67,2.43,259.78,15.59,90.98,104870.57130000001,8.109854867641463,15.05,3.130381652832864,8.358473421172194,0.034571062740076826,1.3712,0.023189642907952765,0.17411878254924695,1.6300000000000001
54.71,621.93,1.52,17.66,3.97,IrO2,1.79,Pt/C,0.25,Nafion_117,179.39,13.69,10921.27,10.92,0.94,108.29,6.5,97.53,34025.7903,3.466915658620882,13.69,3.09353861907359,13.10372534696859,0.017181502467556203,4.415,0.027782855053920672,0.1741192738732655,2.04
51.37,2301.06,1.9,8.86,3.28,IrRuOx,0.62,Pt/C,0.03,Nafion_117,177.71,21.11,34293.92,34.29,4.36,400.66,24.04,78.05,118205.45219999999,12.948399077148162,5.58,1.036307794921399,8.418285172903838,0.08487444033482579,0.2658,0.036986568035818575,0.17411975350490644,0.65
61.65,3265.99,2.12,5.99,3.47,IrRuOx,1.16,Pt/C,0.16,Nafion_115,126.2,22.49,37882.48,37.88,6.94,568.68,34.12,69.67,201348.2835,25.879477020602216,2.52,2.1488224729801066,5.611382836816364,0.11257096512570966,0.9584,0.03438767234387673,0.17412178236920506,1.3199999999999998
43.68,2454.27,1.95,20.23,1.27,IrO2,1.17,Pt/C,0.16,Nafion_115,125.15,15.65,26266.22,26.27,4.77,427.34,25.64,76.08,107202.5136,19.610627247303235,18.96,1.8108634012559839,7.996805111821087,0.10920329670329669,3.2368,0.044642857142857144,0.17412102172947555,1.3299999999999998
69.56,2626.69,2.07,14.66,4.33,IrO2,1.93,Pt/C,0.14,Nafion_117,173.26,16.53,22485.68,22.49,5.43,457.36,27.44,71.59,182712.5564,15.160394782407943,10.33,3.8694795040418626,10.481548699334542,0.07806210465784934,2.0524,0.02975848188614146,0.17412028065740534,2.07
38.58,5194.84,2.5,5.86,3.19,IrO2,1.26,Pt/C,0.27,Nafion_115,123.43,22.69,113712.82,113.71,12.99,904.53,54.27,59.2,200416.9272,42.08733695211861,2.6700000000000004,1.8531960089583936,5.439841339797267,0.3367029548989114,1.5822000000000003,0.06480041472265423,0.17412085839024877,1.53
77.31,2292.63,1.83,28.51,2.11,IrO2,1.04,Pt/C,0.08,Nafion_212,51.56,19.43,29548.29,29.55,4.2,399.19,23.95,80.72,177243.22530000002,44.46528316524437,26.400000000000002,2.2531307942836296,2.6536284096757594,0.0543267365153279,2.2808,0.0236709351959643,0.17411880678522046,1.12
68.72,2934.98,1.99,5.84,3.57,IrRuOx,0.62,Pt/C,0.09,Nafion_117,181.61,14.05,36888.69,36.89,5.83,511.04,30.66,74.55,201691.8256,16.16089422388635,2.27,1.232647381451906,12.925978647686833,0.08483701979045402,0.5256,0.028958090803259603,0.1741204369365379,0.71
47.18,4287.84,2.32,18.48,2.06,Ir_black,1.07,Pt/C,0.05,Nafion_115,127.84,17.45,82238.13,82.24,9.95,746.6,44.8,63.76,202300.2912,33.54067584480601,16.42,1.7150781506534538,7.326074498567336,0.2108944467994913,0.924,0.04917337855023315,0.17412030299638045,1.12
28.7,2470.37,1.92,27.34,3.76,IrRuOx,1.22,Pt/C,0.1,Nafion_115,122.02,18.89,34216.21,34.22,4.74,430.14,25.81,77.18,70899.61899999999,20.2456154728733,23.58,1.6255575404403244,6.45950238221281,0.16515679442508713,2.734,0.06689895470383275,0.17411966628480754,1.32
69.93,3415.44,2.19,10.85,1.67,IrO2,2.0,Pt/C,0.07,Nafion_117,179.09,20.32,54441.56,54.44,7.46,594.7,35.68,67.73,238841.71920000002,19.07108157909431,9.18,4.024687147659122,8.813484251968504,0.10667810667810666,0.7595000000000001,0.03131703131703131,0.1741210502892746,2.07
66.83,4836.75,2.5,8.6,3.11,Ir_black,2.15,Pt/C,0.09,Nafion_117,169.11,20.57,57464.01,57.46,12.09,842.18,50.53,59.2,323240.0025,28.601206315416,5.49,4.194473569848185,8.221195916383083,0.1809067783929373,0.7739999999999999,0.03740834954361814,0.17412105235953892,2.2399999999999998
67.48,5689.92,2.5,8.02,2.65,IrRuOx,0.62,Pt/C,0.19,Nafion_115,127.89,23.55,139661.85,139.66,14.22,990.73,59.44,59.2,383955.8016,44.49073422472437,5.369999999999999,1.2174569293646706,5.430573248407643,0.2107291049199763,1.5238,0.03704801422643746,0.17412019852651706,0.81
68.69,1541.71,1.65,12.1,1.62,IrRuOx,0.5,Pt/C,0.23,Nafion_212,54.29,17.71,32964.49,32.96,2.55,268.44,16.11,89.46,105900.0599,28.397679130594955,10.48,0.9937722925008516,3.0654997176736307,0.0371233076139176,2.783,0.024020963750181975,0.17411834910586296,0.73
38.54,5420.12,2.5,7.41,1.98,IrO2,0.72,Pt/C,0.06,Nafion_212,45.58,19.44,117395.17,117.4,13.55,943.75,56.63,59.2,208891.42479999998,118.91443615620886,5.43,1.0585456450232715,2.3446502057613166,0.35158277114686043,0.4446,0.06486766995329528,0.1741197611860992,0.78
54.79,2844.52,1.98,18.43,1.22,IrO2,1.14,Pt/C,0.09,Nafion_115,124.07,19.41,42056.08,42.06,5.64,495.29,29.72,74.68,155851.2508,22.92673490771339,17.21,1.9717633864739523,6.392065945388975,0.10293849242562511,1.6586999999999998,0.036137981383464135,0.1741207655421653,1.23
41.93,1977.9,1.85,6.03,2.48,IrO2,2.36,Pt/C,0.23,Nafion_212,50.99,18.59,38825.96,38.83,3.67,344.39,20.66,79.8,82933.34700000001,38.789958815454014,3.5500000000000003,3.589315870562968,2.7428725121032813,0.08752683043167184,1.3869,0.04412115430479371,0.1741190151170433,2.59
71.32,2711.72,1.97,15.39,2.1,IrO2,1.28,Pt/C,0.05,Nafion_117,186.26,16.61,31434.5,31.43,5.35,472.16,28.33,75.03,193399.87039999996,14.55878878986363,13.290000000000001,2.611853383458382,11.213726670680312,0.07501402131239485,0.7695000000000001,0.027621985417835112,0.17411827179797326,1.33
64.28,6176.05,2.5,28.8,2.8,IrO2,1.44,Pt/C,0.05,Nafion_115,124.76,23.0,50154.82,50.15,15.44,1075.38,64.52,59.2,396996.494,49.50344661750561,26.0,2.7385897923583244,5.424347826086957,0.2401991288114499,1.4400000000000002,0.0388923459863099,0.17412099966807265,1.49
53.62,2846.57,2.09,21.0,2.1,IrO2,1.01,Pt/C,0.06,Nafion_115,123.54,21.46,24789.03,24.79,5.94,495.65,29.74,70.87,152633.0834,23.041686903027358,18.9,1.726593394099539,5.756756756756757,0.11077955986572176,1.26,0.03897799328608728,0.17412183786100463,1.07
37.54,2222.72,1.97,17.06,2.1,IrO2,1.25,Pt/C,0.13,Nafion_117,170.16,19.19,37709.69,37.71,4.39,387.02,23.22,74.99,83440.90879999999,13.062529384109073,14.959999999999999,1.8194669094986042,8.867118290776446,0.11694192860948321,2.2178,0.052477357485348965,0.174119997120645,1.38
52.74,3469.51,2.12,12.15,3.24,IrRuOx,0.98,Pt/C,0.06,Nafion_212,50.31,19.82,53213.28,53.21,7.37,604.11,36.25,69.66,182981.9574,68.96263168356192,8.91,1.6606304055931629,2.5383451059535824,0.139742131209708,0.729,0.040197193780811526,0.17411968837098032,1.04
53.37,1914.46,1.78,17.21,1.44,IrO2,1.79,Pt/C,0.25,Nafion_115,137.21,17.18,30797.31,30.8,3.4,333.35,20.0,83.26,102174.73019999999,13.952773121492601,15.770000000000001,3.052361703057388,7.986612339930152,0.06370620198613454,4.3025,0.033352070451564554,0.17412220678415846,2.04
67.49,1163.62,1.62,15.66,3.92,IrO2,1.28,Pt/C,0.1,Nafion_117,181.39,19.47,9358.67,9.36,1.89,202.61,12.16,91.11,78532.71379999998,6.415017365896687,11.74,2.5137108255898726,9.31638418079096,0.028004148762779672,1.566,0.02400355608238258,0.17412041731836858,1.3800000000000001
64.72,1455.98,1.7,14.15,3.67,Ir_black,1.38,Pt/C,0.11,Nafion_212,49.93,20.34,21786.12,21.79,2.47,253.52,15.21,87.22,94231.0256,29.160424594432207,10.48,2.636055046920813,2.454768928220256,0.03816440049443758,1.5565,0.02626699629171817,0.17412327092405117,1.49
72.12,1451.91,1.7,8.28,3.0,Ir_black,1.99,Pt/C,0.07,Nafion_117,181.61,19.3,27418.85,27.42,2.48,252.81,15.17,86.82,104711.7492,7.994658884422663,5.279999999999999,4.093231020458049,9.409844559585492,0.03438713255684969,0.5796,0.02357182473655019,0.1741223629563816,2.06
59.19,1563.56,1.81,22.98,2.79,IrRuOx,0.7,Pt/C,0.11,Nafion_117,179.94,23.35,23751.68,23.75,2.83,272.25,16.33,81.73,92547.1164,8.689340891408246,20.19,1.2651934761546093,7.706209850107066,0.04781213042743707,2.5278,0.030579489778678835,0.17412187571951188,0.8099999999999999
42.2,1503.55,1.7,14.51,3.86,Ir_black,1.74,Pt/C,0.15,Nafion_117,175.93,19.86,28741.81,28.74,2.56,261.8,15.71,86.82,63449.810000000005,8.546296822599897,10.65,2.653514832948906,8.858509566968783,0.060663507109004734,2.1765,0.04028436018957346,0.17412124638355891,1.89
67.02,3505.68,2.11,9.89,1.86,IrRuOx,1.71,Pt/C,0.17,Nafion_212,52.47,18.34,45031.03,45.03,7.39,610.41,36.62,70.16,234950.67359999998,66.81303602058318,8.030000000000001,3.342414234290486,2.8609596510359867,0.11026559236048941,1.6813000000000002,0.03148313936138466,0.1741202847949613,1.88
68.39,1692.05,1.66,13.22,1.56,Ir_black,2.3,Pt/C,0.17,Nafion_212,50.68,20.83,34815.72,34.82,2.81,294.62,17.68,89.06,115719.2995,33.386937647987374,11.66,4.557659038398192,2.4330292846855497,0.04108787834478725,2.2474000000000003,0.024272554467027342,0.17412015011376733,2.4699999999999998
62.27,2283.29,1.84,13.97,1.98,IrO2,1.71,Pt/C,0.13,Nafion_117,180.09,16.62,38793.18,38.79,4.19,397.57,23.85,80.6,142180.4683,12.678605141873508,11.99,3.1873612193669754,10.835740072202166,0.06728761843584391,1.8161,0.02954873936084792,0.17412155267180254,1.8399999999999999
68.68,5126.72,2.5,21.34,3.43,IrO2,1.52,Pt/C,0.22,Nafion_115,122.12,18.44,64385.47,64.39,12.82,892.67,53.56,59.2,352103.12960000004,41.98100229282673,17.91,3.0207656775305045,6.622559652928416,0.18666278392545135,4.6948,0.03640069889341875,0.1741210754634542,1.74
59.96,2770.9,2.08,19.24,1.37,IrO2,1.54,Pt/C,0.19,Nafion_117,186.52,18.17,35720.84,35.72,5.76,482.47,28.95,71.25,166143.16400000002,14.855779541067982,17.869999999999997,2.804940751875451,10.2652724270776,0.09606404269513008,3.6555999999999997,0.03468979319546364,0.17412032191706667,1.73
60.97,3638.0,2.16,19.98,2.76,IrO2,1.69,Pt/C,0.17,Nafion_212,51.99,18.77,63782.35,63.78,7.86,633.45,38.01,68.52,221808.86,69.97499519138296,17.22,3.1093961051725976,2.7698454981353224,0.12891586025914384,3.3966000000000003,0.035427259307856326,0.17412039582188016,1.8599999999999999
57.53,1652.31,1.74,3.12,4.77,IrO2,1.93,Pt/C,0.04,Nafion_115,124.24,20.9,34561.06,34.56,2.88,287.7,17.26,84.88,95057.3943,13.2993399871217,-1.6499999999999995,3.4308910298783992,5.944497607655503,0.05006083782374413,0.12480000000000001,0.03024508951851208,0.17411986854766962,1.97
32.93,1734.15,1.78,14.0,3.68,IrRuOx,1.2,Pt/C,0.03,Nafion_115,132.01,19.11,25810.81,25.81,3.08,301.95,18.12,83.38,57105.5595,13.13650481024165,10.32,1.6679937497778525,6.907901622187336,0.09353173398117219,0.42,0.05405405405405406,0.17411988582302568,1.23
41.34,907.27,1.64,14.98,2.6,IrRuOx,0.63,Pt/C,0.07,Nafion_212,48.51,20.99,11934.51,11.93,1.48,157.97,9.48,90.42,37506.5418,18.702741702741704,12.38,0.9525283014668982,2.311100524059076,0.035800677310111266,1.0486000000000002,0.03967102080309627,0.17411575385497152,0.7
33.82,1637.97,1.88,3.79,1.5,IrRuOx,0.96,Pt/C,0.15,Nafion_117,176.09,19.66,35600.34,35.6,3.08,285.2,17.11,78.75,55396.1454,9.301891078425806,2.29,1.3463241211686539,8.95676500508647,0.09107037256061502,0.5685,0.05558840922531046,0.17411796308845703,1.1099999999999999
64.69,2047.43,1.79,11.27,3.58,IrO2,1.52,Pt/C,0.1,Nafion_117,176.2,18.13,37117.09,37.12,3.66,356.5,21.39,82.7,132448.2467,11.619920544835415,7.6899999999999995,2.902610007613316,9.718698290126861,0.05657752357396816,1.127,0.02767042819601175,0.17412072696014028,1.62
52.89,1671.94,1.72,19.79,2.81,IrRuOx,1.47,Pt/C,0.1,Nafion_115,118.14,21.11,25501.82,25.5,2.87,291.12,17.47,86.19,88428.9066,14.152192314203488,16.98,2.4946848305178206,5.596399810516343,0.05426356589147287,1.979,0.03252032520325203,0.17412108090003228,1.57
60.48,1241.98,1.69,8.46,1.68,IrRuOx,1.11,Pt/C,0.21,Nafion_212,51.41,17.28,19524.67,19.52,2.1,216.25,12.98,87.71,75114.9504,24.15833495428905,6.780000000000001,2.032283454523925,2.9751157407407405,0.034722222222222224,1.7766000000000002,0.027943121693121693,0.17411713554163513,1.32
72.87,1415.15,1.7,15.78,1.61,IrO2,1.68,Pt/C,0.22,Nafion_117,170.84,17.16,17650.1,17.65,2.4,246.41,14.78,87.23,103121.98050000002,8.283481620229455,14.17,3.4816063893537046,9.955710955710956,0.03293536434746809,3.4716,0.0233292164127899,0.1741228844998763,1.9
49.84,2718.23,2.08,10.35,3.96,IrRuOx,0.55,Pt/C,0.22,Nafion_117,173.86,19.23,47609.91,47.61,5.65,473.3,28.4,71.23,135476.58320000002,15.63459105027033,6.39,0.9053469842478367,9.04108164326573,0.11336276083467095,2.277,0.04173354735152488,0.17412065939968288,0.77
56.87,1789.19,1.79,3.22,3.01,IrO2,1.78,Pt/C,0.08,Nafion_117,169.62,17.48,25515.71,25.52,3.21,311.53,18.69,82.5,101751.2353,10.548225445112605,0.2100000000000004,3.143426240093362,9.70366132723112,0.056444522595393,0.2576,0.03147529453138738,0.17411789692542434,1.86
68.24,2350.83,1.86,10.9,3.57,IrO2,1.04,Pt/C,0.15,Nafion_115,126.57,13.84,63126.18,63.13,4.38,409.33,24.56,79.38,160420.63919999998,18.573358615785732,7.33,2.057765557230462,9.145231213872831,0.0641852286049238,1.635,0.027256740914419698,0.17412148049837717,1.19
48.8,2891.01,2.06,26.76,3.79,Ir_black,1.92,Pt/C,0.08,Nafion_117,179.25,20.07,45182.33,45.18,5.94,503.38,30.2,72.0,141081.288,16.12836820083682,22.970000000000002,3.1277853119473424,8.931240657698057,0.12172131147540985,2.1408,0.04221311475409836,0.17411907949125044,2.0
38.8,3755.53,2.29,20.71,2.73,IrO2,1.1,Pt/C,0.06,Nafion_115,125.37,19.27,58948.78,58.95,8.6,653.91,39.23,64.62,145714.56399999998,29.95557150833533,17.98,1.621432762716956,6.505967825635704,0.2216494845360825,1.2426,0.059020618556701036,0.17411923217228992,1.1600000000000001
51.78,893.67,1.6,25.81,2.59,IrO2,1.93,Pt/C,0.06,Nafion_212,46.87,18.86,14917.58,14.92,1.43,155.61,9.34,92.22,46274.232599999996,19.066993812673353,23.22,3.2391793248386134,2.485153764581124,0.0276168404789494,1.5486,0.03089996137504828,0.1741246768941556,1.99
44.98,4388.48,2.4,15.07,2.39,Ir_black,1.72,Pt/C,0.09,Nafion_115,121.14,22.79,101108.01,101.11,10.53,764.12,45.85,61.67,197393.83039999998,36.22651477629189,12.68,2.6969575135976243,5.315489249670908,0.23410404624277456,1.3563,0.053357047576700754,0.1741195129065189,1.81
73.78,3443.12,2.18,7.67,2.14,IrRuOx,0.85,Pt/C,0.1,Nafion_117,182.32,19.63,70018.22,70.02,7.51,599.52,35.97,67.84,254033.3936,18.885037297060116,5.529999999999999,1.777630096087548,9.287824758023433,0.10178910273786934,0.767,0.029547302792084576,0.1741211459374056,0.95
69.72,1200.37,1.67,15.98,2.4,IrO2,2.37,Pt/C,0.19,Nafion_115,124.25,21.55,18351.17,18.35,2.01,209.01,12.54,88.37,83689.79639999999,9.660925553319919,13.58,4.759249344857295,5.765661252900232,0.02882960413080895,3.0362,0.023952954675846242,0.17412131259528313,2.56
64.59,4926.76,2.5,14.58,3.35,IrO2,1.21,Pt/C,0.05,Nafion_117,181.58,16.28,93090.41,93.09,12.32,857.85,51.47,59.2,318219.42840000003,27.13272386826743,11.23,2.308320859603119,11.153562653562654,0.19074160086700728,0.7290000000000001,0.03870568199411673,0.17412051733796652,1.26
71.59,5359.77,2.5,21.77,2.81,IrO2,1.64,Pt/C,0.17,Nafion_212,47.34,19.62,90905.62,90.91,13.4,933.25,55.99,59.2,383705.9343,113.21863117870723,18.96,3.355484736603257,2.4128440366972477,0.18717698002514319,3.7009000000000003,0.03492107836289984,0.17412127759213547,1.8099999999999998
69.6,1064.64,1.58,7.31,3.86,IrRuOx,0.88,Pt/C,0.12,Nafion_115,127.91,21.59,16793.79,16.79,1.68,185.37,11.12,93.85,74098.944,8.323352357126105,3.4499999999999997,1.7650281309792457,5.924502084298286,0.02413793103448276,0.8771999999999999,0.022701149425287358,0.17411519386834987,1.0
46.49,2041.56,1.84,15.08,2.42,IrO2,0.71,Pt/C,0.08,Nafion_117,186.52,19.7,25131.13,25.13,3.76,355.48,21.33,80.42,94912.1244,10.945528629637572,12.66,1.1302170467538928,9.46802030456853,0.0808776080877608,1.2064000000000001,0.039578403957840395,0.1741217500342875,0.7899999999999999
72.31,4433.06,2.42,8.81,2.83,IrO2,2.12,Pt/C,0.11,Nafion_115,129.93,20.48,68433.1,68.43,10.72,771.89,46.31,61.22,320554.56860000006,34.118833217886554,5.98,4.368921090956787,6.34423828125,0.14825058774719957,0.9691000000000001,0.03346701701009542,0.17412126161161814,2.23
61.54,4074.39,2.24,12.48,2.9,Ir_black,1.42,Pt/C,0.08,Nafion_115,124.94,18.35,52982.02,52.98,9.15,709.43,42.57,65.93,250737.9606,32.61077317112214,9.58,2.627563186470382,6.808719346049045,0.14868378290542736,0.9984000000000001,0.036399090022749436,0.17411931602031225,1.5
69.7,1702.84,1.75,19.31,2.79,IrRuOx,0.93,Pt/C,0.13,Nafion_115,128.29,15.67,39136.29,39.14,2.98,296.5,17.79,84.55,118687.948,13.273365032348586,16.52,1.8671800670275431,8.186981493299298,0.042754662840746055,2.5103,0.025107604017216643,0.17412088041154777,1.06
72.44,1800.76,1.73,14.9,3.11,IrO2,1.72,Pt/C,0.1,Nafion_117,178.8,18.94,25235.12,25.24,3.12,313.55,18.81,85.45,130447.0544,10.071364653243847,11.790000000000001,3.549207328560111,9.440337909186907,0.04307012700165655,1.4900000000000002,0.02388183324130315,0.1741209267198294,1.82
53.05,2373.56,1.9,13.35,1.97,IrRuOx,1.1,Pt/C,0.06,Nafion_212,50.02,18.51,57534.06,57.53,4.52,413.29,24.8,77.72,125917.358,47.45221911235505,11.379999999999999,1.869760185892277,2.702323068611561,0.08520263901979265,0.8009999999999999,0.03581526861451461,0.17412241527494565,1.1600000000000001
41.5,2813.57,2.08,13.66,2.58,IrRuOx,1.18,Pt/C,0.05,Nafion_212,49.02,21.58,45787.28,45.79,5.85,489.9,29.39,71.17,116763.15500000001,57.396368829049365,11.08,1.786957474016617,2.271547729379055,0.14096385542168674,0.683,0.05012048192771085,0.17412042351887458,1.23
48.75,3397.32,2.15,14.66,1.65,IrO2,1.3,Pt/C,0.12,Nafion_115,126.18,17.33,59730.7,59.73,7.31,591.54,35.49,68.77,165619.35,26.924393723252496,13.01,2.116712683989163,7.281015579919217,0.14994871794871795,1.7591999999999999,0.0441025641025641,0.1741196001554166,1.42
57.51,2367.84,1.9,20.33,2.28,IrO2,0.66,Pt/C,0.22,Nafion_212,50.64,22.79,38828.64,38.83,4.5,412.29,24.74,77.92,136174.4784,46.75829383886256,18.049999999999997,1.1730234442427678,2.2220272049144363,0.0782472613458529,4.4726,0.033037732568249,0.17412071761605513,0.88
70.0,2725.21,1.9,23.15,2.52,IrRuOx,1.23,Pt/C,0.09,Nafion_117,175.03,22.64,30943.21,30.94,5.17,474.51,28.47,77.94,190764.7,15.56995943552534,20.63,2.476915830188686,7.731007067137809,0.07385714285714286,2.0835,0.027142857142857142,0.17411869177054246,1.32
71.25,4069.81,2.31,25.59,2.96,IrO2,1.68,Pt/C,0.16,Nafion_115,121.92,17.37,58788.52,58.79,9.41,708.64,42.52,64.01,289973.9625,33.3809875328084,22.63,3.425658765171242,7.018998272884283,0.1320701754385965,4.0944,0.03242105263157895,0.17412115061882497,1.8399999999999999
29.15,870.08,1.61,20.37,4.23,IrRuOx,1.41,Pt/C,0.15,Nafion_115,120.06,18.18,9406.68,9.41,1.4,151.5,9.09,91.74,25362.832,7.2470431450941195,16.14,1.8871914232215439,6.6039603960396045,0.048027444253859346,3.0555,0.05523156089193826,0.1741219198234645,1.5599999999999998
60.55,1957.79,1.91,12.32,2.81,IrO2,2.18,Pt/C,0.23,Nafion_115,119.0,21.86,34185.33,34.19,3.74,340.89,20.45,77.57,118544.18449999999,16.45201680672269,9.51,3.994126379378078,5.443732845379689,0.06176713459950455,2.8336,0.031544178364987616,0.1741197983440512,2.41
57.14,3878.12,2.23,18.35,3.25,IrO2,2.23,Pt/C,0.19,Nafion_115,120.91,22.79,59098.21,59.1,8.65,675.26,40.52,66.38,221595.7768,32.07443553055992,15.100000000000001,3.948759920606624,5.30539710399298,0.15138256912845643,3.4865000000000004,0.039026951347567375,0.17412045011500418,2.42
48.45,5112.42,2.5,14.33,2.57,IrO2,1.61,Pt/C,0.13,Nafion_117,180.8,18.84,101784.22,101.78,12.78,890.18,53.41,59.2,247696.749,28.276659292035397,11.76,2.61361463016784,9.596602972399152,0.2637770897832817,1.8629,0.05159958720330237,0.1741210620410686,1.7400000000000002
42.22,2925.33,2.05,11.17,2.9,IrO2,1.41,Pt/C,0.15,Nafion_117,175.54,17.97,37109.17,37.11,6.01,509.36,30.56,72.09,123507.4326,16.66474877520793,8.27,2.150692115215492,9.76850306065665,0.1423495973472288,1.6755,0.048555187115111316,0.1741205265730704,1.5599999999999998
53.91,3011.5,2.13,21.68,1.53,IrO2,2.12,Pt/C,0.22,Nafion_117,182.57,19.36,35871.43,35.87,6.41,524.36,31.46,69.56,162349.965,16.49504299720655,20.15,3.6346618796604333,9.430268595041323,0.11890187349285848,4.7696,0.03951029493600445,0.1741192096961647,2.3400000000000003
74.4,1345.33,1.64,4.95,2.01,IrO2,1.57,Pt/C,0.1,Nafion_117,180.17,20.29,19884.08,19.88,2.21,234.25,14.05,90.23,100092.552,7.467003385691291,2.9400000000000004,3.303807592872301,8.879743716116312,0.029704301075268814,0.49500000000000005,0.02204301075268817,0.17412084767306163,1.6700000000000002
53.28,2665.49,1.98,23.46,2.23,IrRuOx,0.65,Pt/C,0.08,Nafion_212,44.09,17.59,62213.85,62.21,5.29,464.12,27.85,74.61,142017.30719999998,60.45565887956452,21.23,1.1074023903263834,2.5065378055713476,0.09928678678678679,1.8768,0.037162162162162164,0.17412183125804262,0.73
60.83,3013.65,2.07,14.69,2.48,Ir_black,2.76,Pt/C,0.03,Nafion_117,183.27,20.59,56542.35,56.54,6.25,524.74,31.48,71.4,183320.3295,16.44377148469471,12.209999999999999,5.0709626923651685,8.900922778047596,0.10274535590991288,0.4407,0.03402926187736314,0.17412108240837523,2.7899999999999996
66.71,1922.74,1.79,17.44,1.43,IrRuOx,1.5,Pt/C,0.19,Nafion_117,184.05,14.99,28688.9,28.69,3.45,334.79,20.09,82.46,128265.98539999999,10.446835099157838,16.01,2.922867363054203,12.278185456971315,0.051716384350172395,3.3136,0.02683255883675611,0.17412130605282047,1.69
55.0,2015.45,1.8,17.83,1.75,Ir_black,2.09,Pt/C,0.18,Nafion_115,122.03,14.95,32403.39,32.4,3.62,350.93,21.06,82.39,110849.75,16.516020650659673,16.08,3.622498807342856,8.162541806020068,0.06581818181818182,3.2093999999999996,0.03272727272727273,0.1741199235902652,2.27
76.06,2398.66,1.9,23.25,2.05,IrO2,0.94,Pt/C,0.05,Nafion_115,129.1,18.45,25215.36,25.22,4.55,417.66,25.06,78.09,182442.0796,18.57986057319907,21.2,2.0111859969240764,6.997289972899729,0.05982119379437286,1.1625,0.024980278727320535,0.17412221823851654,0.99
75.46,695.65,1.55,17.43,4.42,Ir_black,1.98,Pt/C,0.13,Nafion_212,47.43,18.22,17986.37,17.99,1.08,121.13,7.27,95.59,52493.748999999996,14.666877503689648,13.01,4.210986084885727,2.6031833150384194,0.014312218393851049,2.2659000000000002,0.02054068380598993,0.17412491914037231,2.11
49.96,2199.03,1.81,17.04,2.17,IrO2,2.14,Pt/C,0.11,Nafion_115,127.49,17.93,39771.82,39.77,3.99,382.9,22.97,81.57,109863.53880000001,17.248646952702174,14.87,3.5268524961140058,7.110429447852761,0.07986389111289031,1.8743999999999998,0.03622898318654924,0.17412222661809978,2.25
60.08,1808.76,1.77,6.2,2.51,Ir_black,2.89,Pt/C,0.05,Nafion_117,173.68,19.15,24362.86,24.36,3.21,314.94,18.9,83.49,108670.3008,10.414325195762322,3.6900000000000004,5.27013775733999,9.069451697127938,0.05342876165113183,0.31000000000000005,0.029460719041278297,0.17411928614078154,2.94
52.29,2218.25,1.83,15.53,1.89,Ir_black,1.71,Pt/C,0.26,Nafion_212,44.62,17.97,37610.57,37.61,4.07,386.24,23.17,80.75,115992.2925,49.71425369789333,13.639999999999999,2.884620562503897,2.4830272676683363,0.07783515012430675,4.0378,0.03499713138267355,0.17411923813817198,1.97
51.55,1410.74,1.74,8.81,2.84,IrRuOx,0.47,Pt/C,0.07,Nafion_115,125.09,16.85,15525.58,15.53,2.46,245.64,14.74,84.93,72723.647,11.277799984011512,5.970000000000001,0.7870034992354129,7.42373887240356,0.047720659553831236,0.6167000000000001,0.03375363724539283,0.1741213831039029,0.54
34.55,5070.73,2.47,19.31,2.06,Ir_black,2.82,Pt/C,0.05,Nafion_117,179.38,17.88,125836.56,125.84,12.5,882.92,52.98,60.03,175193.72149999996,28.268090088081166,17.25,3.983802977058941,10.032438478747205,0.36179450072358904,0.9655,0.0714905933429812,0.17412088594738825,2.8699999999999997
63.84,3282.76,2.07,15.43,1.91,IrRuOx,0.85,Pt/C,0.13,Nafion_115,125.01,22.95,39596.04,39.6,6.81,571.6,34.3,71.39,209571.39840000003,26.259979201663867,13.52,1.609431595684526,5.447058823529412,0.10667293233082706,2.0059,0.03242481203007518,0.1741217755790859,0.98
60.27,3696.89,2.22,18.21,2.59,IrO2,1.69,Pt/C,0.17,Nafion_212,46.45,18.63,65867.92,65.87,8.2,643.7,38.62,66.7,222811.5603,79.58858988159311,15.620000000000001,3.0877063351977894,2.493290391841117,0.13605442176870747,3.0957000000000003,0.03683424589347935,0.17411932732648255,1.8599999999999999
36.29,4322.65,2.45,5.11,1.15,IrO2,2.65,Pt/C,0.04,Nafion_117,178.0,18.85,56191.08,56.19,10.57,752.66,45.16,60.5,156868.9685,24.28455056179775,3.9600000000000004,3.8093540725345467,9.442970822281167,0.2912648112427666,0.20440000000000003,0.06751171121521081,0.17412004210380208,2.69
51.26,2870.48,2.02,6.87,1.18,IrRuOx,0.47,Pt/C,0.15,Nafion_117,181.35,19.66,54184.53,54.18,5.79,499.81,29.99,73.43,147140.80479999998,15.828398125172319,5.69,0.7847244952406244,9.224313326551373,0.11295357003511511,1.0305,0.03940694498634413,0.17412070455115522,0.62
72.9,1231.46,1.59,18.89,1.94,IrO2,1.85,Pt/C,0.12,Nafion_117,179.78,23.14,24491.33,24.49,1.96,214.42,12.87,92.93,89773.43400000001,6.84981644231839,16.95,3.8350621438828356,7.769230769230769,0.02688614540466392,2.2668,0.021810699588477367,0.17411852597729524,1.9700000000000002
49.35,3032.84,2.15,6.41,1.38,IrRuOx,0.48,Pt/C,0.05,Nafion_117,180.91,17.31,55169.29,55.17,6.53,528.08,31.68,68.76,149670.654,16.764357968050412,5.03,0.7862588814415407,10.451184286539574,0.13232016210739614,0.3205,0.04356636271529888,0.17412062621173555,0.53
43.94,3252.01,2.04,6.38,1.66,Ir_black,1.97,Pt/C,0.06,Nafion_115,123.65,20.26,56402.46,56.4,6.64,566.24,33.97,72.49,142893.3194,26.300121310149617,4.72,3.0569984710149294,6.103158933859822,0.1511151570323168,0.3828,0.04642694583522986,0.17412000578104003,2.03
59.81,4058.05,2.17,3.22,2.18,IrO2,2.14,Pt/C,0.13,Nafion_115,132.86,20.46,90755.38,90.76,8.82,706.59,42.4,68.09,242711.97050000002,30.543805509558933,1.04,3.89193253163612,6.49364613880743,0.14746697876609263,0.4186,0.03628155826784819,0.17412057515309076,2.27
77.19,2604.14,1.95,25.65,3.46,IrRuOx,0.89,Pt/C,0.08,Nafion_117,174.12,19.84,27066.51,27.07,5.09,453.43,27.21,75.75,201013.5666,14.956007351252008,22.189999999999998,1.925847602358653,8.776209677419356,0.06594118409120353,2.052,0.025262339681305868,0.1741189029775665,0.97
49.48,1449.63,1.67,19.31,2.73,Ir_black,3.4,Pt/C,0.23,Nafion_212,51.46,15.61,20246.14,20.25,2.42,252.41,15.14,88.68,71727.6924,28.170034978624177,16.58,5.576578585537834,3.296604740550929,0.04890864995957963,4.4413,0.033751010509296686,0.17412029276436056,3.63
65.79,2065.26,1.77,12.98,2.58,Ir_black,2.21,Pt/C,0.19,Nafion_212,53.55,20.23,26918.14,26.92,3.65,359.6,21.58,83.7,135873.45540000004,38.56694677871149,10.4,4.266921109547941,2.6470588235294117,0.055479556163550686,2.4662,0.02690378476972184,0.17411851292331232,2.4
68.42,2346.48,1.92,11.97,2.09,Ir_black,1.9,Pt/C,0.27,Nafion_115,129.4,15.22,61260.9,61.26,4.5,408.57,24.51,77.22,160546.1616,18.13353941267388,9.88,3.7661523601422924,8.501971090670171,0.06577024261911722,3.2319000000000004,0.028061970184156678,0.1741203845760458,2.17
49.25,3530.3,2.18,12.92,4.1,IrRuOx,0.69,Pt/C,0.07,Nafion_212,49.39,19.78,51517.59,51.52,7.71,614.7,36.88,67.74,173867.27500000002,71.47803199028144,8.82,1.129117459865386,2.496966632962588,0.1565482233502538,0.9044000000000001,0.044263959390862945,0.17412117950315836,0.76
67.45,3179.85,2.05,20.1,2.31,Ir_black,1.94,Pt/C,0.25,Nafion_117,177.36,20.61,60806.63,60.81,6.51,553.68,33.22,72.35,214480.8825,17.92878890392422,17.790000000000003,3.80831933759344,8.605531295487628,0.09651593773165307,5.025,0.030392883617494437,0.17412142082173687,2.19
55.17,2321.04,1.82,17.86,1.59,IrRuOx,0.84,Pt/C,0.1,Nafion_115,132.18,17.03,42618.03,42.62,4.24,404.14,24.25,81.11,128051.7768,17.559691330004537,16.27,1.4584097253333126,7.761597181444509,0.07685336233460215,1.786,0.032988943266267896,0.17412022196946197,0.94
64.56,6322.89,2.5,9.67,2.86,IrO2,0.91,Pt/C,0.09,Nafion_115,119.89,21.36,79517.79,79.52,15.81,1100.94,66.06,59.2,408205.7784,52.73909416965552,6.8100000000000005,1.735489177818557,5.612827715355805,0.24488847583643122,0.8703,0.03872366790582404,0.17411974587569926,1.0
64.6,3338.9,2.15,9.41,1.67,IrO2,1.46,Pt/C,0.04,Nafion_212,47.09,14.53,43137.65,43.14,7.16,581.37,34.88,68.97,215692.93999999997,70.90465066893184,7.74,2.7855251956341816,3.2408809359944946,0.1108359133126935,0.3764,0.033281733746130034,0.1741202192338794,1.5
61.41,1904.01,1.78,7.32,2.2,IrRuOx,0.92,Pt/C,0.04,Nafion_212,48.81,21.38,25556.5,25.56,3.39,331.53,19.89,83.07,116925.25409999999,39.00860479409957,5.12,1.7001532449045675,2.282974742750234,0.05520273571079629,0.2928,0.028985507246376812,0.17412198465344192,0.9600000000000001
39.95,1316.16,1.77,17.84,2.57,IrO2,1.98,Pt/C,0.15,Nafion_117,186.19,18.95,19523.27,19.52,2.32,229.17,13.75,83.85,52580.592000000004,7.068908104624309,15.27,2.9523363640441334,9.82532981530343,0.05807259073842302,2.6759999999999997,0.04430538172715895,0.17412016776075856,2.13
70.48,1567.84,1.65,19.88,3.77,IrRuOx,1.14,Pt/C,0.11,Nafion_212,51.14,17.09,20164.86,20.16,2.58,272.99,16.38,89.88,110501.3632,30.657802111849822,16.11,2.3067238299079422,2.9923932124049153,0.036606129398410896,2.1868,0.023410896708286034,0.1741185325033167,1.25
53.18,1935.09,1.73,11.37,2.53,IrRuOx,1.21,Pt/C,0.07,Nafion_117,175.16,16.21,16824.7,16.82,3.34,336.94,20.22,85.77,102908.08619999999,11.047556519753368,8.84,2.0594117002427765,10.805675508945095,0.06280556600225648,0.7959,0.03253102670176758,0.17412110031057987,1.28
46.49,1602.41,1.7,3.92,3.11,IrO2,0.64,Pt/C,0.14,Nafion_212,49.07,22.57,35304.84,35.3,2.72,279.01,16.74,87.19,74496.0409,32.6555940493173,0.81,1.0187871970739315,2.174124944616748,0.058507205850720584,0.5488000000000001,0.03656700365670036,0.17411898328143233,0.78
35.05,1711.15,1.77,6.78,4.71,IrRuOx,0.68,Pt/C,0.07,Nafion_212,48.16,15.37,42446.41,42.45,3.02,297.95,17.88,83.79,59975.807499999995,35.53052325581396,2.0700000000000003,0.9654485366507843,3.1333767078724786,0.08616262482168331,0.4746000000000001,0.05049928673323824,0.1741226660433042,0.75
63.24,2069.81,1.83,26.26,1.73,IrRuOx,1.15,Pt/C,0.13,Nafion_117,176.45,16.92,29139.87,29.14,3.8,360.4,21.62,80.65,130894.7844,11.730291867384528,24.53,2.164440594976906,10.428486997635932,0.06008855154965211,3.4138,0.028937381404174574,0.17412226242988485,1.2799999999999998
65.95,1656.74,1.71,11.95,2.05,IrO2,1.61,Pt/C,0.09,Nafion_212,52.94,18.18,23270.92,23.27,2.84,288.47,17.31,86.4,109262.00300000001,31.294673214960333,9.899999999999999,3.113458539870147,2.911991199119912,0.04306292645943897,1.0755,0.025928733889310083,0.17411905308014536,1.7000000000000002
31.41,5126.51,2.5,19.98,2.3,IrO2,0.62,Pt/C,0.19,Nafion_117,173.14,19.91,41095.8,41.1,12.82,892.63,53.56,59.2,161023.6791,29.609044703707987,17.68,0.8487965120667385,8.696132596685082,0.408150270614454,3.7962000000000002,0.0795924864692773,0.17412040550003802,0.81
60.6,1190.99,1.56,17.22,2.37,IrO2,2.14,Pt/C,0.19,Nafion_115,135.04,19.48,21787.51,21.79,1.86,207.38,12.44,94.83,72173.994,8.819534952606636,14.849999999999998,3.922800566835744,6.93223819301848,0.030693069306930693,3.2718,0.02574257425742574,0.17412404806085693,2.33
48.68,2979.23,2.12,13.45,2.34,IrO2,2.08,Pt/C,0.11,Nafion_115,131.14,16.11,62039.34,62.04,6.31,518.74,31.12,69.85,145028.9164,22.7179350312643,11.11,3.3843704057343897,8.14028553693358,0.12962202136400985,1.4795,0.043549712407559574,0.17411881593566123,2.19
64.96,2522.67,1.92,10.14,3.95,Ir_black,2.2,Pt/C,0.09,Nafion_115,132.45,17.72,29352.6,29.35,4.85,439.25,26.35,77.04,163872.6432,19.04620611551529,6.19,4.212504484991278,7.474604966139955,0.07466133004926108,0.9126,0.02955665024630542,0.1741210701360067,2.29
45.77,6225.97,2.5,8.02,3.15,IrO2,0.91,Pt/C,0.09,Nafion_212,48.61,17.29,73701.48,73.7,15.56,1084.07,65.04,59.2,284962.64690000005,128.08002468627856,4.869999999999999,1.4381956693598068,2.8114517061885484,0.3399606729298667,0.7217999999999999,0.054620930740659816,0.17412065911014668,1.0
66.35,1371.05,1.68,17.06,2.83,IrRuOx,1.29,Pt/C,0.18,Nafion_115,126.25,17.05,27602.37,27.6,2.3,238.73,14.32,88.3,90969.1675,10.85980198019802,14.229999999999999,2.5046330038971525,7.404692082111437,0.0346646571213263,3.0707999999999998,0.025320271288620952,0.1741220232668393,1.47
55.94,2475.3,1.95,20.1,2.12,IrO2,1.75,Pt/C,0.09,Nafion_115,119.83,18.63,42992.51,42.99,4.82,431.0,25.86,76.04,138468.282,20.656763748643915,17.98,3.0618392207444276,6.432098765432099,0.0861637468716482,1.8090000000000002,0.03485877726135145,0.17412030864945663,1.84
74.1,5981.17,2.5,17.55,3.55,IrO2,2.1,Pt/C,0.07,Nafion_212,48.43,20.39,57194.27,57.19,14.95,1041.44,62.49,59.2,443204.697,123.50134214329961,14.0,4.405868246484655,2.375183913683178,0.2017543859649123,1.2285000000000001,0.033738191632928474,0.1741197792405165,2.17
43.45,4861.6,2.5,15.71,4.27,IrRuOx,1.27,Pt/C,0.05,Nafion_212,51.48,17.09,84861.64,84.86,12.15,846.5,50.79,59.2,211236.52000000002,94.43667443667445,11.440000000000001,1.9611222785477793,3.0122878876535983,0.27963176064441886,0.7855000000000001,0.05753739930955121,0.1741196313970709,1.32
54.05,4506.1,2.42,5.13,3.54,IrRuOx,1.35,Pt/C,0.11,Nafion_117,186.48,18.31,61871.99,61.87,10.92,784.6,47.08,61.04,243554.70500000002,24.16398541398542,1.5899999999999999,2.3177678582059604,10.184598580010924,0.20203515263644775,0.5643,0.04477335800185014,0.17411952686358492,1.4600000000000002
41.76,1976.72,1.89,26.3,1.08,IrO2,1.66,Pt/C,0.11,Nafion_212,46.68,18.49,28402.04,28.4,3.73,344.19,20.65,78.33,82547.8272,42.34618680377035,25.22,2.5203999578656884,2.5246078961600866,0.08931992337164751,2.8930000000000002,0.04525862068965517,0.1741217774899834,1.77
73.56,1646.26,1.72,20.64,2.91,IrO2,1.09,Pt/C,0.2,Nafion_117,178.17,22.98,32530.89,32.53,2.84,286.65,17.2,85.8,121098.88560000001,9.239827131391369,17.73,2.274539686306993,7.753263707571801,0.03860793909733551,4.128,0.02338227297444263,0.17412194914533546,1.29
71.79,3643.49,2.21,11.9,1.45,IrO2,1.89,Pt/C,0.07,Nafion_212,49.55,22.59,74809.85,74.81,8.06,634.41,38.06,66.92,261566.1471,73.53158425832493,10.450000000000001,3.874733278461508,2.1934484285081894,0.11227190416492547,0.8330000000000001,0.030784231787156984,0.1741215153602727,1.96
50.27,5450.41,2.5,27.05,2.02,IrO2,1.81,Pt/C,0.09,Nafion_117,173.02,21.03,80196.15,80.2,13.63,949.03,56.94,59.2,273992.1107,31.50161831002196,25.03,2.992253687969523,8.227294341417023,0.27113586632186193,2.4345,0.04973145016908693,0.174120845954708,1.9000000000000001
65.42,3117.98,2.13,16.84,1.49,IrRuOx,1.25,Pt/C,0.19,Nafion_117,182.96,17.31,74969.47,74.97,6.65,542.9,32.57,69.36,203978.25160000002,17.04186707477044,15.35,2.4045037740547763,10.569612940496825,0.10165087129318251,3.1996,0.03255885050443289,0.174119141238879,1.44
69.97,3183.57,2.04,16.52,2.82,IrO2,1.15,Pt/C,0.19,Nafion_115,123.38,15.29,47057.9,47.06,6.49,554.32,33.26,72.61,222754.3929,25.802966445128874,13.7,2.3151209731082525,8.069326357096141,0.09275403744461913,3.1388,0.02915535229384022,0.17411899220057986,1.3399999999999999
62.07,2052.2,1.91,19.53,3.06,IrO2,1.2,Pt/C,0.09,Nafion_115,126.02,17.94,40629.82,40.63,3.92,357.33,21.44,77.49,127380.05399999999,16.284716711633074,16.470000000000002,2.2322756964231503,7.024526198439241,0.06315450298050587,1.7577,0.03077170936039955,0.1741204560958971,1.29
61.21,4200.49,2.31,20.95,1.68,IrO2,2.36,Pt/C,0.11,Nafion_117,177.74,17.53,65832.42,65.83,9.72,731.39,43.88,63.99,257111.99289999998,23.632778215370763,19.27,4.352548863081526,10.139189960068453,0.158797582094429,2.3045,0.03773893154713282,0.17412016217155618,2.4699999999999998
49.47,1713.08,1.68,17.78,2.28,Ir_black,2.53,Pt/C,0.08,Nafion_117,176.05,19.24,38541.19,38.54,2.88,298.28,17.9,87.94,84746.0676,9.730644703209315,15.500000000000002,4.149215593402926,9.150207900207901,0.05821710127349909,1.4224,0.03395997574287447,0.17411913045508673,2.61
40.18,2204.7,1.88,8.21,2.45,Ir_black,2.91,Pt/C,0.23,Nafion_115,126.96,20.87,50221.2,50.22,4.15,383.88,23.03,78.59,88584.84599999999,17.365311909262758,5.760000000000001,4.349031084883887,6.083373263057019,0.10328521652563466,1.8883000000000003,0.04678944748631159,0.1741189277452715,3.14
72.48,2580.14,1.9,12.72,2.25,IrO2,2.05,Pt/C,0.05,Nafion_212,49.35,21.5,27294.11,27.29,4.89,449.25,26.96,78.02,187008.5472,52.28247213779128,10.47,4.231852299828643,2.2953488372093025,0.06746688741721854,0.6360000000000001,0.026214128035320087,0.17411845868828824,2.0999999999999996
72.6,2908.39,2.05,24.41,1.7,IrRuOx,1.07,Pt/C,0.23,Nafion_117,178.14,21.39,68827.59,68.83,5.96,506.41,30.38,72.25,211149.11399999997,16.32642865162232,22.71,2.2114726442405455,8.328190743338007,0.08209366391184574,5.6143,0.028236914600550965,0.17412038963137683,1.3
64.58,1922.53,1.75,10.55,2.36,IrO2,1.86,Pt/C,0.15,Nafion_117,176.36,18.26,40038.36,40.04,3.37,334.75,20.09,84.33,124156.9874,10.901168065320933,8.190000000000001,3.5479731178913916,9.658269441401972,0.05218333849489006,1.5825,0.02709817280891917,0.17411951959137179,2.0100000000000002
53.97,1385.58,1.65,13.29,3.27,IrO2,2.36,Pt/C,0.12,Nafion_115,128.6,20.29,27926.78,27.93,2.29,241.26,14.48,89.57,74779.75259999999,10.77433903576983,10.02,4.048561444119544,6.33809758501725,0.04243098017417084,1.5947999999999998,0.030572540300166758,0.1741220283202702,2.48
54.4,3361.47,2.03,14.24,1.53,IrRuOx,1.05,Pt/C,0.04,Nafion_117,188.27,17.91,41773.78,41.77,6.84,585.3,35.12,72.75,182863.968,17.854517448345458,12.71,1.809028867811432,10.512004466778336,0.12573529411764706,0.5696,0.037316176470588235,0.17412025096163286,1.09
67.39,2082.02,1.8,14.36,1.57,Ir_black,2.33,Pt/C,0.11,Nafion_212,50.42,15.17,42512.09,42.51,3.75,362.52,21.75,82.27,140307.3278,41.29353431178104,12.79,4.571165785076545,3.3236651285431775,0.055646238314289956,1.5796,0.026710194390859178,0.17411936484759993,2.44
72.48,3226.69,1.96,17.02,2.22,Ir_black,1.63,Pt/C,0.1,Nafion_212,52.99,20.38,68888.65,68.89,6.32,561.83,33.71,75.57,233870.49120000002,60.89243253444046,14.799999999999999,3.3648386579125305,2.6000981354268893,0.08719646799116998,1.702,0.02704194260485651,0.17411960863919373,1.73
72.12,1574.55,1.62,25.02,4.16,IrRuOx,0.93,Pt/C,0.06,Nafion_115,120.05,13.87,21274.88,21.27,2.55,274.16,16.45,91.31,113556.546,13.115785089546023,20.86,1.9129170095607968,8.655371304974766,0.03535773710482529,1.5011999999999999,0.022462562396006656,0.17411958972404817,0.99
68.93,2799.85,2.02,10.89,3.01,IrO2,1.97,Pt/C,0.15,Nafion_117,180.79,18.61,67866.79,67.87,5.66,487.51,29.25,73.16,192993.66050000003,15.486752585873113,7.880000000000001,3.924871228810843,9.714669532509403,0.08211228782823153,1.6335,0.029305092122443057,0.17412004214511492,2.12
64.86,3013.53,2.08,8.02,3.04,IrRuOx,0.74,Pt/C,0.26,Nafion_212,46.71,18.04,29236.09,29.24,6.26,524.72,31.48,71.24,195457.5558,64.51573538856776,4.9799999999999995,1.4155171016735906,2.5892461197339247,0.09651557200123342,2.0852,0.032069071847055194,0.174121379246266,1.0
39.43,996.44,1.62,9.95,2.23,IrO2,1.21,Pt/C,0.13,Nafion_115,119.62,20.33,11645.9,11.65,1.62,173.5,10.41,91.3,39289.6292,8.330045142952685,7.719999999999999,1.7948480375476301,5.883915395966553,0.04108546791782907,1.2934999999999999,0.04108546791782907,0.17411986672554292,1.3399999999999999
45.0,2250.74,1.83,22.99,2.79,IrRuOx,0.78,Pt/C,0.16,Nafion_212,47.78,20.79,36756.04,36.76,4.13,391.9,23.51,80.68,101283.29999999999,47.10632063624947,20.2,1.2232835046823316,2.2982202982202984,0.09177777777777778,3.6784,0.04066666666666667,0.1741205114762256,0.9400000000000001
72.53,1482.67,1.68,17.59,1.2,IrO2,1.28,Pt/C,0.05,Nafion_115,132.96,17.84,24942.14,24.94,2.49,258.16,15.49,88.3,107538.05510000001,11.151248495788208,16.39,2.6436487836398954,7.452914798206279,0.034330621811664144,0.8795000000000001,0.023162829174134838,0.1741183135829281,1.33
63.74,1080.74,1.59,11.77,2.91,IrRuOx,0.68,Pt/C,0.1,Nafion_212,52.85,21.12,19210.86,19.21,1.72,188.18,11.29,92.81,68886.3676,20.449195837275308,8.86,1.2862583748291743,2.5023674242424243,0.026984625039221836,1.177,0.02494508942579228,0.17412143531284122,0.78
29.77,6415.75,2.5,21.05,3.98,IrO2,1.53,Pt/C,0.05,Nafion_115,128.22,17.76,55010.98,55.01,16.04,1117.11,67.03,59.2,190996.8775,50.037045702698485,17.07,2.0605392809378955,7.219594594594594,0.5387974470943903,1.0525,0.08397715821296607,0.17411993921209523,1.58
40.85,2200.0,1.95,22.23,2.84,IrO2,2.41,Pt/C,0.14,Nafion_115,119.34,18.86,54058.68,54.06,4.29,383.07,22.98,75.88,89870.0,18.434724317077258,19.39,3.6259877991466007,6.327677624602333,0.10501835985312118,3.1122000000000005,0.04773561811505508,0.17412272727272726,2.5500000000000003
65.52,4457.51,2.41,21.83,3.77,Ir_black,2.14,Pt/C,0.23,Nafion_212,49.41,20.53,42589.59,42.59,10.76,776.14,46.57,61.32,292056.0552,90.21473385954262,18.06,4.120629030584446,2.4067218704335116,0.16422466422466422,5.0209,0.036782661782661784,0.17411963181237955,2.37
28.54,1965.45,1.82,24.06,3.18,IrO2,1.19,Pt/C,0.15,Nafion_115,128.51,20.32,22758.07,22.76,3.58,342.22,20.53,81.21,56093.943,15.2941405338106,20.88,1.5830499068001653,6.324311023622046,0.12543798177995796,3.6089999999999995,0.06377014716187807,0.1741178864890992,1.3399999999999999
44.95,3709.27,2.22,11.12,1.69,IrRuOx,0.49,Pt/C,0.05,Nafion_115,127.88,23.25,31270.56,31.27,8.23,645.86,38.75,66.68,166731.6865,29.00586487331874,9.43,0.768088830447851,5.500215053763441,0.18309232480533927,0.5559999999999999,0.04938820912124583,0.17412051427908995,0.54
61.85,4144.78,2.31,19.68,3.92,IrO2,1.93,Pt/C,0.09,Nafion_117,170.78,17.16,69240.96,69.24,9.58,721.69,43.3,64.02,256354.64299999998,24.269703712378497,15.76,3.5823535582624633,9.952214452214452,0.15489086499595797,1.7711999999999999,0.03734842360549717,0.17412021868470706,2.02
66.38,3292.13,2.0,14.67,1.52,IrO2,1.48,Pt/C,0.12,Nafion_115,122.55,20.15,77443.38,77.44,6.58,573.23,34.39,74.05,218531.5894,26.86356589147287,13.15,2.8743946276331442,6.0818858560794045,0.0991262428442302,1.7604,0.030129557095510698,0.17412131355687654,1.6
65.17,2761.32,1.97,21.71,2.64,IrO2,2.18,Pt/C,0.1,Nafion_115,126.68,19.85,49922.58,49.92,5.43,480.8,28.85,75.22,179955.2244,21.79760025260499,19.07,4.182984039128588,6.381863979848866,0.08332054626361822,2.1710000000000003,0.030228632806506058,0.1741196239479669,2.2800000000000002
48.56,2528.15,1.91,19.13,1.75,IrO2,1.87,Pt/C,0.19,Nafion_117,182.68,22.07,52502.51,52.5,4.83,440.2,26.41,77.53,122766.964,13.839227063717976,17.38,3.0390301377052964,8.277299501585864,0.0994645799011532,3.6347,0.039332784184514,0.17411941538278977,2.06
66.98,2294.85,1.82,20.14,1.22,Ir_black,2.63,Pt/C,0.19,Nafion_117,169.02,16.47,19259.15,19.26,4.18,399.58,23.97,81.29,153709.053,13.577387291444799,18.92,5.138616327227897,10.262295081967215,0.06240668856375037,3.8266,0.02717229023589131,0.17412031287447982,2.82
49.23,5452.1,2.5,17.77,2.37,IrO2,1.32,Pt/C,0.14,Nafion_115,126.19,20.7,89341.52,89.34,13.63,949.32,56.96,59.2,268406.883,43.20548379427847,15.399999999999999,2.1596188258255347,6.096135265700483,0.2768637009953281,2.4878,0.05078204346942921,0.1741200638286165,1.46
53.38,4600.22,2.5,9.49,2.09,Ir_black,2.43,Pt/C,0.09,Nafion_212,50.43,19.61,70778.53,70.78,11.5,800.99,48.06,59.2,245559.74360000002,91.21990878445371,7.4,4.144123295760184,2.57164711881693,0.215436493068565,0.8541,0.04683402023229674,0.17411993339448983,2.52
67.98,5909.55,2.5,15.93,2.52,IrRuOx,0.73,Pt/C,0.07,Nafion_115,131.25,17.6,93689.15,93.69,14.77,1028.97,61.74,59.2,401731.20900000003,45.02514285714286,13.41,1.440642587196015,7.457386363636363,0.21726978523095025,1.1151,0.03677552221241542,0.17411985684189152,0.8
65.1,1433.45,1.65,27.42,2.75,IrO2,2.52,Pt/C,0.05,Nafion_117,183.46,19.04,14695.9,14.7,2.36,249.59,14.98,89.91,93317.595,7.813419819034122,24.67,4.8319924663903056,9.635504201680673,0.036251920122887867,1.3710000000000002,0.02534562211981567,0.1741183857127908,2.57
70.89,3975.02,2.28,24.78,1.42,IrRuOx,1.11,Pt/C,0.09,Nafion_115,129.91,18.07,72970.34,72.97,9.07,692.13,41.53,64.86,281789.1678,30.598260334077438,23.36,2.255248159197213,7.189263973436635,0.12794470306108055,2.2302,0.032162505289885734,0.17411987864212003,1.2000000000000002
65.34,5552.1,2.5,5.19,1.7,IrRuOx,0.79,Pt/C,0.1,Nafion_117,176.0,19.68,88308.57,88.31,13.88,966.73,58.0,59.2,362774.21400000004,31.546022727272728,3.49,1.5184311542516493,8.94308943089431,0.21242730333639426,0.519,0.03826140189776553,0.17411970245492694,0.89
62.5,1689.39,1.78,9.18,2.7,IrRuOx,0.74,Pt/C,0.15,Nafion_115,117.46,21.79,33245.7,33.25,3.01,294.16,17.65,83.04,105586.875,14.382683466712074,6.4799999999999995,1.3825020084998445,5.390546122074346,0.048159999999999994,1.377,0.028480000000000002,0.17412202037421792,0.89
40.23,1102.17,1.63,8.31,2.19,IrO2,1.19,Pt/C,0.15,Nafion_117,178.03,19.62,17292.43,17.29,1.79,191.91,11.51,91.01,44340.2991,6.190922878166601,6.120000000000001,1.7793592135854084,9.073904179408766,0.044494158588118324,1.2465,0.040517027094208305,0.17412014480524782,1.3399999999999999
55.17,4033.2,2.25,19.08,3.2,IrO2,1.93,Pt/C,0.05,Nafion_117,185.01,19.97,47104.64,47.1,9.08,702.26,42.14,65.77,222511.644,21.79990270796173,15.879999999999999,3.3508699641586825,9.26439659489234,0.16458220047127062,0.954,0.040783034257748776,0.1741198056134087,1.98
50.62,3196.33,2.13,21.1,2.96,Ir_black,1.74,Pt/C,0.1,Nafion_117,186.97,19.32,56959.8,56.96,6.81,556.55,33.39,69.5,161798.2246,17.09541637695887,18.14,2.88661666807066,9.677536231884059,0.13453180561043065,2.1100000000000003,0.0420782299486369,0.17412157067636946,1.84
49.57,4680.99,2.46,10.31,3.64,Ir_black,2.27,Pt/C,0.06,Nafion_117,183.55,14.98,56297.88,56.3,11.5,815.05,48.9,60.24,232036.67429999998,25.502533369654042,6.67,3.7265386669373695,12.253004005340454,0.23199515836191245,0.6186,0.04962679039741779,0.17411915000886563,2.33
76.15,1507.98,1.73,15.34,3.08,Ir_black,1.81,Pt/C,0.06,Nafion_117,182.15,17.23,32967.74,32.97,2.6,262.57,15.75,85.77,114832.67700000001,8.278781224265716,12.26,3.876089735280694,10.571677307022634,0.03414313854235062,0.9204,0.022718319107025604,0.17412034642369262,1.87
56.19,4361.65,2.39,21.68,2.38,IrO2,1.87,Pt/C,0.19,Nafion_117,181.9,19.16,75564.59,75.56,10.42,759.45,45.57,61.96,245081.11349999998,23.978284771852664,19.3,3.279983627823914,9.4937369519833,0.18544224951058907,4.1192,0.04253425876490479,0.1741198858230257,2.06
72.29,1770.96,1.8,19.22,3.02,IrRuOx,1.37,Pt/C,0.04,Nafion_115,124.22,17.89,20897.82,20.9,3.18,308.36,18.5,82.34,128022.69840000001,14.256641442601836,16.2,2.8227476084586485,6.943543879262157,0.04398948678932079,0.7687999999999999,0.024899709503389125,0.17412025116321092,1.4100000000000001
64.52,1615.33,1.69,15.89,2.05,IrO2,2.09,Pt/C,0.1,Nafion_115,126.35,16.74,39830.75,39.83,2.73,281.26,16.88,87.56,104221.09159999999,12.784566679857539,13.84,3.984309673432123,7.54778972520908,0.042312461252324865,1.5890000000000002,0.026193428394296343,0.1741192202212551,2.19
69.35,1617.96,1.78,16.65,2.11,IrO2,2.05,Pt/C,0.06,Nafion_117,188.35,19.23,26034.58,26.03,2.88,281.72,16.9,83.21,112205.526,8.59017786036634,14.54,4.10144681492143,9.794591783671347,0.041528478731074264,0.9989999999999999,0.02566690699351118,0.1741204974164998,2.11
60.27,4489.13,2.39,15.38,3.41,IrO2,1.19,Pt/C,0.21,Nafion_212,47.17,17.99,46092.31,46.09,10.74,781.65,46.9,61.87,270559.8651,95.1691753232987,11.97,2.1741837508197452,2.6220122290161205,0.17819810851169735,3.2298,0.039654886344781815,0.17412059797778187,1.4
62.79,3626.09,2.28,11.99,2.42,IrRuOx,0.51,Pt/C,0.13,Nafion_117,188.07,17.46,63512.5,63.51,8.29,631.38,37.88,64.77,227682.1911,19.280533843781573,9.57,0.9555725844841486,10.77147766323024,0.1320273928969581,1.5587,0.036311514572384136,0.17412143658872228,0.64
59.91,2973.12,2.0,16.24,3.44,IrO2,1.94,Pt/C,0.07,Nafion_115,125.39,18.98,38927.57,38.93,5.94,517.68,31.06,74.02,178119.6192,23.71098173698062,12.799999999999999,3.531730484541452,6.606427818756586,0.09914872308462695,1.1368,0.033383408446002336,0.17412011624152404,2.01
46.98,2330.98,1.99,18.37,3.54,IrO2,1.46,Pt/C,0.12,Nafion_117,186.63,16.2,47531.18,47.53,4.63,405.87,24.35,74.52,109509.44039999999,12.489846219793174,14.830000000000002,2.3355243705096425,11.52037037037037,0.09855257556406982,2.2044,0.04235845040442742,0.1741198980686235,1.58
67.29,4956.67,2.49,22.58,3.69,Ir_black,2.04,Pt/C,0.16,Nafion_117,172.97,22.22,102451.54,102.45,12.36,863.06,51.78,59.37,333534.32430000004,28.656240966641615,18.889999999999997,3.9982221821415824,7.784428442844285,0.18368256798930002,3.6128,0.03700401248328132,0.17412093199668324,2.2
51.36,2455.02,1.89,17.42,4.0,IrO2,0.78,Pt/C,0.25,Nafion_115,129.93,21.59,62596.1,62.6,4.64,427.47,25.65,78.28,126089.8272,18.89494343107827,13.420000000000002,1.3036116968905693,6.018063918480778,0.09034267912772585,4.355,0.036799065420560745,0.17412078109343307,1.03
32.76,4502.88,2.39,19.81,2.39,IrO2,1.31,Pt/C,0.07,Nafion_115,123.32,20.41,71546.38,71.55,10.76,784.04,47.04,61.96,147514.3488,36.51378527408369,17.419999999999998,1.8178002881404594,6.042136207741303,0.32844932844932845,1.3867,0.07295482295482296,0.17411967451941868,1.3800000000000001
64.97,2633.15,1.93,9.06,2.14,IrO2,0.79,Pt/C,0.21,Nafion_212,45.75,15.86,40372.26,40.37,5.09,458.48,27.51,76.5,171075.7555,57.555191256830604,6.92,1.5128233398351687,2.8846153846153846,0.0783438510081576,1.9026,0.02970601816222872,0.17411845128458311,1.0
45.94,2397.4,1.94,14.69,2.76,Ir_black,2.83,Pt/C,0.23,Nafion_115,128.09,20.86,46689.9,46.69,4.64,417.44,25.05,76.42,110136.556,18.716527441642594,11.93,4.480240426673789,6.1404602109300095,0.10100130605137135,3.3787,0.04222899434044406,0.17412196546258446,3.06
74.28,2725.79,1.99,2.95,2.25,IrRuOx,0.71,Pt/C,0.22,Nafion_212,53.03,21.09,31090.8,31.09,5.42,474.62,28.48,74.42,202471.6812,51.400905148029416,0.7000000000000002,1.4922867739498644,2.514461830251304,0.07296715131933225,0.649,0.02679052234787291,0.17412199765939415,0.9299999999999999
74.97,2126.28,1.8,11.01,2.81,IrO2,1.71,Pt/C,0.14,Nafion_117,175.78,20.8,34974.85,34.97,3.82,370.23,22.21,82.43,159407.2116,12.09625668449198,8.2,3.618984170286013,8.450961538461538,0.05095371481926104,1.5414,0.024009603841536616,0.17412100005643658,1.85
73.16,4070.62,2.27,19.09,3.12,IrRuOx,0.41,Pt/C,0.14,Nafion_117,172.5,15.96,66922.37,66.92,9.25,708.78,42.53,65.14,297806.55919999996,23.597797101449274,15.969999999999999,0.852145391608361,10.808270676691729,0.12643521049753964,2.6726,0.031027884089666485,0.17412089558838703,0.55
55.27,2888.13,2.13,28.11,3.07,IrRuOx,1.15,Pt/C,0.1,Nafion_117,179.54,20.04,30673.14,30.67,6.14,502.88,30.17,69.61,159626.9451,16.086276038765735,25.04,1.9986299930745635,8.959081836327345,0.11109100777998913,2.811,0.03853808576081056,0.17411958602971472,1.25
31.19,1885.91,1.9,7.35,2.26,IrO2,1.4,Pt/C,0.17,Nafion_117,179.56,21.3,28119.39,28.12,3.58,328.37,19.7,77.94,58821.532900000006,10.502951659612386,5.09,1.9124253181470114,8.430046948356807,0.11478037832638666,1.2495,0.06091696056428342,0.1741175347710124,1.5699999999999998
73.72,5152.17,2.5,13.77,1.82,IrRuOx,1.53,Pt/C,0.12,Nafion_115,129.74,19.67,110358.5,110.36,12.88,897.1,53.83,59.2,379817.9724,39.71149992292277,11.95,3.19781490829079,6.595831215048297,0.17471513836136734,1.6523999999999999,0.03391209983722192,0.17412080734913638,1.65
57.55,2423.13,1.91,20.67,2.39,IrRuOx,1.51,Pt/C,0.15,Nafion_115,131.75,20.06,52059.32,52.06,4.63,421.92,25.32,77.42,139451.1315,18.391878557874765,18.28,2.6848091646773176,6.567796610169492,0.08045178105994788,3.1005000000000003,0.03318853171155517,0.1741219001869483,1.66
75.72,3060.56,2.04,10.1,1.76,IrRuOx,0.79,Pt/C,0.1,Nafion_117,179.7,18.94,33094.08,33.09,6.26,532.91,31.97,72.4,231745.60319999998,17.031496939343352,8.34,1.6845149628305116,9.487856388595564,0.0826730058108822,1.01,0.02694136291600634,0.17412172935671902,0.89
75.53,5216.76,2.5,16.09,3.85,IrO2,2.39,Pt/C,0.16,Nafion_212,55.57,19.38,55535.61,55.54,13.04,908.34,54.5,59.2,394021.8828,93.87727190930359,12.24,5.086517267128912,2.867389060887513,0.17264663047795575,2.5744000000000002,0.03309943068979213,0.1741195684677846,2.5500000000000003
71.01,3425.66,2.08,19.22,2.2,Ir_black,3.38,Pt/C,0.19,Nafion_212,50.67,14.63,45240.87,45.24,7.11,596.48,35.79,71.3,243256.1166,67.60726268008683,17.02,6.875577977647038,3.4634313055365684,0.10012674271229403,3.6517999999999997,0.02929164906351218,0.1741211912448988,3.57
52.0,1396.17,1.67,17.08,1.79,IrRuOx,1.39,Pt/C,0.06,Nafion_117,178.27,20.01,30603.19,30.6,2.33,243.1,14.59,88.82,72600.84,7.831772031188646,15.29,2.3380184330814515,8.909045477261369,0.04480769230769231,1.0248,0.032115384615384615,0.17411919751892677,1.45
55.87,5569.72,2.5,9.74,1.32,IrO2,2.24,Pt/C,0.19,Nafion_117,171.94,15.5,63196.07,63.2,13.92,969.8,58.19,59.2,311180.2564,32.39339304408515,8.42,3.9164117545798547,11.09290322580645,0.24914981206371936,1.8506,0.04474673348845534,0.17412006348613573,2.43
70.95,3442.2,2.15,13.01,2.94,IrO2,1.29,Pt/C,0.12,Nafion_117,178.69,18.79,65112.15,65.11,7.4,599.36,35.96,68.81,244224.09,19.26352901673289,10.07,2.6225371272189153,9.509845662586482,0.10429880197322058,1.5612,0.0303030303030303,0.1741212015571437,1.4100000000000001
53.01,2244.67,1.91,20.3,2.91,IrO2,1.74,Pt/C,0.2,Nafion_117,178.32,17.75,24354.59,24.35,4.28,390.84,23.45,77.66,118989.9567,12.58787572902647,17.39,2.9564378459991816,10.046197183098592,0.08073948311639315,4.0600000000000005,0.03603093755895114,0.17411913555221925,1.94
45.48,1505.64,1.69,16.07,2.19,IrO2,0.91,Pt/C,0.1,Nafion_117,184.8,19.48,26294.07,26.29,2.54,262.16,15.73,87.75,68476.5072,8.147402597402598,13.88,1.434030943689663,9.486652977412732,0.055848724714160074,1.6070000000000002,0.037159190853122255,0.17411864721978693,1.01
62.12,4353.65,2.43,2.46,1.54,IrRuOx,0.52,Pt/C,0.09,Nafion_115,129.31,16.21,61963.17,61.96,10.57,758.06,45.48,60.96,270448.73799999995,33.66831644884386,0.9199999999999999,0.9678032491193455,7.977174583590376,0.1701545396007727,0.22139999999999999,0.03911783644558919,0.1741205655025094,0.61
74.07,3405.9,2.06,19.8,2.34,IrO2,2.94,Pt/C,0.22,Nafion_117,174.1,20.32,68494.29,68.49,7.01,593.04,35.58,71.91,252275.01299999998,19.562894887995405,17.46,6.166365357956937,8.56791338582677,0.09464020521128663,4.356,0.027811529634129882,0.17412137760944243,3.16
66.51,3017.25,1.96,4.79,2.13,IrO2,1.4,Pt/C,0.07,Nafion_117,180.86,21.0,38782.42,38.78,5.93,525.36,31.52,75.35,200677.29750000002,16.682793320800616,2.66,2.7225589721564383,8.612380952380953,0.08915952488347616,0.33530000000000004,0.029469252743948276,0.17411881680338057,1.47
62.56,5100.62,2.5,19.48,3.03,IrRuOx,1.26,Pt/C,0.2,Nafion_212,52.01,16.55,90231.93,90.23,12.75,888.12,53.29,59.2,319094.7872,98.0699865410498,16.45,2.3554027241113586,3.142598187311178,0.20380434782608695,3.8960000000000004,0.0399616368286445,0.17412000894008964,1.46
40.51,4319.01,2.42,10.07,2.82,IrO2,2.15,Pt/C,0.11,Nafion_115,134.64,15.83,55622.37,55.62,10.43,752.03,45.12,61.28,174963.0951,32.07820855614974,7.25,3.2238227412776,8.505369551484522,0.2574672920266601,1.1077000000000001,0.059738336213280674,0.17412092122963363,2.26
64.01,1562.53,1.79,25.73,2.24,Ir_black,2.77,Pt/C,0.12,Nafion_212,52.66,16.35,29397.23,29.4,2.8,272.07,16.32,82.7,100017.54530000001,29.672047094568935,23.490000000000002,5.253777387145418,3.2207951070336387,0.04374316513044836,3.0876,0.027964380565536632,0.17412145686802813,2.89
77.66,2162.5,1.81,13.22,1.93,IrO2,2.91,Pt/C,0.08,Nafion_117,183.8,21.67,47343.6,47.34,3.91,376.53,22.59,81.91,167939.75,11.76550598476605,11.290000000000001,6.326537456383275,8.481772035071527,0.0503476693278393,1.0576,0.023306721607004893,0.17411791907514448,2.99
43.62,1943.99,1.87,12.52,4.62,IrO2,1.28,Pt/C,0.13,Nafion_117,180.3,19.38,21988.05,21.99,3.63,338.49,20.31,79.25,84796.8438,10.781974486966167,7.8999999999999995,1.9799272031239235,9.30340557275542,0.08321870701513068,1.6276,0.042870243007794594,0.17412126605589534,1.4100000000000001
60.82,4049.44,2.28,8.77,2.44,IrO2,0.82,Pt/C,0.08,Nafion_115,128.94,19.0,87972.51,87.97,9.23,705.09,42.31,64.95,246286.9408,31.405615014735538,6.33,1.5064397136191734,6.786315789473684,0.15175928970733313,0.7016,0.03748766853008878,0.1741203721996128,0.8999999999999999
71.79,840.65,1.52,12.14,3.07,IrO2,1.51,Pt/C,0.04,Nafion_117,186.25,15.87,14340.64,14.34,1.28,146.37,8.78,97.18,60350.2635,4.513557046979866,9.07,3.095686375913692,11.735979836168873,0.01782978130658866,0.48560000000000003,0.021172865301574032,0.17411526794742166,1.55
67.82,3175.9,2.12,22.67,1.75,IrO2,1.07,Pt/C,0.08,Nafion_117,173.34,20.07,35938.54,35.94,6.72,552.99,33.18,69.92,215389.53799999997,18.321795315564785,20.92,2.108250904441976,8.63677130044843,0.09908581539368919,1.8136,0.031259215570628135,0.1741207216851916,1.1500000000000001
66.53,4158.1,2.33,28.74,2.52,IrRuOx,0.36,Pt/C,0.03,Nafion_115,125.25,21.59,62446.57,62.45,9.7,724.01,43.44,63.45,276638.39300000004,33.198403193612776,26.22,0.7002266241614603,5.801296896711441,0.14579888771982563,0.8622,0.03502179467909214,0.17412039152497533,0.39
66.7,4953.06,2.4,13.23,1.33,Ir_black,1.95,Pt/C,0.26,Nafion_115,123.14,21.25,58722.6,58.72,11.91,862.43,51.75,61.57,330369.102,40.22299821341563,11.9,3.7993476182112715,5.794823529411765,0.17856071964017992,3.4398000000000004,0.035982008995502246,0.1741206446116138,2.21
54.83,2270.39,1.95,14.5,2.56,IrO2,2.1,Pt/C,0.25,Nafion_115,128.9,19.94,42236.22,42.24,4.43,395.32,23.72,75.85,124485.48369999998,17.61357641582622,11.94,3.633648880824877,6.464393179538615,0.08079518511763632,3.625,0.035564472004377165,0.17411986486903133,2.35
51.96,4534.79,2.47,19.0,4.34,IrRuOx,1.03,Pt/C,0.1,Nafion_115,133.15,15.41,88740.27,88.74,11.2,789.6,47.38,59.92,235627.6884,34.05775441231693,14.66,1.7317956223787776,8.6404931862427,0.21555042340261737,1.9000000000000001,0.04753656658968437,0.17412052156770214,1.1300000000000001
69.76,1363.67,1.62,22.96,2.28,IrRuOx,0.78,Pt/C,0.16,Nafion_115,124.02,15.94,14914.77,14.91,2.21,237.44,14.25,91.21,95129.61920000002,10.99556523141429,20.68,1.566961886835884,7.780426599749059,0.03168004587155963,3.6736000000000004,0.023222477064220183,0.17411837174683023,0.9400000000000001
69.78,4715.13,2.44,16.69,1.39,IrRuOx,1.14,Pt/C,0.09,Nafion_117,168.05,14.95,75163.86,75.16,11.53,821.0,49.26,60.54,329021.7714,28.057899434692054,15.3,2.290633146195153,11.240802675585286,0.16523359128690168,1.5021,0.034967039266265404,0.17412033178300493,1.23
71.45,1449.18,1.7,13.61,1.35,IrO2,1.26,Pt/C,0.15,Nafion_117,177.94,17.45,29861.19,29.86,2.46,252.33,15.14,87.24,103543.91100000001,8.144205912105205,12.26,2.5743877039417082,10.197134670487106,0.0344296710986704,2.0414999999999996,0.02379286214135759,0.17411915704053327,1.41
73.09,2473.17,1.92,13.94,2.29,IrO2,0.69,Pt/C,0.18,Nafion_117,184.57,16.23,58500.12,58.5,4.75,430.63,25.84,77.13,180763.9953,13.399631576095791,11.649999999999999,1.4330948244077897,11.372150338878619,0.06498837050212067,2.5092,0.02626898344506772,0.17412066295483125,0.8699999999999999
60.57,4374.75,2.33,18.49,1.8,IrO2,2.06,Pt/C,0.24,Nafion_117,182.69,17.47,70132.79,70.13,10.18,761.73,45.7,63.57,264978.6075,23.94630247961027,16.689999999999998,3.775021140438588,10.457355466514025,0.16807000165098232,4.4376,0.03846788839359419,0.1741196639807989,2.3
60.23,1554.62,1.67,2.14,1.31,IrRuOx,1.1,Pt/C,0.1,Nafion_212,51.28,18.45,37563.49,37.56,2.6,270.69,16.24,88.42,93634.76259999999,30.31630265210608,0.8300000000000001,2.0089459465159845,2.7794037940379406,0.04316785654989208,0.21400000000000002,0.02772704632243068,0.17411972057480285,1.2000000000000002
69.45,1875.12,1.77,17.14,3.29,IrRuOx,1.28,Pt/C,0.18,Nafion_115,125.6,22.42,30577.29,30.58,3.32,326.5,19.59,83.59,130227.084,14.929299363057325,13.850000000000001,2.5634655613774084,5.602140945584299,0.04780417566594672,3.0852,0.025485961123110152,0.1741221895132045,1.46
65.11,3926.99,2.31,13.01,2.45,IrO2,0.81,Pt/C,0.08,Nafion_212,46.16,19.86,57513.54,57.51,9.06,683.77,41.03,64.16,255686.31889999998,85.07344020797227,10.559999999999999,1.5532957574349793,2.324269889224572,0.1391491322377515,1.0408,0.03547842113346644,0.17412063692548238,0.89
66.68,3914.75,2.27,20.54,2.08,IrO2,2.22,Pt/C,0.27,Nafion_117,182.58,21.31,83411.97,83.41,8.89,681.64,40.9,65.17,261035.53000000003,21.441286011611346,18.46,4.324546138854527,8.567808540591273,0.13332333533293342,5.5458,0.03404319136172765,0.17412095280669262,2.49
69.38,3507.01,2.13,7.14,3.91,Ir_black,2.31,Pt/C,0.04,Nafion_117,175.83,20.43,55346.32,55.35,7.47,610.64,36.64,69.53,243316.3538,19.94545868168117,3.2299999999999995,4.6230170104874535,8.6064610866373,0.10766791582588643,0.2856,0.030700490054770827,0.17411983427478106,2.35
72.22,3774.21,2.24,16.62,1.68,IrRuOx,1.03,Pt/C,0.13,Nafion_117,190.92,15.94,58615.47,58.62,8.47,657.17,39.43,65.94,272573.4462,19.768541797611565,14.940000000000001,2.1207266772561226,11.97741530740276,0.11728053170866796,2.1606,0.031016338964275827,0.1741212068220899,1.1600000000000001
53.92,3056.98,1.92,14.97,4.27,Ir_black,2.31,Pt/C,0.15,Nafion_117,182.85,20.59,48146.09,48.15,5.86,532.28,31.94,77.21,164832.3616,16.718512441892262,10.700000000000001,3.9608059390997865,8.88052452646916,0.10867952522255193,2.2455,0.03560830860534124,0.17411955590157605,2.46
55.49,1955.57,1.86,17.53,2.13,IrRuOx,1.46,Pt/C,0.15,Nafion_117,177.1,17.6,41606.63,41.61,3.64,340.5,20.43,79.5,108514.5793,11.042179559570863,15.400000000000002,2.5429795271021183,10.062499999999998,0.06559740493782663,2.6295,0.0335195530726257,0.1741180320827176,1.6099999999999999
40.25,2283.4,1.81,6.13,3.84,IrO2,1.76,Pt/C,0.05,Nafion_212,48.17,20.02,47856.75,47.86,4.13,397.59,23.86,81.86,91906.85,47.40294789287939,2.29,2.6321837083959,2.4060939060939064,0.10260869565217391,0.3065,0.044968944099378884,0.17412192344749056,1.81
62.83,1690.89,1.72,16.48,2.82,IrRuOx,1.05,Pt/C,0.23,Nafion_115,126.54,18.12,24938.65,24.94,2.9,294.42,17.67,86.15,106238.6187,13.36249407302039,13.66,1.9681424205345879,6.983443708609271,0.04615629476364794,3.7904000000000004,0.027375457583956708,0.17412132072458883,1.28
34.43,5235.72,2.5,16.19,3.56,IrRuOx,1.86,Pt/C,0.06,Nafion_115,125.8,23.68,73255.38,73.26,13.09,911.65,54.7,59.2,180265.8396,41.619395866454695,12.63,2.6244634830001345,5.3125,0.3801916932907348,0.9714,0.07261109497531223,0.17412122878992764,1.9200000000000002
58.95,3236.4,2.03,16.18,4.56,IrO2,2.04,Pt/C,0.14,Nafion_115,132.58,17.5,51034.61,51.03,6.57,563.52,33.81,72.88,190785.78000000003,24.41092170764821,11.620000000000001,3.6782967591683082,7.5760000000000005,0.11145038167938931,2.2652,0.034435962680237485,0.17411939191694475,2.18
61.65,2486.57,1.98,16.87,2.08,IrRuOx,0.9,Pt/C,0.07,Nafion_212,50.56,17.64,41731.66,41.73,4.92,432.96,25.98,74.81,153297.0405,49.18057753164557,14.790000000000001,1.667189849725945,2.866213151927438,0.07980535279805352,1.1809000000000003,0.032116788321167884,0.1741193692516197,0.97
51.63,2723.11,1.96,18.14,4.32,IrRuOx,1.21,Pt/C,0.08,Nafion_117,176.34,22.25,35159.49,35.16,5.34,474.15,28.45,75.46,140594.1693,15.442384030849496,13.82,2.0277369324917904,7.925393258426967,0.10342823939570017,1.4512,0.03796242494673639,0.17412076632967452,1.29
63.24,5661.21,2.5,20.79,2.29,IrO2,1.49,Pt/C,0.12,Nafion_117,189.45,14.38,114384.92,114.38,14.15,985.73,59.14,59.2,358014.9204,29.88234362628662,18.5,2.80436216218747,13.174547983310152,0.22375079063883618,2.4947999999999997,0.039531941808981653,0.17412002027835038,1.6099999999999999
33.69,1570.04,1.74,11.47,2.28,IrRuOx,0.7,Pt/C,0.1,Nafion_117,180.25,20.35,24655.44,24.66,2.72,273.38,16.4,85.3,52894.6476,8.710346740638002,9.190000000000001,0.9804192977849362,8.857493857493857,0.0807361234787771,1.147,0.051647373107747106,0.17412295228147054,0.7999999999999999
34.61,3249.24,2.15,21.28,2.19,IrRuOx,1.07,Pt/C,0.06,Nafion_212,52.31,20.52,45487.07,45.49,6.97,565.76,33.95,68.95,112456.19639999999,62.115083158095956,19.09,1.512492040566763,2.5492202729044835,0.2013868824039295,1.2768,0.062120774342675524,0.17412071746008298,1.1300000000000001
70.12,2901.25,2.01,15.23,2.65,Ir_black,2.98,Pt/C,0.06,Nafion_212,48.18,21.32,31786.78,31.79,5.83,505.17,30.31,73.6,203435.65000000002,60.21689497716895,12.58,6.008188570380545,2.2598499061913695,0.08314318311466058,0.9138,0.02866514546491728,0.17412149935372684,3.04
54.86,3365.37,2.07,6.59,1.79,IrO2,2.48,Pt/C,0.1,Nafion_117,181.82,22.94,43473.24,43.47,6.95,585.98,35.16,71.67,184624.19819999998,18.509349906500937,4.8,4.292453840366094,7.925893635571054,0.12668611009843236,0.659,0.03773240977032446,0.17412052760914848,2.58
42.73,670.82,1.57,5.88,2.69,IrO2,1.42,Pt/C,0.17,Nafion_212,50.93,22.96,16183.03,16.18,1.05,116.8,7.01,94.19,28664.1386,13.171411741606127,3.19,2.1770197876283004,2.2182055749128917,0.024572899602153055,0.9996,0.036742335595600285,0.1741152619182493,1.5899999999999999
60.95,4914.87,2.45,12.65,2.65,IrRuOx,0.99,Pt/C,0.22,Nafion_212,44.33,15.24,67279.48,67.28,12.06,855.78,51.35,60.29,299561.3265,110.87006541845251,10.0,1.8211162989668557,2.908792650918635,0.19786710418375716,2.783,0.04019688269073011,0.17412057694303207,1.21
68.65,5480.8,2.5,20.33,3.31,IrO2,1.23,Pt/C,0.05,Nafion_117,190.08,21.2,65633.59,65.63,13.7,954.32,57.26,59.2,376256.92000000004,28.834175084175083,17.02,2.4437021631645877,8.966037735849058,0.19956300072833208,1.0165,0.03641660597232338,0.17412056634068018,1.28
48.11,3154.81,2.07,18.72,3.59,IrRuOx,1.9,Pt/C,0.1,Nafion_117,186.45,20.06,48580.44,48.58,6.52,549.32,32.96,71.63,151777.9091,16.92040761598284,15.129999999999999,3.0739208180259414,9.294616151545364,0.13552276034088545,1.8719999999999999,0.04302639783828725,0.17412142094135624,2.0
64.26,3788.48,2.29,20.41,2.41,IrRuOx,1.8,Pt/C,0.05,Nafion_115,125.01,20.06,51942.87,51.94,8.68,659.65,39.58,64.57,243447.72480000003,30.305415566754657,18.0,3.422552661459997,6.231804586241277,0.13507625272331153,1.0205,0.0356364768129474,0.1741199636793648,1.85
39.53,5376.73,2.5,15.51,2.11,IrO2,1.85,Pt/C,0.04,Nafion_212,46.69,16.14,49831.44,49.83,13.44,936.2,56.17,59.2,212542.13689999998,115.15806382523024,13.4,2.7469347100169945,2.892812887236679,0.3399949405514799,0.6204,0.06324310650139135,0.17412070161603801,1.8900000000000001
36.31,3845.02,2.24,14.37,2.02,IrRuOx,1.35,Pt/C,0.15,Nafion_117,181.74,20.08,53384.55,53.38,8.62,669.5,40.17,66.05,139612.67620000002,21.156707384175196,12.35,1.9410025005209963,9.050796812749006,0.23740016524373447,2.1555,0.06169099421646929,0.1741213309683695,1.5
61.26,1566.41,1.69,8.74,1.88,IrRuOx,1.22,Pt/C,0.13,Nafion_212,50.26,23.12,25709.77,25.71,2.65,272.74,16.36,87.49,95958.2766,31.166136092319938,6.86,2.2511717506950357,2.1738754325259513,0.04325824355207313,1.1362,0.027587332680378714,0.1741178873985738,1.35
61.58,3204.45,2.07,12.54,1.48,IrO2,1.76,Pt/C,0.06,Nafion_117,181.78,22.03,52905.7,52.91,6.63,557.96,33.48,71.52,197330.031,17.6281769171526,11.059999999999999,3.2580009737192803,8.251475261007716,0.10766482624228646,0.7524,0.03361481000324781,0.1741203638689947,1.82
64.72,3343.27,2.22,14.27,2.19,Ir_black,1.37,Pt/C,0.07,Nafion_212,50.57,18.81,47600.44,47.6,7.42,582.13,34.93,66.72,216376.4344,66.11172631995254,12.08,2.6169531987547203,2.6884635832004253,0.11464771322620519,0.9989,0.03430160692212608,0.17411994843371909,1.4400000000000002
67.39,2575.12,1.95,7.0,2.04,IrRuOx,0.91,Pt/C,0.04,Nafion_115,129.53,14.75,39254.64,39.25,5.03,448.38,26.9,75.74,173537.3368,19.880491005944567,4.96,1.7853050920256033,8.781694915254237,0.0746401543255676,0.28,0.028936043923430774,0.1741200410077977,0.9500000000000001
76.36,4006.52,2.28,10.46,4.37,IrRuOx,1.16,Pt/C,0.19,Nafion_115,134.24,18.28,99367.84,99.37,9.12,697.62,41.86,65.01,305937.8672,29.845947556615016,6.090000000000001,2.489345949572763,7.343544857768053,0.11943425877422734,1.9874000000000003,0.029858564693556834,0.17412118247256972,1.3499999999999999
60.75,5506.17,2.5,16.78,2.7,IrRuOx,1.17,Pt/C,0.26,Nafion_212,51.7,21.24,79627.99,79.63,13.77,958.74,57.52,59.2,334499.8275,106.50232108317215,14.080000000000002,2.1479281982063196,2.4340866290018837,0.22666666666666666,4.3628,0.0411522633744856,0.17412103149739291,1.43
53.27,5409.19,2.5,19.28,2.2,IrO2,1.47,Pt/C,0.06,Nafion_212,46.85,20.38,71149.36,71.15,13.52,941.85,56.51,59.2,288147.5513,115.45763073639273,17.080000000000002,2.5041826673346796,2.298822374877331,0.25380138914961514,1.1568,0.046930730242162565,0.17412033964419812,1.53
69.36,2678.95,1.94,29.15,2.76,Ir_black,3.03,Pt/C,0.07,Nafion_212,54.09,18.95,34759.0,34.76,5.21,466.46,27.99,76.14,185811.97199999998,49.5276391199852,26.39,6.062744707188218,2.854353562005277,0.07511534025374855,2.0405,0.027970011534025375,0.1741204576419866,3.0999999999999996
50.89,1377.3,1.67,24.61,1.75,IrRuOx,0.63,Pt/C,0.2,Nafion_117,188.2,15.06,21162.14,21.16,2.29,239.82,14.39,88.83,70090.79699999999,7.318278427205101,22.86,1.0479800405108812,12.49667994687915,0.044999017488701124,4.922000000000001,0.0328158773825899,0.17412328468743193,0.8300000000000001
57.96,6282.09,2.5,17.53,2.42,IrRuOx,0.96,Pt/C,0.23,Nafion_115,142.76,18.73,123004.2,123.0,15.71,1093.84,65.63,59.2,364109.9364,44.004553096105354,15.110000000000001,1.7139111919121266,7.621996796583021,0.27104899930986887,4.0319,0.04313319530710835,0.17412039623755787,1.19
38.93,4659.6,2.44,14.08,2.88,Ir_black,2.42,Pt/C,0.1,Nafion_117,174.38,19.01,58223.76,58.22,11.37,811.33,48.68,60.63,181398.228,26.720954237871318,11.2,3.571792391228776,9.173066806943712,0.29206267659902385,1.4080000000000001,0.06267659902388903,0.1741200961455919,2.52
32.92,1435.26,1.74,17.42,2.52,IrO2,1.93,Pt/C,0.04,Nafion_115,128.21,22.23,26902.83,26.9,2.5,249.91,14.99,84.88,47248.7592,11.194602605101005,14.900000000000002,2.6824216919776265,5.767431399010347,0.07594167679222356,0.6968000000000001,0.0528554070473876,0.17412176191073395,1.97
75.47,5359.46,2.5,20.34,2.32,IrRuOx,1.13,Pt/C,0.04,Nafion_115,116.59,20.03,46938.77,46.94,13.4,933.19,55.99,59.2,404478.4462,45.968436401063556,18.02,2.4034798692632973,5.820768846729905,0.17755399496488672,0.8136,0.03312574532926991,0.17412015389610147,1.17
70.5,4896.78,2.5,7.93,4.73,IrO2,1.33,Pt/C,0.13,Nafion_115,129.77,17.9,73064.56,73.06,12.24,852.63,51.16,59.2,345222.99,37.73429914464051,3.1999999999999993,2.691716090946722,7.249720670391063,0.17361702127659576,1.0309,0.03546099290780142,0.17412054452109346,1.46
66.5,2955.31,2.02,13.9,3.8,IrO2,1.12,Pt/C,0.1,Nafion_115,124.26,19.36,58724.27,58.72,5.97,514.58,30.87,73.3,196528.115,23.783276999839046,10.100000000000001,2.177829383897251,6.418388429752066,0.08977443609022556,1.3900000000000001,0.03037593984962406,0.17412048143849548,1.2200000000000002
56.81,3272.18,2.11,21.65,2.87,IrO2,1.83,Pt/C,0.04,Nafion_212,55.77,15.26,45969.53,45.97,6.9,569.75,34.19,70.15,185892.5458,58.67276313430159,18.779999999999998,3.229786276739762,3.6546526867627787,0.12145748987854252,0.866,0.037141348354162995,0.17411939440984298,1.87
45.71,2479.61,1.83,13.48,2.73,Ir_black,2.27,Pt/C,0.13,Nafion_117,176.13,22.9,41322.73,41.32,4.55,431.75,25.91,80.67,113342.9731,14.078294441605633,10.75,3.585435092828936,7.691266375545852,0.0995405819295559,1.7524000000000002,0.040035003281557645,0.17412012372913482,2.4
44.68,1018.71,1.65,16.35,2.87,Ir_black,1.67,Pt/C,0.03,Nafion_115,118.55,18.27,12715.46,12.72,1.68,177.38,10.64,89.95,45515.9628,8.593083087304935,13.48,2.610713684853592,6.488779419813903,0.03760071620411817,0.49050000000000005,0.03692927484333035,0.17412217412217412,1.7
49.89,2245.71,1.89,16.61,1.9,IrRuOx,1.2,Pt/C,0.18,Nafion_117,177.64,19.07,43295.75,43.3,4.25,391.02,23.46,78.14,112038.4719,12.64191623508219,14.709999999999999,1.9762904092957032,9.315154693235447,0.08518741230707556,2.9898,0.037883343355381835,0.17411865289819253,1.38
61.87,4410.99,2.41,9.65,2.31,IrRuOx,0.92,Pt/C,0.08,Nafion_117,170.12,18.23,43079.8,43.08,10.64,768.04,46.08,61.35,272907.95129999996,25.92869739007759,7.34,1.7079919650652264,9.331870543060889,0.1719734928074996,0.772,0.038952642637788915,0.17411964207581518,1.0
67.06,438.11,1.5,13.13,1.4,IrRuOx,1.15,Pt/C,0.04,Nafion_117,183.76,20.26,9376.94,9.38,0.66,76.28,4.58,98.67,29379.656600000002,2.384142359599478,11.73,2.2487217470906122,9.070088845014807,0.009841932597673726,0.5252,0.022368028631076647,0.1741115245029787,1.19
65.42,2239.64,1.96,12.65,2.49,Ir_black,2.72,Pt/C,0.13,Nafion_212,43.8,20.14,27750.08,27.75,4.4,389.97,23.4,75.35,146517.2488,51.13333333333333,10.16,5.232200212343194,2.1747765640516383,0.06725771935188016,1.6445,0.02996025680220116,0.17412173385008306,2.85
51.32,2476.48,1.92,4.26,2.66,IrO2,1.15,Pt/C,0.1,Nafion_212,50.09,20.46,54260.64,54.26,4.76,431.2,25.87,77.03,127092.95360000001,49.44060690756638,1.5999999999999996,1.9212229614870153,2.4481915933528837,0.09275136399064692,0.426,0.03741231488698363,0.17411810311409742,1.25
75.02,3034.08,2.09,4.13,1.95,IrO2,0.72,Pt/C,0.26,Nafion_212,43.77,17.54,43067.87,43.07,6.34,528.29,31.7,70.87,227616.68159999998,69.31871144619602,2.1799999999999997,1.5245448904503507,2.4954389965792476,0.0845107971207678,1.0738,0.02785923753665689,0.17411867847914358,0.98
67.74,5349.27,2.5,21.44,4.34,IrO2,2.09,Pt/C,0.12,Nafion_212,49.04,17.93,101419.23,101.42,13.37,931.42,55.89,59.2,362359.5498,109.0797308319739,17.1,4.114692340554937,2.7350808700501954,0.19737230587540597,2.5728,0.036905816356657815,0.17412095482187287,2.21
62.04,2285.74,1.9,11.53,3.96,IrRuOx,1.08,Pt/C,0.08,Nafion_117,188.22,16.11,31639.6,31.64,4.35,397.99,23.88,77.72,141807.30959999998,12.143980448411432,7.569999999999999,2.0084455027409267,11.683426443202979,0.07011605415860735,0.9224,0.030625402965828497,0.17411866616500565,1.1600000000000001
63.91,2287.93,1.82,15.52,3.17,IrRuOx,1.19,Pt/C,0.16,Nafion_117,181.8,20.11,51998.35,52.0,4.16,398.38,23.9,81.33,146221.60629999998,12.584873487348734,12.35,2.254782029085975,9.04027846842367,0.06509153497105305,2.4832,0.028477546549835708,0.17412246004029844,1.3499999999999999
57.23,4012.53,2.24,12.01,2.63,IrO2,2.22,Pt/C,0.08,Nafion_115,122.68,14.75,45373.6,45.37,9.01,698.66,41.92,65.94,229637.0919,32.70728725138572,9.379999999999999,3.9345920167997583,8.317288135593222,0.15743491175956667,0.9608,0.03914031102568583,0.1741195704455792,2.3000000000000003
49.76,2684.38,2.07,24.92,3.75,IrO2,2.14,Pt/C,0.22,Nafion_115,126.84,19.78,32522.97,32.52,5.57,467.4,28.04,71.38,133574.7488,21.163513087354147,21.17,3.5198058401266503,6.412537917087968,0.11193729903536978,5.4824,0.04159967845659164,0.17411841840573986,2.3600000000000003
54.68,1858.06,1.77,11.26,1.72,IrRuOx,1.71,Pt/C,0.09,Nafion_115,127.09,21.61,29324.27,29.32,3.29,323.53,19.41,83.47,101598.7208,14.620033047446691,9.54,2.9543934588425964,5.881073577047664,0.060168251645940016,1.0133999999999999,0.032370153621068036,0.17412247182545235,1.8
68.31,2685.25,1.97,14.21,3.41,IrO2,1.68,Pt/C,0.12,Nafion_117,182.36,21.81,28099.7,28.1,5.29,467.56,28.05,75.12,183429.42750000002,14.724994516341301,10.8,3.326410495785044,8.361302154974783,0.07744107744107744,1.7052,0.028839115795637534,0.17412159016851317,1.7999999999999998
30.97,1513.05,1.77,22.56,1.71,IrRuOx,0.95,Pt/C,0.04,Nafion_115,120.17,18.88,18701.52,18.7,2.68,263.45,15.81,83.59,46859.1585,12.590912873429309,20.849999999999998,1.2948653405486366,6.364936440677966,0.08653535679690023,0.9024,0.05715208266063933,0.17411850236277718,0.99
41.95,1669.35,1.78,21.71,3.43,Ir_black,2.0,Pt/C,0.1,Nafion_115,129.96,18.95,39930.69,39.93,2.97,290.67,17.44,83.3,70029.2325,12.845106186518928,18.28,3.042401530108631,6.858047493403695,0.07079856972586412,2.1710000000000003,0.04243146603098927,0.17412166412076557,2.1
35.67,2870.17,2.04,9.69,2.05,IrO2,1.12,Pt/C,0.19,Nafion_117,166.48,15.43,72776.28,72.78,5.86,499.75,29.99,72.48,102378.9639,17.24032916866891,7.64,1.6000400902002776,10.789371354504212,0.16428371180263526,1.8411,0.05719091673675357,0.17411860621496286,1.31
35.04,2555.17,1.98,20.73,3.79,IrO2,1.73,Pt/C,0.18,Nafion_115,123.85,20.19,36921.57,36.92,5.06,444.91,26.69,74.71,89533.1568,20.631166733952362,16.94,2.4559690502350993,6.134224863793957,0.1444063926940639,3.7314,0.0565068493150685,0.1741214870243467,1.91
71.08,5298.46,2.5,14.64,4.18,IrRuOx,0.75,Pt/C,0.07,Nafion_115,124.56,21.2,123121.93,123.12,13.25,922.57,55.35,59.2,376614.5368,42.53741168914579,10.46,1.5267143270283543,5.875471698113208,0.18640967923466517,1.0248000000000002,0.03517163759144626,0.17412040479686552,0.8200000000000001
66.73,2343.97,1.88,15.0,1.77,IrRuOx,1.59,Pt/C,0.07,Nafion_115,130.17,17.34,38493.31,38.49,4.41,408.13,24.49,78.74,156413.1181,18.006990858108626,13.23,3.0988591146873428,7.506920415224913,0.06608721714371348,1.05,0.028173235426344968,0.1741191226850173,1.6600000000000001
59.26,3223.76,2.1,8.36,2.46,IrRuOx,1.05,Pt/C,0.19,Nafion_117,180.11,18.7,42841.24,42.84,6.78,561.32,33.68,70.4,191040.01760000002,17.89883959802343,5.8999999999999995,1.8991191324489884,9.631550802139039,0.11441106986162673,1.5883999999999998,0.03543705703678704,0.17411966151326402,1.24
40.56,3464.04,2.22,6.72,4.52,Ir_black,2.26,Pt/C,0.23,Nafion_212,45.78,21.34,64553.18,64.55,7.69,603.16,36.19,66.71,140501.46240000002,75.66710353866317,2.2,3.390457314356629,2.145267104029991,0.1895956607495069,1.5456,0.05473372781065089,0.17412039121950093,2.4899999999999998
59.88,600.35,1.54,19.12,2.51,IrO2,1.44,Pt/C,0.05,Nafion_117,175.08,21.67,10791.41,10.79,0.93,104.53,6.27,95.89,35948.958000000006,3.429003883938771,16.61,2.6207043396925878,8.0793724042455,0.015531062124248497,0.9560000000000001,0.02571810287241149,0.17411509952527693,1.49
59.23,3617.73,2.24,15.2,3.72,IrRuOx,0.44,Pt/C,0.11,Nafion_117,180.99,17.33,94772.35,94.77,8.11,629.92,37.8,66.01,214278.14789999998,19.988562904027845,11.479999999999999,0.7955826401436861,10.443739180611658,0.13692385615397604,1.672,0.03781867296977883,0.17412023561736226,0.55
45.7,1676.2,1.78,14.32,2.78,IrRuOx,0.39,Pt/C,0.09,Nafion_212,49.76,19.51,22183.15,22.18,2.99,291.86,17.51,83.06,76602.34000000001,33.685691318327976,11.540000000000001,0.615938264857282,2.5504869297796,0.06542669584245077,1.2888,0.03894967177242888,0.1741200334089011,0.48
57.77,5849.52,2.5,19.15,2.26,Ir_black,2.03,Pt/C,0.21,Nafion_115,124.1,16.85,106287.37,106.29,14.62,1018.52,61.11,59.2,337926.77040000004,47.13553585817889,16.89,3.6173285835069198,7.3649851632047465,0.25307252899428767,4.0215,0.043275056257573136,0.17412026969734268,2.2399999999999998
56.41,1548.94,1.79,19.9,2.07,IrO2,0.96,Pt/C,0.05,Nafion_117,177.6,15.8,15117.16,15.12,2.77,269.7,16.18,82.61,87375.70539999999,8.72150900900901,17.83,1.6875503923967927,11.240506329113924,0.04910476865803936,0.995,0.031731962418010996,0.1741190749803091,1.01
64.04,2538.75,1.87,9.03,1.9,IrRuOx,1.08,Pt/C,0.07,Nafion_115,130.48,22.02,28131.37,28.13,4.75,442.05,26.52,79.04,162581.55000000002,19.45700490496628,7.129999999999999,2.049018793267005,5.925522252497729,0.07417239225484072,0.6321,0.02920049968769519,0.17412112259970458,1.1500000000000001
64.65,1222.1,1.64,16.98,3.31,IrRuOx,1.49,Pt/C,0.17,Nafion_115,124.41,21.19,9476.63,9.48,2.01,212.79,12.77,90.16,79008.765,9.82316534040672,13.67,2.8441837511344,5.8711656441717786,0.03109048723897911,2.8866000000000005,0.025367362722351117,0.1741183209230014,1.66
35.59,6674.0,2.5,8.41,2.29,IrO2,2.34,Pt/C,0.04,Nafion_212,49.74,20.75,184106.73,184.11,16.69,1162.08,69.72,59.2,237527.66000000003,134.17772416566143,6.12,3.340267619473555,2.3971084337349398,0.46895195279572915,0.33640000000000003,0.0702444506883956,0.17412046748576565,2.38
55.45,2885.95,2.02,19.6,2.58,IrO2,1.87,Pt/C,0.11,Nafion_212,56.51,14.94,58768.65,58.77,5.82,502.5,30.15,73.45,160025.9275,51.069722173066715,17.020000000000003,3.255801333817608,3.782463186077644,0.10495942290351667,2.156,0.03642921550946799,0.17411944073875155,1.9800000000000002
64.36,3290.97,2.12,17.78,2.53,Ir_black,1.73,Pt/C,0.1,Nafion_115,119.88,21.38,66048.78,66.05,6.97,573.02,34.38,69.84,211806.82919999998,27.4522022022022,15.250000000000002,3.292744489958475,5.60710944808232,0.10829707893101305,1.7780000000000002,0.032939714108141706,0.1741188768053188,1.83
60.29,1106.1,1.62,25.66,2.75,IrO2,2.28,Pt/C,0.09,Nafion_115,117.74,18.81,17680.77,17.68,1.79,192.59,11.56,91.35,66686.769,9.394428401562765,22.91,4.166496200679648,6.259436469962786,0.02968983247636424,2.3094,0.026870127716039145,0.17411626435222857,2.3699999999999997
71.12,4084.29,2.3,6.29,3.73,IrO2,2.35,Pt/C,0.1,Nafion_117,183.92,18.13,55683.41,55.68,9.39,711.16,42.67,64.37,290474.7048,22.20688342757721,2.56,4.785618756059477,10.144511858797573,0.13203037120359956,0.629,0.032339707536557925,0.17412083862801123,2.45
65.38,1802.89,1.84,5.81,4.52,IrO2,1.2,Pt/C,0.12,Nafion_117,176.61,19.49,21109.34,21.11,3.32,313.92,18.84,80.44,117872.9482,10.208312100107582,1.29,2.3074004782846185,9.061570035915855,0.05078005506271031,0.6971999999999999,0.028143163046803307,0.17412043996028598,1.3199999999999998
45.08,5138.24,2.5,11.7,2.33,Ir_black,2.51,Pt/C,0.06,Nafion_115,125.41,15.65,69166.16,69.17,12.85,894.67,53.68,59.2,231631.85919999998,40.97153337054461,9.37,3.9396140164531133,8.013418530351437,0.2850488021295475,0.702,0.0554569653948536,0.17411993211683377,2.57
38.22,1784.58,1.77,11.31,3.56,IrRuOx,0.76,Pt/C,0.13,Nafion_115,123.09,20.73,25781.26,25.78,3.16,310.73,18.64,83.61,68206.6476,14.498172069217645,7.75,1.1137839192106982,5.937771345875543,0.0826792255363684,1.4703000000000002,0.046310832025117744,0.17411940064328862,0.89
64.87,1727.75,1.79,11.01,3.32,IrRuOx,1.35,Pt/C,0.18,Nafion_115,125.7,19.7,33733.0,33.73,3.09,300.84,18.05,82.65,112079.1425,13.74502784407319,7.6899999999999995,2.5826205292204496,6.380710659898478,0.04763372899645444,1.9817999999999998,0.027593648836133803,0.1741224135436261,1.53
33.1,868.86,1.64,23.61,2.74,IrO2,2.9,Pt/C,0.17,Nafion_117,187.99,16.79,14211.77,14.21,1.42,151.29,9.08,90.45,28759.266000000003,4.621841587318475,20.869999999999997,4.037843397693763,11.196545562835022,0.04290030211480362,4.0137,0.04954682779456193,0.17412471514398176,3.07
63.08,2763.29,1.92,11.07,4.27,IrRuOx,0.38,Pt/C,0.06,Nafion_117,184.01,16.81,28652.13,28.65,5.31,481.14,28.87,77.04,174308.3332,15.01706428998424,6.800000000000001,0.71406304211489,10.946460440214159,0.08417882054533925,0.6642,0.030437539632213063,0.17411853261872623,0.44
74.27,3153.52,2.09,11.51,1.9,IrRuOx,1.53,Pt/C,0.06,Nafion_115,131.31,16.77,27192.55,27.19,6.59,549.09,32.95,70.78,234211.93039999998,24.015840377732083,9.61,3.2154513460316787,7.83005366726297,0.08873030833445537,0.6906,0.02814056819711862,0.174119713843578,1.59
62.74,1096.81,1.63,19.77,1.66,IrRuOx,1.1,Pt/C,0.08,Nafion_117,172.92,15.1,11924.71,11.92,1.79,190.98,11.46,90.54,68813.8594,6.342875318066158,18.11,2.060008645843984,11.451655629139072,0.028530443098501754,1.5816,0.025980235894166398,0.17412313892105288,1.1800000000000002
56.0,4237.38,2.31,14.51,3.68,Ir_black,3.18,Pt/C,0.09,Nafion_212,46.55,19.73,62825.41,62.83,9.8,737.81,44.27,63.97,237293.28,91.02857142857144,10.83,5.5671385509416025,2.3593512417638114,0.17500000000000002,1.3058999999999998,0.04125,0.1741193850917312,3.27
64.9,2688.6,2.03,20.14,2.41,IrO2,1.58,Pt/C,0.1,Nafion_117,165.8,21.35,63328.25,63.33,5.46,468.14,28.09,72.83,174490.14,16.21592279855247,17.73,3.0235294681050693,7.765807962529274,0.08412942989214175,2.0140000000000002,0.031278890600924494,0.17412036003868184,1.6800000000000002
58.68,2978.72,2.03,6.15,3.64,IrRuOx,1.43,Pt/C,0.15,Nafion_115,122.95,14.16,52618.28,52.62,6.04,518.65,31.12,72.95,174791.2896,24.227084180561203,2.5100000000000002,2.5714615770343,8.682909604519773,0.1029311520109066,0.9225,0.034594410361281525,0.1741184132781866,1.5799999999999998
61.75,2639.49,1.96,15.07,3.87,IrO2,0.89,Pt/C,0.04,Nafion_212,52.87,14.94,53726.92,53.73,5.18,459.59,27.58,75.45,162988.50749999998,49.92415358426329,11.2,1.6503150081879914,3.538821954484605,0.08388663967611336,0.6028,0.03174089068825911,0.174120758176769,0.93
74.33,2486.24,1.9,4.69,1.5,IrRuOx,0.8,Pt/C,0.04,Nafion_117,182.58,19.64,38451.0,38.45,4.72,432.9,25.97,77.94,184802.2192,13.617263665242632,3.1900000000000004,1.6822908213000334,9.29633401221996,0.06350060540831427,0.18760000000000002,0.02556168438046549,0.17411834738400156,0.8400000000000001
55.91,3130.6,2.07,6.04,3.82,IrO2,0.91,Pt/C,0.1,Nafion_115,125.89,21.18,44743.71,44.74,6.5,545.1,32.71,71.33,175031.846,24.86774167924378,2.22,1.5916788195085398,5.943814919735599,0.11625827222321589,0.6040000000000001,0.03702378823108567,0.17411997700121384,1.01
75.38,1578.46,1.64,23.62,2.43,IrO2,2.7,Pt/C,0.16,Nafion_117,179.89,18.02,17340.0,17.34,2.59,274.84,16.49,90.09,118984.3148,8.774584468286175,21.19,5.737661786146501,9.982796892341842,0.03435924648447864,3.7792000000000003,0.021756434067391882,0.17411907808877006,2.8600000000000003
72.78,1692.25,1.65,8.52,2.58,IrO2,2.17,Pt/C,0.06,Nafion_115,123.56,18.19,37140.83,37.14,2.8,294.65,17.68,89.46,123161.955,13.695775331822595,5.9399999999999995,4.493029372923316,6.792743265530511,0.03847210772190162,0.5112,0.02267106347897774,0.17411729945339044,2.23
47.01,4832.22,2.5,15.74,2.88,IrRuOx,1.44,Pt/C,0.14,Nafion_115,128.02,19.78,96663.04,96.66,12.08,841.39,50.48,59.2,227162.6622,37.745820965474145,12.86,2.3042220489171643,6.472194135490395,0.25696660285045736,2.2036000000000002,0.05318017443097214,0.17412079748024717,1.58
38.1,5646.46,2.5,13.92,4.06,IrO2,2.52,Pt/C,0.07,Nafion_115,130.83,17.6,67555.65,67.56,14.12,983.16,58.99,59.2,215130.12600000002,43.158755637086294,9.86,3.6886439656325165,7.433522727272727,0.3706036745406824,0.9744,0.06561679790026247,0.17411971394466622,2.59
40.79,2384.0,1.87,12.88,1.28,IrRuOx,0.5,Pt/C,0.21,Nafion_115,118.92,14.43,38181.73,38.18,4.45,415.1,24.91,79.23,97243.36,20.047090480995628,11.600000000000001,0.75182839398639,8.241164241164242,0.10909536651139987,2.7048,0.04584456974748713,0.17411912751677852,0.71
31.72,2020.57,1.74,23.4,2.49,IrO2,1.48,Pt/C,0.22,Nafion_212,50.9,20.59,31751.97,31.75,3.51,351.82,21.11,85.29,64092.48039999999,39.696856581532415,20.909999999999997,2.0324502558545543,2.4720738222438077,0.11065573770491803,5.148,0.05485498108448928,0.17411918419059969,1.7
40.29,3520.92,2.15,3.98,3.06,IrO2,0.92,Pt/C,0.08,Nafion_117,184.66,19.94,61584.53,61.58,7.56,613.06,36.78,68.91,141857.8668,19.067042131484893,0.9199999999999999,1.3764646869792454,9.260782347041122,0.18763961280714817,0.3184,0.053363117398858274,0.17411926428319868,1.0
66.11,2516.36,1.86,17.91,3.18,IrRuOx,0.68,Pt/C,0.07,Nafion_117,177.92,19.69,60413.7,60.41,4.67,438.15,26.29,79.72,166356.5596,14.143210431654678,14.73,1.317106808325018,9.036058913153884,0.0706398426864317,1.2537,0.02813492663742248,0.17412055508750734,0.75
38.27,757.43,1.63,26.01,3.08,IrO2,1.26,Pt/C,0.1,Nafion_212,52.1,20.63,12781.6,12.78,1.23,131.88,7.91,90.91,28986.8461,14.538003838771592,22.93,1.8474599967431453,2.5254483761512363,0.03214005748628168,2.6010000000000004,0.04259210870133263,0.174115099745191,1.36
53.1,1582.5,1.77,16.17,1.73,IrO2,1.59,Pt/C,0.07,Nafion_115,141.07,20.22,25895.88,25.9,2.8,275.55,16.53,83.55,84030.75,11.217835117317644,14.440000000000001,2.7040050241757143,6.97675568743818,0.052730696798493404,1.1319000000000001,0.03333333333333333,0.17412322274881517,1.6600000000000001
70.76,3892.44,2.2,24.76,2.1,IrRuOx,0.74,Pt/C,0.15,Nafion_212,49.69,16.98,37811.7,37.81,8.56,677.75,40.67,67.27,275429.0544,78.33447373717046,22.66,1.5015454942996151,2.926383981154299,0.12097230073487845,3.714,0.031091011871113624,0.17411957538202258,0.89
32.59,3594.62,2.32,5.61,2.23,IrO2,1.0,Pt/C,0.19,Nafion_115,128.97,18.21,36072.34,36.07,8.33,625.9,37.55,63.88,117148.6658,27.871753120880825,3.3800000000000003,1.3852768342627433,7.082372322899506,0.25559987726296407,1.0659,0.07118748082233813,0.17412132575905104,1.19
69.9,775.89,1.57,14.04,3.47,IrO2,1.15,Pt/C,0.15,Nafion_212,47.79,16.12,9497.49,9.5,1.22,135.1,8.11,94.41,54234.711,16.235404896421844,10.569999999999999,2.3135009554993906,2.964640198511166,0.017453505007153074,2.106,0.02246065808297568,0.1741226204745518,1.2999999999999998
51.41,1848.31,1.77,11.28,2.06,IrO2,1.11,Pt/C,0.19,Nafion_115,127.91,16.16,16966.4,16.97,3.27,321.83,19.31,83.74,95021.61709999999,14.450082088968806,9.219999999999999,1.8560675242904863,7.915222772277227,0.06360630227582183,2.1431999999999998,0.034429099397004476,0.17412122425350726,1.3
42.1,1881.77,1.68,19.18,1.92,Ir_black,3.18,Pt/C,0.1,Nafion_212,51.38,20.23,36322.45,36.32,3.15,327.65,19.66,88.32,79222.517,36.62456208641495,17.259999999999998,4.844680005339838,2.539792387543253,0.07482185273159145,1.9180000000000001,0.039904988123515436,0.17411798466337544,3.2800000000000002
66.53,3659.99,2.3,27.15,4.29,IrRuOx,1.28,Pt/C,0.06,Nafion_212,50.58,21.51,69430.0,69.43,8.42,637.28,38.24,64.35,243499.1347,72.3604191379992,22.86,2.489694663685192,2.3514644351464433,0.12655944686607545,1.6289999999999998,0.034570870284082365,0.17412069431883695,1.34
64.45,691.18,1.5,11.21,1.19,IrRuOx,1.74,Pt/C,0.17,Nafion_115,121.9,22.72,7924.68,7.92,1.04,120.35,7.22,98.67,44546.551,5.670057424118129,10.020000000000001,3.314759636700775,5.365316901408451,0.016136539953452288,1.9057000000000002,0.023273855702094646,0.17412251511907173,1.91
71.79,1328.84,1.56,17.73,4.84,IrRuOx,0.9,Pt/C,0.09,Nafion_117,181.03,19.96,27966.3,27.97,2.08,231.38,13.88,94.78,95397.42360000001,7.340440810915317,12.89,1.8451110849816708,9.069639278557114,0.028973394623206573,1.5957,0.02173004596740493,0.17412179043376178,0.99
67.65,4391.77,2.4,9.97,3.03,IrO2,1.33,Pt/C,0.15,Nafion_117,187.31,16.77,51661.22,51.66,10.56,764.7,45.88,61.57,297103.2405000001,23.44653248625274,6.940000000000001,2.6160850439811907,11.169350029815147,0.15609756097560976,1.4955,0.035476718403547665,0.17412114022364558,1.48
69.59,1678.31,1.85,16.25,3.57,IrO2,2.13,Pt/C,0.08,Nafion_117,182.24,15.85,22901.81,22.9,3.1,292.23,17.53,80.07,116793.5929,9.209339332748025,12.68,4.271743166807747,11.497791798107256,0.04454663026296882,1.3,0.02658427935048139,0.17412158659604007,2.21
51.42,3563.92,2.25,14.72,2.09,IrRuOx,0.79,Pt/C,0.05,Nafion_117,184.81,21.13,46481.13,46.48,8.01,620.55,37.23,65.85,183256.76640000002,19.284237865916346,12.63,1.3211170998699224,8.746332229058211,0.15577596266044338,0.7360000000000001,0.043757292882147025,0.17412007003524207,0.8400000000000001
45.96,1907.44,1.83,26.51,1.24,IrO2,1.37,Pt/C,0.28,Nafion_117,178.81,19.68,27480.43,27.48,3.49,332.12,19.93,80.83,87665.9424,10.66741233711761,25.270000000000003,2.1693134604900255,9.085873983739837,0.07593559617058313,7.422800000000001,0.03981723237597911,0.1741181898251059,1.6500000000000001
68.1,1303.25,1.67,16.95,3.23,IrO2,1.26,Pt/C,0.06,Nafion_115,130.75,19.9,17086.65,17.09,2.18,226.92,13.62,88.55,88751.325,9.967495219885278,13.719999999999999,2.4895742725105636,6.57035175879397,0.032011747430249635,1.017,0.024522760646108664,0.17411854977939764,1.32
69.69,1925.23,1.83,12.91,3.59,IrO2,1.07,Pt/C,0.27,Nafion_115,128.4,20.9,30290.08,30.29,3.52,335.22,20.11,81.06,134169.2787,14.994003115264796,9.32,2.1480461219799785,6.14354066985646,0.050509398765963553,3.4857000000000005,0.026259147653895826,0.17411945585722227,1.34
77.71,3927.07,2.27,7.81,3.24,IrO2,1.3,Pt/C,0.26,Nafion_115,122.25,20.39,58089.25,58.09,8.93,683.78,41.03,65.1,305172.6097,32.12327198364008,4.569999999999999,2.827701708205707,5.995586071603727,0.11491442542787286,2.0306,0.029211169733625017,0.17411963626826105,1.56
56.96,4784.98,2.47,8.84,1.76,Ir_black,1.94,Pt/C,0.18,Nafion_115,128.59,21.3,124398.37,124.4,11.81,833.16,49.99,59.98,272552.4608,37.21113616922,7.08,3.429066178947992,6.037089201877934,0.20733848314606743,1.5912,0.043363764044943826,0.17411985003072114,2.12
55.34,4597.39,2.42,10.56,3.28,IrO2,1.89,Pt/C,0.15,Nafion_117,175.04,15.08,45337.13,45.34,11.11,800.5,48.03,61.23,254419.56260000003,26.26479661791591,7.280000000000001,3.2870050435420524,11.607427055702917,0.20075894470545716,1.584,0.043729671123960964,0.17412053360711185,2.04
68.84,2472.78,1.91,11.09,3.33,IrRuOx,0.46,Pt/C,0.13,Nafion_117,176.84,20.67,28597.54,28.6,4.72,430.56,25.83,77.62,170226.17520000003,13.983148608912012,7.76,0.9156429439332276,8.555394291243347,0.06856478791400349,1.4417,0.02774549680418361,0.17411981656273504,0.5900000000000001
54.04,3640.67,2.16,21.94,2.98,IrO2,1.23,Pt/C,0.2,Nafion_117,180.95,21.44,35609.11,35.61,7.85,633.91,38.03,68.66,196741.8068,20.119756838905776,18.96,2.111532884741162,8.439832089552239,0.14526276831976315,4.388000000000001,0.039970392301998524,0.17411904951561114,1.43
73.83,1783.98,1.73,16.18,3.32,Ir_black,2.65,Pt/C,0.08,Nafion_115,128.49,17.69,31222.48,31.22,3.09,310.63,18.64,85.43,131711.2434,13.884193322437543,12.86,5.544794945232281,7.263425664217071,0.04185290532303941,1.2944,0.02343220912908032,0.17412190719626902,2.73
71.18,2097.66,1.74,15.6,3.64,IrO2,1.11,Pt/C,0.11,Nafion_117,174.05,20.02,20609.37,20.61,3.64,365.24,21.91,85.22,149311.4388,12.052054007469117,11.959999999999999,2.261797871351253,8.693806193806195,0.05113796010115201,1.716,0.02444506883956167,0.17411782653051497,1.2200000000000002
57.58,5122.61,2.5,7.83,2.85,IrO2,1.43,Pt/C,0.14,Nafion_117,185.27,17.92,107847.5,107.85,12.81,891.95,53.52,59.2,294959.88379999995,27.64943056080315,4.98,2.5433305042416943,10.338727678571429,0.22247308093087878,1.0962,0.04341785342132685,0.17412022387025367,1.5699999999999998
68.11,598.93,1.5,22.2,1.6,IrRuOx,1.46,Pt/C,0.1,Nafion_115,129.86,22.64,9589.97,9.59,0.9,104.29,6.26,98.67,40793.122299999995,4.612120745418141,20.599999999999998,2.8850332808600854,5.735865724381626,0.013213918660989575,2.22,0.02202319776831596,0.17412719349506622,1.56
68.21,1223.05,1.57,19.02,2.52,IrRuOx,0.61,Pt/C,0.1,Nafion_212,47.89,14.6,19811.11,19.81,1.92,212.96,12.78,94.39,83424.24049999999,25.538734600125284,16.5,1.206596610859255,3.28013698630137,0.028148365342325173,1.9020000000000001,0.023017152910130484,0.17412207186950657,0.71
40.98,1795.16,1.79,6.24,1.56,IrO2,0.95,Pt/C,0.09,Nafion_117,172.31,19.68,29866.46,29.87,3.21,312.57,18.75,82.64,73565.6568,10.418199756253264,4.68,1.4311906291056686,8.75558943089431,0.07833089311859444,0.5616,0.04367984382625671,0.1741181844515252,1.04
72.68,769.87,1.58,18.73,2.33,IrO2,1.61,Pt/C,0.13,Nafion_115,126.28,16.58,9241.49,9.24,1.22,134.05,8.04,93.43,55954.151600000005,6.096531517263225,16.4,3.330206050137995,7.616405307599519,0.01678591084204733,2.4349000000000003,0.021739130434782608,0.17412030602569267,1.7400000000000002
60.36,1690.22,1.78,15.91,2.33,IrO2,1.37,Pt/C,0.2,Nafion_115,124.77,20.44,20930.95,20.93,3.02,294.3,17.66,82.95,102021.6792,13.54668590205979,13.58,2.505305641929119,6.104207436399217,0.050033134526176276,3.1820000000000004,0.029489728296885356,0.1741193454106566,1.57
70.23,3234.82,2.01,6.76,1.51,IrO2,1.72,Pt/C,0.07,Nafion_212,50.34,16.68,44762.74,44.76,6.49,563.25,33.79,73.81,227181.40860000002,64.25943583631307,5.25,3.4716302309542955,3.0179856115107917,0.09241065071906593,0.4732,0.02862024775736864,0.17412097118232234,1.79
53.14,2564.74,1.9,14.64,2.2,IrO2,2.14,Pt/C,0.23,Nafion_212,48.91,17.26,43748.91,43.75,4.87,446.57,26.79,78.01,136290.2836,52.43794725005112,12.440000000000001,3.640808706304473,2.833719582850521,0.0916447120812947,3.3672000000000004,0.03575461046292811,0.17411901401311636,2.37
72.42,5089.72,2.5,15.03,1.67,IrO2,1.09,Pt/C,0.15,Nafion_117,169.96,19.17,63877.49,63.88,12.72,886.22,53.17,59.2,368597.5224,29.94657566486232,13.36,2.2487571734304983,8.865936358894105,0.1756420878210439,2.2544999999999997,0.03452085059375863,0.17411959793466045,1.24
56.04,4508.63,2.34,9.2,3.48,IrO2,1.75,Pt/C,0.19,Nafion_117,178.06,22.06,50175.63,50.18,10.56,785.04,47.1,63.2,252663.6252,25.320846905537458,5.719999999999999,3.064902591395217,8.071622846781505,0.18843683083511778,1.7479999999999998,0.041755888650963593,0.17411941099624498,1.94
30.18,2269.44,1.89,25.14,4.21,IrO2,1.64,Pt/C,0.13,Nafion_212,49.08,17.04,56784.31,56.78,4.29,395.16,23.71,78.28,68491.6992,46.239608801955995,20.93,2.217756816082241,2.880281690140845,0.14214711729622267,3.2682,0.06262425447316103,0.17412225042301185,1.77
72.79,1981.95,1.82,21.92,1.54,IrRuOx,0.59,Pt/C,0.18,Nafion_115,130.17,16.33,17426.18,17.43,3.61,345.1,20.71,81.29,144266.1405,15.225858492740265,20.380000000000003,1.2217292313422292,7.971218616044091,0.049594724550075554,3.9456,0.025003434537711224,0.17412144605060673,0.77
40.03,2407.57,1.88,18.0,4.27,Ir_black,2.31,Pt/C,0.04,Nafion_115,123.51,20.74,49046.55,49.05,4.51,419.21,25.15,78.92,96375.0271,19.492915553396486,13.73,3.447149041157486,5.955159112825458,0.11266550087434424,0.72,0.04696477641768673,0.1741216247087312,2.35
53.11,3267.71,2.11,14.7,2.61,IrRuOx,0.74,Pt/C,0.19,Nafion_115,135.39,19.21,65661.7,65.66,6.91,568.98,34.14,70.02,173548.0781,24.135534382155257,12.09,1.2585936001679052,7.047891723060904,0.130107324421013,2.7929999999999997,0.039728864620598756,0.174121938605323,0.9299999999999999
74.76,2011.43,1.73,13.93,2.1,IrO2,1.61,Pt/C,0.04,Nafion_115,117.44,22.03,27359.3,27.36,3.48,350.23,21.01,85.49,150374.5068,17.127299046321525,11.83,3.400199746939717,5.330912392192465,0.046548956661316206,0.5572,0.02314071696094168,0.17411990474438585,1.6500000000000001
74.79,3425.24,2.09,17.68,1.55,IrO2,0.95,Pt/C,0.21,Nafion_212,53.93,16.36,39247.7,39.25,7.17,596.4,35.78,70.71,256173.6996,63.512701650287404,16.13,2.006931032232102,3.2964547677261615,0.0958684316085038,3.7127999999999997,0.027944912421446713,0.17411918580887764,1.16
62.67,2518.93,1.94,15.94,2.55,Ir_black,2.08,Pt/C,0.28,Nafion_212,49.33,20.05,29269.98,29.27,4.89,438.6,26.32,76.18,157861.3431,51.062842083924586,13.39,3.8925633275478524,2.460349127182045,0.07802776448061273,4.4632000000000005,0.030955800223392373,0.17412155161120002,2.3600000000000003
64.54,3097.39,1.98,6.03,3.43,IrO2,1.38,Pt/C,0.08,Nafion_212,52.58,17.23,57479.86,57.48,6.13,539.32,32.36,74.82,199905.55060000002,58.90813997717763,2.6,2.6313144156844386,3.0516540917005224,0.09497985745274247,0.48240000000000005,0.03067864889990703,0.17412079202166988,1.46
58.32,2621.45,1.98,15.44,3.13,IrO2,2.18,Pt/C,0.07,Nafion_117,180.4,16.47,46509.62,46.51,5.18,456.45,27.39,74.87,152882.96399999998,14.53131929046563,12.309999999999999,3.906043139455693,10.953248330297512,0.08882030178326474,1.0808,0.033950617283950615,0.17412119246981633,2.25
51.94,2102.23,1.84,20.82,1.45,IrRuOx,0.45,Pt/C,0.17,Nafion_212,53.42,20.27,42036.7,42.04,3.87,366.04,21.96,80.41,109189.8262,39.352864095844254,19.37,0.756458431116075,2.635421805624075,0.07450904890257991,3.5394,0.03542549095109742,0.17411986319289519,0.62
53.52,5676.15,2.5,14.65,1.54,IrRuOx,0.88,Pt/C,0.07,Nafion_117,178.06,19.76,134518.31,134.52,14.19,988.33,59.3,59.2,303787.548,31.87773784117713,13.11,1.5028549941274354,9.011133603238866,0.265134529147982,1.0255,0.04671150971599402,0.1741197818944179,0.95
65.8,4164.97,2.31,5.59,2.32,IrRuOx,0.92,Pt/C,0.2,Nafion_117,174.51,20.72,76936.08,76.94,9.63,725.21,43.51,63.98,274055.026,23.86665520600539,3.27,1.7764524874003056,8.422297297297296,0.14635258358662614,1.118,0.035106382978723406,0.1741213021942535,1.12
68.15,1509.57,1.76,20.36,2.09,IrO2,1.98,Pt/C,0.05,Nafion_212,54.26,17.88,17782.13,17.78,2.65,262.85,15.77,84.22,102877.1955,27.821046811647623,18.27,3.914144725692891,3.034675615212528,0.038884812912692586,1.018,0.025825385179750547,0.17412243221579657,2.03
69.26,4885.27,2.47,10.04,1.96,IrO2,1.74,Pt/C,0.05,Nafion_117,179.43,18.87,63384.18,63.38,12.07,850.62,51.04,59.9,338353.80020000006,27.22660647606309,8.079999999999998,3.4780963325238066,9.508744038155802,0.1742708634132255,0.502,0.035662720184810856,0.17411934243143162,1.79
69.21,2825.39,1.97,11.25,2.06,Ir_black,2.38,Pt/C,0.26,Nafion_117,181.11,18.59,59831.15,59.83,5.56,491.96,29.52,75.16,195545.24189999996,15.600408591463749,9.19,4.755018029501252,9.742334588488436,0.0803352116746135,2.9250000000000003,0.028464094783990757,0.17412109478691437,2.6399999999999997
40.02,5106.53,2.5,9.18,3.46,IrO2,2.09,Pt/C,0.15,Nafion_117,186.17,23.16,64033.62,64.03,12.77,889.15,53.35,59.2,204363.33060000002,27.429392490734276,5.72,3.118537263156299,8.038428324697755,0.31909045477261366,1.377,0.0624687656171914,0.17412019512271543,2.2399999999999998
59.98,4391.38,2.39,12.58,4.08,IrRuOx,1.45,Pt/C,0.2,Nafion_212,46.9,17.74,45051.48,45.05,10.48,764.63,45.88,62.0,263394.97239999997,93.63283582089552,8.5,2.6415438989520474,2.643742953776776,0.1747249083027676,2.516,0.03984661553851284,0.1741206636638141,1.65
36.94,2579.28,1.97,19.71,2.33,IrRuOx,0.78,Pt/C,0.08,Nafion_115,129.98,17.76,48101.26,48.1,5.08,449.11,26.95,75.17,95278.6032,19.843668256654873,17.380000000000003,1.1285556628590243,7.318693693693692,0.13752030319436925,1.5768000000000002,0.05332972387655658,0.17412223566266555,0.86
61.88,724.43,1.52,15.54,3.94,IrRuOx,1.0,Pt/C,0.15,Nafion_115,124.05,18.22,10676.47,10.68,1.1,126.14,7.57,97.58,44827.7284,5.839822652156388,11.6,1.8566986660891058,6.808452250274424,0.01777634130575307,2.331,0.02456367162249515,0.17412310368151512,1.15
58.06,2013.52,1.78,10.12,2.15,IrO2,2.23,Pt/C,0.13,Nafion_117,179.34,19.59,46588.72,46.59,3.58,350.59,21.04,83.15,116904.9712,11.22738931638229,7.969999999999999,3.9852561370522377,9.154670750382849,0.061660351360661385,1.3155999999999999,0.030657940062004823,0.17411796257300646,2.36
72.14,3052.29,2.01,22.71,2.49,IrO2,2.8,Pt/C,0.13,Nafion_212,50.22,17.41,54481.15,54.48,6.13,531.47,31.89,73.75,220192.2006,60.77837514934289,20.22,5.760472007985031,2.884549109707065,0.08497366232326033,2.9523,0.027862489603548653,0.1741217249999181,2.9299999999999997
54.47,3469.88,2.08,22.76,1.95,IrRuOx,1.51,Pt/C,0.15,Nafion_212,45.5,22.07,36917.93,36.92,7.23,604.18,36.25,71.04,189004.3636,76.2610989010989,20.810000000000002,2.6033775269666224,2.061622111463525,0.1327336148338535,3.414,0.03818615751789976,0.1741212952609312,1.66
42.02,1976.67,1.91,22.5,2.92,Ir_black,1.96,Pt/C,0.13,Nafion_117,176.11,17.52,47579.44,47.58,3.78,344.18,20.65,77.48,83059.67340000001,11.224064505138832,19.58,2.9836413176071956,10.051940639269407,0.08995716325559257,2.9250000000000003,0.04545454545454545,0.1741211228986123,2.09
43.81,1506.03,1.65,10.85,4.5,Ir_black,1.7,Pt/C,0.1,Nafion_115,133.76,21.86,19815.39,19.82,2.49,262.23,15.73,89.68,65979.1743,11.25919557416268,6.35,2.634591788619507,6.1189387008234215,0.05683633873544853,1.085,0.03766263410180324,0.1741200374494532,1.8
68.41,4630.96,2.37,14.54,2.82,IrO2,1.62,Pt/C,0.08,Nafion_117,184.43,15.82,64984.25,64.98,10.98,806.34,48.38,62.39,316803.97359999997,25.109580870791085,11.719999999999999,3.2108193353963093,11.65802781289507,0.160502850460459,1.1632,0.03464405788627394,0.1741194050477655,1.7000000000000002
64.12,6271.77,2.5,27.44,2.22,IrO2,2.02,Pt/C,0.17,Nafion_212,49.81,20.11,92413.54,92.41,15.68,1092.04,65.52,59.2,402145.89240000007,125.91387271632203,25.220000000000002,3.8354912051928554,2.47687717553456,0.2445414847161572,4.6648000000000005,0.03898939488459139,0.17411990554500562,2.19
40.82,2984.21,2.1,20.04,2.94,Ir_black,2.12,Pt/C,0.07,Nafion_115,128.22,21.98,29061.42,29.06,6.27,519.61,31.18,70.47,121815.4522,23.274138199968803,17.099999999999998,3.1887088596826483,5.833484986351229,0.15360117589416952,1.4028,0.0514453699167075,0.17411978379537632,2.19
39.43,1649.6,1.74,4.32,1.7,IrRuOx,0.94,Pt/C,0.15,Nafion_212,49.12,16.6,26103.69,26.1,2.86,287.23,17.23,85.29,65043.727999999996,33.583061889250814,2.62,1.3943447564419604,2.9590361445783127,0.0725336038549328,0.648,0.044128835911742326,0.17412099903006792,1.0899999999999999
66.65,2025.91,1.87,6.15,3.84,Ir_black,2.72,Pt/C,0.07,Nafion_117,186.78,22.82,22793.73,22.79,3.79,352.75,21.17,79.07,135026.9015,10.846503908341365,2.3100000000000005,5.296953692480417,8.184925503943909,0.0568642160540135,0.43050000000000005,0.02805701425356339,0.17411928466713722,2.79
38.42,674.45,1.5,14.72,2.56,IrO2,1.45,Pt/C,0.14,Nafion_212,49.4,18.91,9928.27,9.93,1.01,117.44,7.05,98.67,25912.369000000002,13.652834008097168,12.16,2.129236695196029,2.612374405076679,0.026288391462779802,2.0608000000000004,0.039042165538781884,0.1741270664986285,1.5899999999999999
70.1,5293.0,2.5,23.72,2.43,IrRuOx,1.45,Pt/C,0.17,Nafion_212,50.7,22.45,75030.23,75.03,13.23,921.62,55.3,59.2,371039.3,104.39842209072978,21.29,2.9228628277155146,2.2583518930957687,0.18873038516405138,4.0324,0.03566333808844508,0.17412053655771775,1.6199999999999999
66.81,1400.53,1.62,15.83,2.77,IrRuOx,0.87,Pt/C,0.07,Nafion_115,132.73,20.23,27753.18,27.75,2.27,243.86,14.63,91.16,93569.4093,10.551721539968357,13.06,1.696959181556159,6.5610479485912006,0.033976949558449335,1.1081,0.024247867085765606,0.17411979750523018,0.94
39.19,3205.47,2.22,15.22,2.88,IrRuOx,0.8,Pt/C,0.05,Nafion_212,47.67,17.82,65330.67,65.33,7.1,558.14,33.49,66.81,125622.36929999999,67.2429200755192,12.34,1.183831780024472,2.675084175084175,0.1811686654758867,0.7610000000000001,0.05664710385302374,0.1741211117246457,0.8500000000000001
39.49,2031.89,1.78,7.54,1.54,IrO2,1.57,Pt/C,0.06,Nafion_117,187.79,16.81,23858.43,23.86,3.61,353.79,21.23,83.22,80239.33610000001,10.820011715213804,6.0,2.3302501430798883,11.171326591314694,0.09141554824006076,0.45239999999999997,0.045074702456318054,0.17411867768432346,1.6300000000000001
77.29,3106.68,2.06,17.78,3.05,IrO2,2.06,Pt/C,0.14,Nafion_117,172.35,17.84,44564.84,44.56,6.41,540.94,32.46,71.75,240115.2972,18.025413402959096,14.73,4.4620396530383,9.660874439461884,0.08293440289817569,2.4892000000000003,0.026652865829990942,0.17412157029368974,2.2
55.44,3557.37,2.2,21.2,1.98,IrRuOx,0.57,Pt/C,0.2,Nafion_115,135.15,15.68,51291.12,51.29,7.84,619.41,37.16,67.14,197220.59279999998,26.321642619311874,19.22,0.9923107961918358,8.619260204081634,0.1414141414141414,4.24,0.03968253968253969,0.17412020678197657,0.77
55.29,4594.01,2.43,13.43,3.15,IrO2,1.2,Pt/C,0.04,Nafion_212,48.88,16.33,53800.08,53.8,11.17,799.91,47.99,60.85,254002.81290000002,93.98547463175123,10.28,2.085944096398375,2.993263931414575,0.20202568276361005,0.5372,0.043950081389039615,0.17412021306004993,1.24
69.85,1789.53,1.74,20.12,3.54,IrO2,2.57,Pt/C,0.16,Nafion_115,125.79,15.84,36310.26,36.31,3.12,311.59,18.7,84.94,124998.6705,14.226329596947291,16.580000000000002,5.167587260864301,7.941287878787879,0.04466714387974231,3.2192000000000003,0.024910522548317826,0.17411834392270595,2.73
74.61,566.86,1.5,26.07,3.47,Ir_black,1.66,Pt/C,0.09,Nafion_117,170.55,18.71,10606.81,10.61,0.85,98.7,5.92,98.67,42293.4246,3.323717384931105,22.6,3.5005412604033106,9.115446285408872,0.011392574721887146,2.3463,0.02010454362685967,0.17411706594220797,1.75
77.23,1494.4,1.68,10.1,2.68,IrO2,1.73,Pt/C,0.11,Nafion_115,124.73,21.0,18355.76,18.36,2.51,260.21,15.61,88.16,115412.51200000002,11.981079130922794,7.42,3.744999219319271,5.93952380952381,0.032500323708403465,1.111,0.021753204713194352,0.17412339400428264,1.84
68.18,5156.26,2.5,15.6,2.6,IrRuOx,1.05,Pt/C,0.23,Nafion_117,174.8,16.3,73975.29,73.98,12.89,897.81,53.87,59.2,351553.8068000001,29.498054919908466,13.0,2.0763056073373547,10.723926380368098,0.18905837488999705,3.588,0.03666764447051921,0.17412038958469897,1.28
55.52,4929.31,2.5,11.8,1.76,IrO2,1.62,Pt/C,0.09,Nafion_115,123.96,16.17,53913.75,53.91,12.32,858.29,51.5,59.2,273675.29120000004,39.765327525008075,10.040000000000001,2.8225088406557197,7.666048237476808,0.22190201729106626,1.062,0.04502881844380403,0.17411970438053193,1.7100000000000002
39.38,3300.28,2.24,20.51,3.36,IrRuOx,1.12,Pt/C,0.11,Nafion_115,126.31,20.04,57869.45,57.87,7.39,574.65,34.48,66.07,129965.02640000002,26.12841421898504,17.150000000000002,1.6605164780075785,6.302894211576847,0.1876587100050787,2.2561,0.056881665820213305,0.17412158968329958,1.2300000000000002
68.86,3314.57,2.08,16.44,2.04,Ir_black,1.76,Pt/C,0.03,Nafion_212,52.87,16.9,37180.73,37.18,6.88,577.13,34.63,71.3,228241.29020000002,62.692831473425386,14.400000000000002,3.5040302605902727,3.1284023668639054,0.09991286668602962,0.4932,0.03020621550972989,0.17411911650681686,1.79
62.18,3625.28,2.11,17.39,2.54,IrO2,1.7,Pt/C,0.05,Nafion_117,181.04,15.74,94080.5,94.08,7.66,631.23,37.87,70.04,225419.91040000002,20.024745912505526,14.850000000000001,3.165871113507734,11.501905972045742,0.12319073657124478,0.8695,0.03393374075265358,0.17411896460411333,1.75
57.4,1665.11,1.73,20.62,2.07,IrO2,1.46,Pt/C,0.07,Nafion_115,128.54,16.58,33232.93,33.23,2.88,289.93,17.4,85.49,95577.314,12.954022094289716,18.55,2.592017255598159,7.752714113389627,0.050174216027874564,1.4434000000000002,0.030139372822299653,0.17412062866717515,1.53
72.82,5294.13,2.5,13.68,1.73,IrO2,1.87,Pt/C,0.04,Nafion_117,174.52,22.17,77306.39,77.31,13.24,921.82,55.31,59.2,385518.54659999994,30.335377034150813,11.95,3.873422297504318,7.871898962562021,0.18181818181818185,0.5472,0.03433122768470201,0.17412114927287392,1.9100000000000001
41.59,2554.58,1.92,23.92,2.89,IrO2,1.09,Pt/C,0.14,Nafion_117,175.6,21.2,43067.58,43.07,4.89,444.8,26.69,77.25,106244.9822,14.547722095671983,21.03,1.6521503737705159,8.283018867924529,0.11757634046645826,3.3488000000000007,0.046164943496032694,0.17411864181196127,1.23
59.92,2420.34,1.99,15.75,1.47,IrRuOx,1.04,Pt/C,0.1,Nafion_212,55.4,18.22,55380.2,55.38,4.81,421.43,25.29,74.42,145026.7728,43.688447653429606,14.28,1.8934881558036667,3.0406147091108675,0.08027369826435246,1.5750000000000002,0.033210947930574095,0.17412016493550492,1.1400000000000001
30.3,2955.65,2.14,9.01,3.26,Ir_black,1.68,Pt/C,0.12,Nafion_212,47.79,20.11,48888.33,48.89,6.34,514.64,30.88,69.05,89556.195,61.84662063193137,5.75,2.2745763002630444,2.376429636996519,0.20924092409240924,1.0812,0.07062706270627063,0.17412075178048822,1.7999999999999998
59.06,958.2,1.54,18.5,2.14,IrO2,1.33,Pt/C,0.06,Nafion_117,188.28,19.43,11553.61,11.55,1.48,166.84,10.01,95.88,56591.292,5.0892288081580626,16.36,2.400744607195852,9.690169840452908,0.02505926176769387,1.1099999999999999,0.02607517778530308,0.17411813817574617,1.3900000000000001
36.8,1626.64,1.78,20.52,1.02,IrO2,1.24,Pt/C,0.08,Nafion_212,49.27,20.23,23547.77,23.55,2.89,283.23,16.99,83.34,59860.352,33.014816318246396,19.5,1.7916041283276103,2.435491843796342,0.07853260869565218,1.6416,0.04836956521739131,0.17411965769930654,1.32
42.15,4015.56,2.37,12.34,2.58,IrO2,1.18,Pt/C,0.15,Nafion_212,50.01,20.26,85116.96,85.12,9.53,699.19,41.95,62.37,169255.854,80.29514097180564,9.76,1.7986105289979788,2.4684106614017765,0.22609727164887305,1.851,0.05622775800711744,0.17412017252886275,1.3299999999999998
42.06,1206.71,1.63,22.12,1.43,IrRuOx,1.39,Pt/C,0.25,Nafion_212,53.21,19.96,21433.65,21.43,1.96,210.11,12.61,90.99,50754.2226,22.678255966923512,20.69,2.1167962591182383,2.6658316633266534,0.0466000951022349,5.53,0.03875416072277698,0.17411805653388138,1.64
65.08,3326.74,2.1,23.61,2.05,IrO2,1.35,Pt/C,0.04,Nafion_117,186.36,17.53,59402.59,59.4,6.99,579.25,34.76,70.48,216504.23919999998,17.851148315089073,21.56,2.5880497309984474,10.630918425556189,0.10740626920712969,0.9444,0.0322679778733866,0.17411940818939864,1.3900000000000001
67.97,1932.94,1.76,11.6,3.12,IrRuOx,1.6,Pt/C,0.21,Nafion_212,49.67,14.73,42002.6,42.0,3.4,336.56,20.19,84.21,131381.9318,38.91564324541977,8.48,3.1572570523622314,3.372029871011541,0.05002206855965867,2.436,0.025893776666176253,0.17411818266474904,1.81
63.0,2443.25,1.86,27.32,1.5,IrRuOx,1.75,Pt/C,0.13,Nafion_117,178.06,18.92,54737.91,54.74,4.54,425.42,25.53,79.65,153924.75,13.721498371335505,25.82,3.2858185137126004,9.41120507399577,0.07206349206349207,3.5516,0.029523809523809525,0.1741205361710836,1.88
75.44,2082.23,1.78,8.56,3.61,IrRuOx,1.04,Pt/C,0.13,Nafion_117,179.72,21.81,48163.01,48.16,3.71,362.56,21.75,83.1,157083.4312,11.58596705987091,4.950000000000001,2.2113887529081673,8.240256762952775,0.049178154825026514,1.1128,0.0235949098621421,0.17412101448927353,1.17
55.46,2319.49,1.83,10.06,1.12,IrO2,1.1,Pt/C,0.11,Nafion_117,181.69,19.62,24882.92,24.88,4.24,403.87,24.23,81.01,128638.91539999998,12.766195167593152,8.940000000000001,1.9153687824885521,9.26044852191641,0.07645149657410746,1.1066,0.03299675441759827,0.17412017296905788,1.2100000000000002
51.59,3909.3,2.26,9.65,1.99,IrRuOx,0.84,Pt/C,0.05,Nafion_115,131.46,21.28,64164.85,64.16,8.83,680.69,40.84,65.51,201680.787,29.737562756732085,7.66,1.4071221817599522,6.177631578947368,0.17115720100794726,0.48250000000000004,0.04380693932932738,0.17412068656792776,0.89
71.5,2111.46,1.79,23.21,3.24,IrO2,2.13,Pt/C,0.05,Nafion_117,180.02,23.39,40654.62,40.65,3.77,367.65,22.06,82.88,150969.39,11.729030107765803,19.97,4.354117633210726,7.696451474989312,0.05272727272727273,1.1605,0.025034965034965037,0.17412122417663606,2.1799999999999997
48.52,3160.44,2.1,17.74,2.14,IrO2,1.46,Pt/C,0.13,Nafion_117,183.09,16.55,61739.01,61.74,6.64,550.3,33.02,70.47,153344.54880000002,17.26167458626905,15.599999999999998,2.3717698194442294,11.062839879154078,0.1368507831821929,2.3062,0.043281121187139324,0.17412132487881432,1.5899999999999999
75.5,2779.3,1.9,8.86,1.64,Ir_black,1.47,Pt/C,0.09,Nafion_117,188.19,20.32,47906.8,47.91,5.27,483.93,29.04,78.06,209837.15000000002,14.768584940751369,7.22,3.127588939332288,9.261318897637794,0.06980132450331125,0.7973999999999999,0.025165562913907282,0.17411938257834705,1.56
30.48,3618.41,2.23,14.37,2.23,IrRuOx,1.02,Pt/C,0.22,Nafion_212,51.14,20.21,43220.22,43.22,8.06,630.04,37.8,66.42,110289.1368,70.75498631208447,12.139999999999999,1.3834807792390404,2.5304304799604154,0.26443569553805774,3.1614,0.07316272965879266,0.17412067731406888,1.24
75.93,5534.47,2.5,17.06,2.04,IrO2,2.24,Pt/C,0.1,Nafion_212,50.93,23.06,112187.68,112.19,13.84,963.66,57.82,59.2,420232.30710000003,108.6681720007854,15.02,4.78638709001136,2.20858629661752,0.18227314631897798,1.706,0.03292506255761886,0.1741196537337812,2.3400000000000003
35.34,3984.61,2.19,6.82,3.63,IrO2,2.13,Pt/C,0.06,Nafion_117,172.41,23.2,75379.73,75.38,8.73,693.8,41.63,67.54,140816.11740000002,23.111246447421845,3.1900000000000004,3.032908256215746,7.43146551724138,0.2470288624787776,0.4092,0.061969439728353136,0.17411992641688898,2.19
72.26,1822.0,1.78,22.85,2.13,IrO2,1.16,Pt/C,0.16,Nafion_212,42.11,20.29,19226.04,19.23,3.23,317.25,19.03,83.36,131657.72,43.267632391355974,20.720000000000002,2.389346756917503,2.075406604238541,0.04469969554386936,3.656,0.024633268751729862,0.17412184412733261,1.3199999999999998
61.14,817.8,1.6,20.76,3.41,IrO2,1.89,Pt/C,0.08,Nafion_212,51.17,17.33,12623.21,12.62,1.31,142.4,8.54,92.6,50000.292,15.982020715262848,17.35,3.4832885356168597,2.9526832083092907,0.021426234870788357,1.6608,0.026169447170428527,0.17412570310589387,1.97
78.03,1991.68,1.73,15.33,3.86,IrO2,1.24,Pt/C,0.12,Nafion_212,49.72,21.02,23999.9,24.0,3.44,346.79,20.81,85.57,155410.7904,40.05792437650845,11.47,2.7058372386388605,2.3653663177925783,0.04408560809944893,1.8396,0.02217095988722286,0.17411933643958868,1.3599999999999999
38.51,3289.56,2.21,26.22,2.39,IrO2,1.24,Pt/C,0.16,Nafion_117,177.43,15.87,46170.2,46.17,7.28,572.78,34.37,66.92,126680.95559999999,18.540043960998702,23.83,1.8225039998747903,11.180214240705736,0.18904180732277331,4.1952,0.05738769150869904,0.17412055107673974,1.4
62.02,993.38,1.6,14.02,3.96,IrO2,2.31,Pt/C,0.22,Nafion_115,128.22,20.89,8568.17,8.57,1.59,172.97,10.38,92.65,61609.4276,7.7474652940258935,10.059999999999999,4.294982687308585,6.137865007180469,0.02563689132537891,3.0844,0.025798129635601418,0.17412269222251303,2.5300000000000002
75.89,2861.94,1.96,27.37,2.27,IrRuOx,0.72,Pt/C,0.18,Nafion_212,49.82,22.01,42109.07,42.11,5.6,498.32,29.9,75.62,217192.62660000002,57.44560417503011,25.1,1.5378662950827657,2.2635165833711945,0.07379101330873632,4.9266,0.025826854658057716,0.17411965310244099,0.8999999999999999
60.98,3297.66,2.1,17.98,4.34,IrRuOx,0.73,Pt/C,0.15,Nafion_115,132.64,18.43,54367.17,54.37,6.94,574.19,34.45,70.32,201091.3068,24.861731001206273,13.64,1.3432462449948803,7.196961475854584,0.11380780583797968,2.697,0.03443752049852411,0.1741204369158737,0.88
64.47,2242.3,1.89,17.39,1.6,IrRuOx,0.23,Pt/C,0.15,Nafion_117,180.43,19.97,39047.95,39.05,4.24,390.43,23.43,78.34,144561.081,12.427534223798704,15.790000000000001,0.43824552335251565,9.035052578868303,0.06576702342174655,2.6085,0.029315960912052116,0.1741203228827543,0.38
66.5,4209.12,2.32,9.21,3.06,IrO2,2.3,Pt/C,0.24,Nafion_115,123.27,18.76,75944.78,75.94,9.75,732.89,43.97,63.92,279906.48,34.14553419323436,6.15,4.4723281990747115,6.570895522388059,0.14661654135338345,2.2104,0.03488721804511278,0.17411953092332838,2.54
58.54,1342.26,1.69,22.83,2.54,Ir_black,2.62,Pt/C,0.08,Nafion_115,131.95,18.81,28254.72,28.25,2.26,233.72,14.02,87.72,78575.9004,10.172489579386133,20.29,4.704757909209769,7.014885699096225,0.03860608131192347,1.8263999999999998,0.028869149299624187,0.17412423822508308,2.7
64.41,1159.0,1.57,14.17,2.29,IrRuOx,1.1,Pt/C,0.03,Nafion_115,125.91,17.89,14627.19,14.63,1.82,201.81,12.11,94.5,74651.19,9.20498768961957,11.879999999999999,2.09469965390268,7.0380100614868635,0.028256481912746472,0.4251,0.024375097034621956,0.17412424503882656,1.1300000000000001
63.03,3960.0,2.27,9.12,2.9,IrRuOx,1.27,Pt/C,0.08,Nafion_117,182.63,20.76,44359.43,44.36,8.97,689.52,41.37,65.31,249598.80000000002,21.683184580846522,6.219999999999999,2.3852809126125916,8.797206165703274,0.14231318419800096,0.7295999999999999,0.036014596224020305,0.17412121212121212,1.35
72.63,2858.35,1.92,3.26,3.11,IrRuOx,0.61,Pt/C,0.07,Nafion_117,177.61,22.32,61113.79,61.11,5.5,497.7,29.86,76.92,207601.9605,16.09340690276448,0.1499999999999999,1.2611243674688073,7.957437275985663,0.07572628390472257,0.22820000000000001,0.02643535729037588,0.17412143369426417,0.6799999999999999
35.61,3745.11,2.23,16.16,1.13,Ir_black,2.07,Pt/C,0.15,Nafion_212,48.05,22.39,44159.45,44.16,8.35,652.1,39.13,66.36,133363.3671,77.94193548387098,15.030000000000001,2.9554431544448803,2.1460473425636444,0.23448469531030608,2.424,0.06262285874754282,0.17412038631709081,2.2199999999999998
51.37,2616.41,1.92,15.66,1.82,IrRuOx,0.82,Pt/C,0.14,Nafion_212,50.25,16.67,66093.5,66.09,5.01,455.57,27.33,77.28,134404.98169999997,52.06786069651741,13.84,1.370600631992818,3.0143971205758846,0.09752773992602687,2.1924,0.03737590033093245,0.17412026402589809,0.96
74.78,1936.65,1.74,18.95,3.14,IrO2,0.98,Pt/C,0.13,Nafion_117,180.06,21.65,41025.37,41.03,3.38,337.21,20.23,84.87,144822.687,10.755581472842387,15.809999999999999,2.0701007812420373,8.316859122401848,0.045199251136667555,2.4635,0.02326825354372827,0.17412025921049232,1.1099999999999999
72.23,4519.98,2.44,23.09,3.0,IrRuOx,0.95,Pt/C,0.04,Nafion_212,51.44,20.6,71763.59,71.76,11.02,787.02,47.22,60.68,326478.1554,87.86897356143079,20.09,1.9562056529140228,2.4970873786407766,0.1525681849646961,0.9236,0.0337809774331995,0.17412023947008617,0.99
58.58,4388.51,2.42,6.68,4.36,IrRuOx,1.59,Pt/C,0.16,Nafion_117,178.66,17.41,112556.06,112.56,10.6,764.13,45.85,61.27,257078.91580000002,24.563472517631258,2.3199999999999994,2.8563198092361817,10.261918437679494,0.18094912939569818,1.0688,0.04131102765448959,0.17412060129747908,1.75
64.18,3778.15,2.25,19.19,3.31,IrRuOx,0.41,Pt/C,0.08,Nafion_115,117.82,15.28,40717.6,40.72,8.48,657.85,39.47,65.92,242481.66700000004,32.06713630962486,15.88,0.7789580238026829,7.710732984293194,0.1321283889062013,1.5352000000000001,0.03505765035836709,0.17411960880325028,0.49
51.2,2025.36,1.77,9.72,4.23,IrRuOx,0.76,Pt/C,0.15,Nafion_212,48.7,17.54,27679.82,27.68,3.58,352.66,21.16,83.62,103698.432,41.58850102669404,5.49,1.2681550837061468,2.7765108323831247,0.069921875,1.458,0.0345703125,0.17412213137417548,0.91
46.58,3267.42,2.1,22.15,3.11,IrO2,1.22,Pt/C,0.13,Nafion_212,52.38,22.03,57756.41,57.76,6.86,568.92,34.14,70.51,152196.4236,62.37915234822451,19.04,1.943811737978729,2.377666817975488,0.14727350794332333,2.8794999999999997,0.04508372692142551,0.17411902969315238,1.35
58.88,2338.79,1.95,21.13,2.1,IrO2,1.27,Pt/C,0.09,Nafion_212,49.11,19.98,33135.71,33.14,4.56,407.23,24.43,75.91,137707.9552,47.62349826919161,19.029999999999998,2.2883176581175904,2.457957957957958,0.07744565217391303,1.9017,0.03311820652173913,0.1741199509147893,1.36
54.57,1258.76,1.65,15.87,1.65,Ir_black,2.91,Pt/C,0.06,Nafion_117,178.77,20.5,29451.57,29.45,2.08,219.18,13.15,89.59,68690.5332,7.0412261565139564,14.219999999999999,5.0221246498368215,8.720487804878049,0.038116181051859994,0.9521999999999999,0.030236393622869707,0.1741237408243033,2.97
63.01,5323.3,2.5,18.77,3.38,IrRuOx,0.93,Pt/C,0.05,Nafion_212,52.96,17.45,53765.59,53.77,13.31,926.89,55.61,59.2,335421.133,100.5154833836858,15.39,1.746352465230891,3.034957020057307,0.21123631169655613,0.9385,0.03967624186637042,0.17411943719121598,0.9800000000000001
38.87,1494.09,1.73,12.3,2.93,IrRuOx,0.93,Pt/C,0.19,Nafion_117,176.44,20.49,24623.54,24.62,2.59,260.15,15.61,85.33,58075.27829999999,8.467977782815687,9.370000000000001,1.3718076287136105,8.611029770619815,0.06663236429122717,2.337,0.044507332132750196,0.17411936362601985,1.12
76.25,5699.26,2.5,14.83,1.44,IrO2,2.05,Pt/C,0.23,Nafion_212,45.37,14.47,97016.03,97.02,14.25,992.36,59.54,59.2,434568.575,125.6173683050474,13.39,4.394438627402976,3.135452660677263,0.18688524590163935,3.4109000000000003,0.03278688524590164,0.17412085077711842,2.28
77.25,2659.98,1.93,21.19,2.23,IrO2,1.12,Pt/C,0.14,Nafion_212,49.52,18.38,47574.16,47.57,5.13,463.16,27.79,76.72,205483.455,53.71526655896607,18.96,2.424993115234848,2.6942328618063116,0.06640776699029126,2.9666000000000006,0.024983818770226537,0.17412160993691683,1.2600000000000002
